day,slot_id,slot,pillar,title,hook,body,cta,tiktok_caption,reels_caption,youtube_caption
1,1,06:30 - Món chính sáng,Thực đơn chính,Cháo Dinh Dưỡng Ngày 1 Cho Bé,Sáng nay nấu gì cho con nhanh mà đủ 4 nhóm chất? Mẹ nấu ngay món cháo ngày 1 này nhé.,Bước 1: Nấu cháo trắng tỷ lệ phù hợp tháng tuổi. Bước 2: Thêm đạm tươi băm nhuyễn mịn. Bước 3: Cho rau củ thái nhỏ nấu chín mềm. Bước 4: Tắt bếp và thêm 5ml dầu ăn dặm.,Lưu lại thực đơn ngày hôm nay và theo dõi Ăn dặm mẹ Dâu để xem món tiếp theo!,"Gợi ý bữa sáng dinh dưỡng ngày 1 cho bé ăn dặm ngon miệng! 👉 Follow Ăn dặm mẹ Dâu ngay!
#andammeDau #andam #thucdonandam #monngonchobe #mevabe","Thực Đơn Bữa Sáng Ngày 1 Đủ 4 Nhóm Chất 🥣
Bữa sáng cung cấp năng lượng cho cả ngày hoạt động của bé. Mẹ tham khảo ngay công thức trong video nhé.
Follow @andammeDau để nhận thực đơn mỗi ngày!
#andammeDau #andam #nuoiconkhoahoc #chamsoccon","Món cháo dinh dưỡng bữa sáng ngày 1 cho bé | Ăn dặm mẹ Dâu #Shorts
#Shorts #andammeDau #andam"
1,2,08:30 - Check nhanh thực phẩm,Check thực phẩm 15s,Bé Mấy Tháng Ăn Được Món Này?,Bé mấy tháng thì bắt đầu ăn được nguyên liệu này? Xem ngay 15 giây để không cho con ăn sai thời điểm!,"Nguyên tắc: Rau củ ngọt từ 6 tháng, thịt đỏ từ 7 tháng, tôm cá từ 8 tháng, lòng trắng trứng sau 9 tháng, hải sản vỏ cứng sau 10 tháng và sữa tươi sau 1 tuổi.",Mẹ đang phân vân món nào hãy để lại bình luận phía dưới nhé. Follow Ăn dặm mẹ Dâu ngay!,"Check nhanh thời điểm ăn an toàn cho bé! Tránh cho con ăn quá sớm hại dạ dày nhé! 👉 Follow Ăn dặm mẹ Dâu!
#andammeDau #andam #checkthucpham #mebimthongthai #chamsoccon","Bé Mấy Tháng Ăn Được Món Này? Check Nhanh Cùng Mẹ Dâu ⏱️
Cho bé ăn đúng độ tuổi giúp phòng ngừa dị ứng và bảo vệ hệ tiêu hóa non nớt.
Follow @andammeDau để tra cứu thực phẩm mỗi ngày!
#andammeDau #andam #suckhoebe #nuoiconkhoahoc","Check nhanh độ tuổi ăn dặm an toàn cho bé | Ăn dặm mẹ Dâu #Shorts
#Shorts #andammeDau #checkthucpham"
1,3,10:30 - Kỹ năng tăng thô,Kỹ năng & Tăng thô,Mẹo Tăng Thô An Toàn Ngày 1,Bé lười nhai hay nôn trớ khi tăng thô? Mẹ áp dụng ngay kỹ thuật tập cơ hàm này.,Kỹ thuật 1: Giảm tỷ lệ nước trong cháo từ từ. Kỹ thuật 2: Hấp rau củ mềm dạng que cho bé tự cầm cắn bằng nướu. Kỹ thuật 3: Kiên nhẫn giới thiệu món mới ít nhất 5 đến 7 lần.,Tăng thô đúng cách giúp con phát triển ngôn ngữ và cơ hàm tốt hơn. Theo dõi Ăn dặm mẹ Dâu ngay!,"Mẹo tăng độ thô an toàn cho bé không lo nôn trớ! Tập nhai chuẩn khoa học! 👉 Follow Ăn dặm mẹ Dâu!
#andammeDau #andam #tangdotho #tapnhai #blwvietnam","Kỹ Thuật Tăng Thô Không Nôn Trớ Cho Bé Ăn Dặm 👶
Cửa sổ vàng tập nhai là 7-9 tháng, đừng xay nhuyễn quá lâu mẹ nhé.
Lưu lại và follow @andammeDau ngay!
#andammeDau #andam #chamsoccon #nuoiconkhoahoc","Mẹo tăng độ thô và tập nhai an toàn cho bé | Ăn dặm mẹ Dâu #Shorts
#Shorts #andammeDau #tangdotho"
1,4,12:00 - Giải mã lầm tưởng,Khoa học & Lầm tưởng,Giải Mã Lầm Tưởng Ăn Dặm #1,Những quan niệm truyền miệng sai lầm khi nấu ăn dặm đang làm hại sức khỏe của bé!,Sự thật y khoa: Không nêm mắm muối dưới 1 tuổi; Không ninh xương lấy nước thay thịt; Không rơ lưỡi bằng mật ong; Không ép ăn khi con đã quay đầu.,Nuôi con bằng tri thức và tình yêu thương mẹ nhé. Theo dõi Ăn dặm mẹ Dâu để cập nhật kiến thức chuẩn!,"Giải mã lầm tưởng kinh điển khi nuôi con ăn dặm! Mẹ bỉm thông thái nhất định phải biết! 👉 Follow Ăn dặm mẹ Dâu!
#andammeDau #andam #khoahocandam #lamtuongandam #mevabe","Sự Thật Y Khoa: Những Lầm Tưởng Khi Cho Bé Ăn Dặm 🚫
Hãy từ bỏ những thói quen truyền miệng thiếu khoa học để bảo vệ con yêu.
Follow @andammeDau ngay hôm nay!
#andammeDau #andam #nuoiconkhoahoc #mebimthongthai","Giải mã lầm tưởng tai hại khi cho bé ăn dặm | Ăn dặm mẹ Dâu #Shorts
#Shorts #andammeDau #khoahocandam"
1,5,14:30 - Bữa phụ & Bánh,Bữa phụ dinh dưỡng,Món Bánh Ăn Dặm Ngày 1,"Bữa phụ chiều thơm lừng cho bé mà không cần lò nướng, làm trong 10 phút!","Nguyên liệu: Chuối tiêu chín, yến mạch cán dẹt và lòng đỏ trứng gà. Cách làm: Xay mịn hỗn hợp, áp chảo lửa nhỏ 3 phút mỗi mặt cho bánh vàng ruộm mềm xốp.",Bánh ngọt tự nhiên bé cầm ăn cực thích. Bấm theo dõi Ăn dặm mẹ Dâu để xem thêm nhiều món bánh ngon!,"Công thức bánh ăn dặm thơm ngon cho bữa phụ chiều của bé! Siêu dễ làm tại nhà! 👉 Follow Ăn dặm mẹ Dâu!
#andammeDau #andam #banhandam #buaphuchobe #monngonchobe","Bánh Ăn Dặm Bữa Phụ Cho Bé Siêu Dễ Làm 🥞
Bữa phụ cách bữa chính 2 tiếng giúp bổ sung năng lượng mà không làm đầy bụng.
Lưu lại và follow @andammeDau ngay!
#andammeDau #andam #buaphu #chamsoccon","Cách làm bánh ăn dặm bữa phụ nhanh gọn cho bé | Ăn dặm mẹ Dâu #Shorts
#Shorts #andammeDau #banhandam"
1,6,16:30 - Tiêu hóa & Biếng ăn,Tiêu hóa SOS,Cứu Cánh Tiêu Hóa Cho Bé #1,"Bé bị táo bón, phân sống hoặc đột ngột biếng ăn? Mẹ xử lý ngay theo hướng dẫn này.","Bước 1: Bổ sung chất xơ hòa tan từ mồng tơi, khoai lang, thanh long đỏ. Bước 2: Massage bụng theo chiều kim đồng hồ 5 phút mỗi ngày. Bước 3: Cho uống đủ nước và duy trì cữ sữa chuẩn.",Hệ tiêu hóa khỏe thì con mới tăng cân đều đặn mẹ nhé. Theo dõi Ăn dặm mẹ Dâu ngay!,"Giải cứu bé bị táo bón, khó tiêu cực nhanh! Mẹo dân gian kết hợp khoa học! 👉 Follow Ăn dặm mẹ Dâu!
#andammeDau #andam #taobon #tieuhoakhoe #mevabe","Xử Lý Táo Bón Và Rối Loạn Tiêu Hóa Ở Trẻ Ăn Dặm 🚼
Đừng vội thụt tháo, hãy điều chỉnh từ chế độ ăn giàu chất xơ và massage bụng cho bé nhé.
Follow @andammeDau để xem chi tiết!
#andammeDau #andam #suckhoebe #chamsoccon","Mẹo trị táo bón và ổn định tiêu hóa cho bé ăn dặm | Ăn dặm mẹ Dâu #Shorts
#Shorts #andammeDau #taobon"
1,7,18:30 - Món chính tối,Thực đơn tối,Món Cháo Tối Ấm Bụng Ngày 1,"Bữa tối nhẹ nhàng, ấm bụng giúp bé no lâu và ngủ xuyên đêm không quấy khóc.","Gợi ý: Súp gà hạt sen bí đỏ sánh mịn hoặc cháo cá hồi cải bó xôi. Nấu chín nhừ, dễ tiêu hóa, không gây đầy bụng trước giờ đi ngủ.",Cho bé ăn tối trước giờ ngủ ít nhất 1.5 đến 2 tiếng mẹ nhé. Theo dõi Ăn dặm mẹ Dâu ngay!,"Thực đơn bữa tối ấm bụng giúp bé ngủ ngon sâu giấc cả đêm! 👉 Follow Ăn dặm mẹ Dâu!
#andammeDau #andam #thucdontoi #chaobochobe #mevabe","Món Cháo Tối Nhẹ Bụng Giúp Bé Ngủ Xuyên Đêm 🌙
Bữa tối không nên cho ăn quá no hoặc quá nhiều đạm khó tiêu. Mẹ tham khảo công thức trong video nhé.
Lưu lại và follow @andammeDau ngay!
#andammeDau #andam #monngonchobe #chamsoccon","Thực đơn cháo tối ấm bụng cho bé ngủ sâu giấc | Ăn dặm mẹ Dâu #Shorts
#Shorts #andammeDau #thucdonandam"
1,8,20:00 - Bổ sung Vi chất,Vi chất chuẩn RNI,Bổ Sung Vi Chất Đúng Liều #1,"Uống D3K2, Sắt, Canxi thế nào để hấp thu 100% mà không bị nóng trong hay táo bón?","Quy tắc: D3K2 uống buổi sáng cùng chất béo. Sắt uống lúc bụng đói cách xa cữ sữa. Canxi chỉ uống sáng hoặc trưa, không uống tối. Kẽm uống sau ăn 30 phút.",Đúng thời điểm và đúng liều lượng là chìa khóa phát triển chiều cao. Theo dõi Ăn dặm mẹ Dâu ngay!,"Thời điểm vàng bổ sung vi chất cho bé phát triển chiều cao vượt trội! 👉 Follow Ăn dặm mẹ Dâu!
#andammeDau #andam #d3k2 #bosungcanxi #vichatchobe","Thời Điểm Vàng Bổ Sung Vitamin D3K2, Sắt, Canxi Cho Bé 💊
Uống sai thời điểm không những không hấp thu mà còn gây lắng đọng thận. Mẹ xem kỹ hướng dẫn nhé.
Follow @andammeDau ngay hôm nay!
#andammeDau #andam #nuoiconkhoahoc #suckhoebe","Bảng thời điểm vàng bổ sung vi chất cho trẻ nhỏ | Ăn dặm mẹ Dâu #Shorts
#Shorts #andammeDau #vichatchobe"
1,9,21:00 - Bảo quản & Dụng cụ,Bảo quản & Dụng cụ,Mẹo Trữ Đông Thực Phẩm Ngày 1,Bảo quản đồ ăn dặm sai cách khiến vi khuẩn sinh sôi gấp 10 lần! Mẹ xem ngay quy tắc an toàn.,Lưu ý: Thức ăn nấu xong để nguội chia khay trữ đông ngay. Ngăn mát dùng trong 24 đến 48 giờ. Ngăn đông dùng trong 2 tuần. Tuyệt đối không tái cấp đông đồ đã rã đông.,Vệ sinh an toàn là nền tảng cho sức khỏe của con. Bấm theo dõi Ăn dặm mẹ Dâu ngay!,"Quy tắc cấp đông và rã đông đồ ăn dặm chuẩn vi sinh giữ trọn 95% vitamin! 👉 Follow Ăn dặm mẹ Dâu!
#andammeDau #andam #capdongdoandam #meovatmebim #chamsoccon","Quy Tắc Cấp Đông Đồ Ăn Dặm Chuẩn Y Khoa ❄️
Mẹ đi làm bận rộn hoàn toàn có thể nấu sẵn trữ đông nếu tuân thủ đúng 3 bước trong video này.
Lưu lại và follow @andammeDau ngay!
#andammeDau #andam #mebim #nuoiconkhoahoc","Quy tắc bảo quản và rã đông đồ ăn dặm chuẩn an toàn | Ăn dặm mẹ Dâu #Shorts
#Shorts #andammeDau #capdongdoandam"
1,10,22:00 - Tâm lý bàn ăn,Tâm lý & Chữa lành,Nuôi Con Không Phải Cuộc Chiến #1,Mỗi bữa ăn của con là niềm vui hay đang là một cuộc chiến căng thẳng trong gia đình mẹ?,"Thông điệp: Bố mẹ quyết định con ăn gì và ở đâu; Con quyết định con ăn bao nhiêu. Tôn trọng nhu cầu của con, không ép ăn, không so sánh cân nặng với con nhà người ta.",Một em bé vui vẻ ăn ngoan là đích đến hạnh phúc nhất. Ăn dặm mẹ Dâu luôn đồng hành cùng mẹ!,"Nuôi con là hạnh phúc, đừng biến bữa ăn thành cuộc chiến mẹ ơi! 👉 Follow Ăn dặm mẹ Dâu để tìm lại niềm vui chăm con nhé!
#andammeDau #andam #nuoiconkhongphailacuocchien #tamlymebim #mevabe","Thông Điệp Yêu Thương Gửi Mẹ Bỉm Sữa Cuối Ngày ❤️
Mỗi em bé là một cá thể độc lập với tốc độ lớn riêng. Mẹ đang làm rất tốt rồi, hãy ôm con thật chặt tối nay nhé.
Follow @andammeDau để cùng nhau nuôi con nhàn tênh!
#andammeDau #andam #chamsoccon #nuoiconkhoahoc","Nuôi con không phải là cuộc chiến | Ăn dặm mẹ Dâu #Shorts
#Shorts #andammeDau #nuoiconkhoahoc"
2,1,06:30 - Món chính sáng,Thực đơn chính,Cháo Dinh Dưỡng Ngày 2 Cho Bé,Sáng nay nấu gì cho con nhanh mà đủ 4 nhóm chất? Mẹ nấu ngay món cháo ngày 2 này nhé.,Bước 1: Nấu cháo trắng tỷ lệ phù hợp tháng tuổi. Bước 2: Thêm đạm tươi băm nhuyễn mịn. Bước 3: Cho rau củ thái nhỏ nấu chín mềm. Bước 4: Tắt bếp và thêm 5ml dầu ăn dặm.,Lưu lại thực đơn ngày hôm nay và theo dõi Ăn dặm mẹ Dâu để xem món tiếp theo!,"Gợi ý bữa sáng dinh dưỡng ngày 2 cho bé ăn dặm ngon miệng! 👉 Follow Ăn dặm mẹ Dâu ngay!
#andammeDau #andam #thucdonandam #monngonchobe #mevabe","Thực Đơn Bữa Sáng Ngày 2 Đủ 4 Nhóm Chất 🥣
Bữa sáng cung cấp năng lượng cho cả ngày hoạt động của bé. Mẹ tham khảo ngay công thức trong video nhé.
Follow @andammeDau để nhận thực đơn mỗi ngày!
#andammeDau #andam #nuoiconkhoahoc #chamsoccon","Món cháo dinh dưỡng bữa sáng ngày 2 cho bé | Ăn dặm mẹ Dâu #Shorts
#Shorts #andammeDau #andam"
2,2,08:30 - Check nhanh thực phẩm,Check thực phẩm 15s,Bé Mấy Tháng Ăn Được Món Này?,Bé mấy tháng thì bắt đầu ăn được nguyên liệu này? Xem ngay 15 giây để không cho con ăn sai thời điểm!,"Nguyên tắc: Rau củ ngọt từ 6 tháng, thịt đỏ từ 7 tháng, tôm cá từ 8 tháng, lòng trắng trứng sau 9 tháng, hải sản vỏ cứng sau 10 tháng và sữa tươi sau 1 tuổi.",Mẹ đang phân vân món nào hãy để lại bình luận phía dưới nhé. Follow Ăn dặm mẹ Dâu ngay!,"Check nhanh thời điểm ăn an toàn cho bé! Tránh cho con ăn quá sớm hại dạ dày nhé! 👉 Follow Ăn dặm mẹ Dâu!
#andammeDau #andam #checkthucpham #mebimthongthai #chamsoccon","Bé Mấy Tháng Ăn Được Món Này? Check Nhanh Cùng Mẹ Dâu ⏱️
Cho bé ăn đúng độ tuổi giúp phòng ngừa dị ứng và bảo vệ hệ tiêu hóa non nớt.
Follow @andammeDau để tra cứu thực phẩm mỗi ngày!
#andammeDau #andam #suckhoebe #nuoiconkhoahoc","Check nhanh độ tuổi ăn dặm an toàn cho bé | Ăn dặm mẹ Dâu #Shorts
#Shorts #andammeDau #checkthucpham"
2,3,10:30 - Kỹ năng tăng thô,Kỹ năng & Tăng thô,Mẹo Tăng Thô An Toàn Ngày 2,Bé lười nhai hay nôn trớ khi tăng thô? Mẹ áp dụng ngay kỹ thuật tập cơ hàm này.,Kỹ thuật 1: Giảm tỷ lệ nước trong cháo từ từ. Kỹ thuật 2: Hấp rau củ mềm dạng que cho bé tự cầm cắn bằng nướu. Kỹ thuật 3: Kiên nhẫn giới thiệu món mới ít nhất 5 đến 7 lần.,Tăng thô đúng cách giúp con phát triển ngôn ngữ và cơ hàm tốt hơn. Theo dõi Ăn dặm mẹ Dâu ngay!,"Mẹo tăng độ thô an toàn cho bé không lo nôn trớ! Tập nhai chuẩn khoa học! 👉 Follow Ăn dặm mẹ Dâu!
#andammeDau #andam #tangdotho #tapnhai #blwvietnam","Kỹ Thuật Tăng Thô Không Nôn Trớ Cho Bé Ăn Dặm 👶
Cửa sổ vàng tập nhai là 7-9 tháng, đừng xay nhuyễn quá lâu mẹ nhé.
Lưu lại và follow @andammeDau ngay!
#andammeDau #andam #chamsoccon #nuoiconkhoahoc","Mẹo tăng độ thô và tập nhai an toàn cho bé | Ăn dặm mẹ Dâu #Shorts
#Shorts #andammeDau #tangdotho"
2,4,12:00 - Giải mã lầm tưởng,Khoa học & Lầm tưởng,Giải Mã Lầm Tưởng Ăn Dặm #2,Những quan niệm truyền miệng sai lầm khi nấu ăn dặm đang làm hại sức khỏe của bé!,Sự thật y khoa: Không nêm mắm muối dưới 1 tuổi; Không ninh xương lấy nước thay thịt; Không rơ lưỡi bằng mật ong; Không ép ăn khi con đã quay đầu.,Nuôi con bằng tri thức và tình yêu thương mẹ nhé. Theo dõi Ăn dặm mẹ Dâu để cập nhật kiến thức chuẩn!,"Giải mã lầm tưởng kinh điển khi nuôi con ăn dặm! Mẹ bỉm thông thái nhất định phải biết! 👉 Follow Ăn dặm mẹ Dâu!
#andammeDau #andam #khoahocandam #lamtuongandam #mevabe","Sự Thật Y Khoa: Những Lầm Tưởng Khi Cho Bé Ăn Dặm 🚫
Hãy từ bỏ những thói quen truyền miệng thiếu khoa học để bảo vệ con yêu.
Follow @andammeDau ngay hôm nay!
#andammeDau #andam #nuoiconkhoahoc #mebimthongthai","Giải mã lầm tưởng tai hại khi cho bé ăn dặm | Ăn dặm mẹ Dâu #Shorts
#Shorts #andammeDau #khoahocandam"
2,5,14:30 - Bữa phụ & Bánh,Bữa phụ dinh dưỡng,Món Bánh Ăn Dặm Ngày 2,"Bữa phụ chiều thơm lừng cho bé mà không cần lò nướng, làm trong 10 phút!","Nguyên liệu: Chuối tiêu chín, yến mạch cán dẹt và lòng đỏ trứng gà. Cách làm: Xay mịn hỗn hợp, áp chảo lửa nhỏ 3 phút mỗi mặt cho bánh vàng ruộm mềm xốp.",Bánh ngọt tự nhiên bé cầm ăn cực thích. Bấm theo dõi Ăn dặm mẹ Dâu để xem thêm nhiều món bánh ngon!,"Công thức bánh ăn dặm thơm ngon cho bữa phụ chiều của bé! Siêu dễ làm tại nhà! 👉 Follow Ăn dặm mẹ Dâu!
#andammeDau #andam #banhandam #buaphuchobe #monngonchobe","Bánh Ăn Dặm Bữa Phụ Cho Bé Siêu Dễ Làm 🥞
Bữa phụ cách bữa chính 2 tiếng giúp bổ sung năng lượng mà không làm đầy bụng.
Lưu lại và follow @andammeDau ngay!
#andammeDau #andam #buaphu #chamsoccon","Cách làm bánh ăn dặm bữa phụ nhanh gọn cho bé | Ăn dặm mẹ Dâu #Shorts
#Shorts #andammeDau #banhandam"
2,6,16:30 - Tiêu hóa & Biếng ăn,Tiêu hóa SOS,Cứu Cánh Tiêu Hóa Cho Bé #2,"Bé bị táo bón, phân sống hoặc đột ngột biếng ăn? Mẹ xử lý ngay theo hướng dẫn này.","Bước 1: Bổ sung chất xơ hòa tan từ mồng tơi, khoai lang, thanh long đỏ. Bước 2: Massage bụng theo chiều kim đồng hồ 5 phút mỗi ngày. Bước 3: Cho uống đủ nước và duy trì cữ sữa chuẩn.",Hệ tiêu hóa khỏe thì con mới tăng cân đều đặn mẹ nhé. Theo dõi Ăn dặm mẹ Dâu ngay!,"Giải cứu bé bị táo bón, khó tiêu cực nhanh! Mẹo dân gian kết hợp khoa học! 👉 Follow Ăn dặm mẹ Dâu!
#andammeDau #andam #taobon #tieuhoakhoe #mevabe","Xử Lý Táo Bón Và Rối Loạn Tiêu Hóa Ở Trẻ Ăn Dặm 🚼
Đừng vội thụt tháo, hãy điều chỉnh từ chế độ ăn giàu chất xơ và massage bụng cho bé nhé.
Follow @andammeDau để xem chi tiết!
#andammeDau #andam #suckhoebe #chamsoccon","Mẹo trị táo bón và ổn định tiêu hóa cho bé ăn dặm | Ăn dặm mẹ Dâu #Shorts
#Shorts #andammeDau #taobon"
2,7,18:30 - Món chính tối,Thực đơn tối,Món Cháo Tối Ấm Bụng Ngày 2,"Bữa tối nhẹ nhàng, ấm bụng giúp bé no lâu và ngủ xuyên đêm không quấy khóc.","Gợi ý: Súp gà hạt sen bí đỏ sánh mịn hoặc cháo cá hồi cải bó xôi. Nấu chín nhừ, dễ tiêu hóa, không gây đầy bụng trước giờ đi ngủ.",Cho bé ăn tối trước giờ ngủ ít nhất 1.5 đến 2 tiếng mẹ nhé. Theo dõi Ăn dặm mẹ Dâu ngay!,"Thực đơn bữa tối ấm bụng giúp bé ngủ ngon sâu giấc cả đêm! 👉 Follow Ăn dặm mẹ Dâu!
#andammeDau #andam #thucdontoi #chaobochobe #mevabe","Món Cháo Tối Nhẹ Bụng Giúp Bé Ngủ Xuyên Đêm 🌙
Bữa tối không nên cho ăn quá no hoặc quá nhiều đạm khó tiêu. Mẹ tham khảo công thức trong video nhé.
Lưu lại và follow @andammeDau ngay!
#andammeDau #andam #monngonchobe #chamsoccon","Thực đơn cháo tối ấm bụng cho bé ngủ sâu giấc | Ăn dặm mẹ Dâu #Shorts
#Shorts #andammeDau #thucdonandam"
2,8,20:00 - Bổ sung Vi chất,Vi chất chuẩn RNI,Bổ Sung Vi Chất Đúng Liều #2,"Uống D3K2, Sắt, Canxi thế nào để hấp thu 100% mà không bị nóng trong hay táo bón?","Quy tắc: D3K2 uống buổi sáng cùng chất béo. Sắt uống lúc bụng đói cách xa cữ sữa. Canxi chỉ uống sáng hoặc trưa, không uống tối. Kẽm uống sau ăn 30 phút.",Đúng thời điểm và đúng liều lượng là chìa khóa phát triển chiều cao. Theo dõi Ăn dặm mẹ Dâu ngay!,"Thời điểm vàng bổ sung vi chất cho bé phát triển chiều cao vượt trội! 👉 Follow Ăn dặm mẹ Dâu!
#andammeDau #andam #d3k2 #bosungcanxi #vichatchobe","Thời Điểm Vàng Bổ Sung Vitamin D3K2, Sắt, Canxi Cho Bé 💊
Uống sai thời điểm không những không hấp thu mà còn gây lắng đọng thận. Mẹ xem kỹ hướng dẫn nhé.
Follow @andammeDau ngay hôm nay!
#andammeDau #andam #nuoiconkhoahoc #suckhoebe","Bảng thời điểm vàng bổ sung vi chất cho trẻ nhỏ | Ăn dặm mẹ Dâu #Shorts
#Shorts #andammeDau #vichatchobe"
2,9,21:00 - Bảo quản & Dụng cụ,Bảo quản & Dụng cụ,Mẹo Trữ Đông Thực Phẩm Ngày 2,Bảo quản đồ ăn dặm sai cách khiến vi khuẩn sinh sôi gấp 10 lần! Mẹ xem ngay quy tắc an toàn.,Lưu ý: Thức ăn nấu xong để nguội chia khay trữ đông ngay. Ngăn mát dùng trong 24 đến 48 giờ. Ngăn đông dùng trong 2 tuần. Tuyệt đối không tái cấp đông đồ đã rã đông.,Vệ sinh an toàn là nền tảng cho sức khỏe của con. Bấm theo dõi Ăn dặm mẹ Dâu ngay!,"Quy tắc cấp đông và rã đông đồ ăn dặm chuẩn vi sinh giữ trọn 95% vitamin! 👉 Follow Ăn dặm mẹ Dâu!
#andammeDau #andam #capdongdoandam #meovatmebim #chamsoccon","Quy Tắc Cấp Đông Đồ Ăn Dặm Chuẩn Y Khoa ❄️
Mẹ đi làm bận rộn hoàn toàn có thể nấu sẵn trữ đông nếu tuân thủ đúng 3 bước trong video này.
Lưu lại và follow @andammeDau ngay!
#andammeDau #andam #mebim #nuoiconkhoahoc","Quy tắc bảo quản và rã đông đồ ăn dặm chuẩn an toàn | Ăn dặm mẹ Dâu #Shorts
#Shorts #andammeDau #capdongdoandam"
2,10,22:00 - Tâm lý bàn ăn,Tâm lý & Chữa lành,Nuôi Con Không Phải Cuộc Chiến #2,Mỗi bữa ăn của con là niềm vui hay đang là một cuộc chiến căng thẳng trong gia đình mẹ?,"Thông điệp: Bố mẹ quyết định con ăn gì và ở đâu; Con quyết định con ăn bao nhiêu. Tôn trọng nhu cầu của con, không ép ăn, không so sánh cân nặng với con nhà người ta.",Một em bé vui vẻ ăn ngoan là đích đến hạnh phúc nhất. Ăn dặm mẹ Dâu luôn đồng hành cùng mẹ!,"Nuôi con là hạnh phúc, đừng biến bữa ăn thành cuộc chiến mẹ ơi! 👉 Follow Ăn dặm mẹ Dâu để tìm lại niềm vui chăm con nhé!
#andammeDau #andam #nuoiconkhongphailacuocchien #tamlymebim #mevabe","Thông Điệp Yêu Thương Gửi Mẹ Bỉm Sữa Cuối Ngày ❤️
Mỗi em bé là một cá thể độc lập với tốc độ lớn riêng. Mẹ đang làm rất tốt rồi, hãy ôm con thật chặt tối nay nhé.
Follow @andammeDau để cùng nhau nuôi con nhàn tênh!
#andammeDau #andam #chamsoccon #nuoiconkhoahoc","Nuôi con không phải là cuộc chiến | Ăn dặm mẹ Dâu #Shorts
#Shorts #andammeDau #nuoiconkhoahoc"
3,1,06:30 - Món chính sáng,Thực đơn chính,Cháo Dinh Dưỡng Ngày 3 Cho Bé,Sáng nay nấu gì cho con nhanh mà đủ 4 nhóm chất? Mẹ nấu ngay món cháo ngày 3 này nhé.,Bước 1: Nấu cháo trắng tỷ lệ phù hợp tháng tuổi. Bước 2: Thêm đạm tươi băm nhuyễn mịn. Bước 3: Cho rau củ thái nhỏ nấu chín mềm. Bước 4: Tắt bếp và thêm 5ml dầu ăn dặm.,Lưu lại thực đơn ngày hôm nay và theo dõi Ăn dặm mẹ Dâu để xem món tiếp theo!,"Gợi ý bữa sáng dinh dưỡng ngày 3 cho bé ăn dặm ngon miệng! 👉 Follow Ăn dặm mẹ Dâu ngay!
#andammeDau #andam #thucdonandam #monngonchobe #mevabe","Thực Đơn Bữa Sáng Ngày 3 Đủ 4 Nhóm Chất 🥣
Bữa sáng cung cấp năng lượng cho cả ngày hoạt động của bé. Mẹ tham khảo ngay công thức trong video nhé.
Follow @andammeDau để nhận thực đơn mỗi ngày!
#andammeDau #andam #nuoiconkhoahoc #chamsoccon","Món cháo dinh dưỡng bữa sáng ngày 3 cho bé | Ăn dặm mẹ Dâu #Shorts
#Shorts #andammeDau #andam"
3,2,08:30 - Check nhanh thực phẩm,Check thực phẩm 15s,Bé Mấy Tháng Ăn Được Món Này?,Bé mấy tháng thì bắt đầu ăn được nguyên liệu này? Xem ngay 15 giây để không cho con ăn sai thời điểm!,"Nguyên tắc: Rau củ ngọt từ 6 tháng, thịt đỏ từ 7 tháng, tôm cá từ 8 tháng, lòng trắng trứng sau 9 tháng, hải sản vỏ cứng sau 10 tháng và sữa tươi sau 1 tuổi.",Mẹ đang phân vân món nào hãy để lại bình luận phía dưới nhé. Follow Ăn dặm mẹ Dâu ngay!,"Check nhanh thời điểm ăn an toàn cho bé! Tránh cho con ăn quá sớm hại dạ dày nhé! 👉 Follow Ăn dặm mẹ Dâu!
#andammeDau #andam #checkthucpham #mebimthongthai #chamsoccon","Bé Mấy Tháng Ăn Được Món Này? Check Nhanh Cùng Mẹ Dâu ⏱️
Cho bé ăn đúng độ tuổi giúp phòng ngừa dị ứng và bảo vệ hệ tiêu hóa non nớt.
Follow @andammeDau để tra cứu thực phẩm mỗi ngày!
#andammeDau #andam #suckhoebe #nuoiconkhoahoc","Check nhanh độ tuổi ăn dặm an toàn cho bé | Ăn dặm mẹ Dâu #Shorts
#Shorts #andammeDau #checkthucpham"
3,3,10:30 - Kỹ năng tăng thô,Kỹ năng & Tăng thô,Mẹo Tăng Thô An Toàn Ngày 3,Bé lười nhai hay nôn trớ khi tăng thô? Mẹ áp dụng ngay kỹ thuật tập cơ hàm này.,Kỹ thuật 1: Giảm tỷ lệ nước trong cháo từ từ. Kỹ thuật 2: Hấp rau củ mềm dạng que cho bé tự cầm cắn bằng nướu. Kỹ thuật 3: Kiên nhẫn giới thiệu món mới ít nhất 5 đến 7 lần.,Tăng thô đúng cách giúp con phát triển ngôn ngữ và cơ hàm tốt hơn. Theo dõi Ăn dặm mẹ Dâu ngay!,"Mẹo tăng độ thô an toàn cho bé không lo nôn trớ! Tập nhai chuẩn khoa học! 👉 Follow Ăn dặm mẹ Dâu!
#andammeDau #andam #tangdotho #tapnhai #blwvietnam","Kỹ Thuật Tăng Thô Không Nôn Trớ Cho Bé Ăn Dặm 👶
Cửa sổ vàng tập nhai là 7-9 tháng, đừng xay nhuyễn quá lâu mẹ nhé.
Lưu lại và follow @andammeDau ngay!
#andammeDau #andam #chamsoccon #nuoiconkhoahoc","Mẹo tăng độ thô và tập nhai an toàn cho bé | Ăn dặm mẹ Dâu #Shorts
#Shorts #andammeDau #tangdotho"
3,4,12:00 - Giải mã lầm tưởng,Khoa học & Lầm tưởng,Giải Mã Lầm Tưởng Ăn Dặm #3,Những quan niệm truyền miệng sai lầm khi nấu ăn dặm đang làm hại sức khỏe của bé!,Sự thật y khoa: Không nêm mắm muối dưới 1 tuổi; Không ninh xương lấy nước thay thịt; Không rơ lưỡi bằng mật ong; Không ép ăn khi con đã quay đầu.,Nuôi con bằng tri thức và tình yêu thương mẹ nhé. Theo dõi Ăn dặm mẹ Dâu để cập nhật kiến thức chuẩn!,"Giải mã lầm tưởng kinh điển khi nuôi con ăn dặm! Mẹ bỉm thông thái nhất định phải biết! 👉 Follow Ăn dặm mẹ Dâu!
#andammeDau #andam #khoahocandam #lamtuongandam #mevabe","Sự Thật Y Khoa: Những Lầm Tưởng Khi Cho Bé Ăn Dặm 🚫
Hãy từ bỏ những thói quen truyền miệng thiếu khoa học để bảo vệ con yêu.
Follow @andammeDau ngay hôm nay!
#andammeDau #andam #nuoiconkhoahoc #mebimthongthai","Giải mã lầm tưởng tai hại khi cho bé ăn dặm | Ăn dặm mẹ Dâu #Shorts
#Shorts #andammeDau #khoahocandam"
3,5,14:30 - Bữa phụ & Bánh,Bữa phụ dinh dưỡng,Món Bánh Ăn Dặm Ngày 3,"Bữa phụ chiều thơm lừng cho bé mà không cần lò nướng, làm trong 10 phút!","Nguyên liệu: Chuối tiêu chín, yến mạch cán dẹt và lòng đỏ trứng gà. Cách làm: Xay mịn hỗn hợp, áp chảo lửa nhỏ 3 phút mỗi mặt cho bánh vàng ruộm mềm xốp.",Bánh ngọt tự nhiên bé cầm ăn cực thích. Bấm theo dõi Ăn dặm mẹ Dâu để xem thêm nhiều món bánh ngon!,"Công thức bánh ăn dặm thơm ngon cho bữa phụ chiều của bé! Siêu dễ làm tại nhà! 👉 Follow Ăn dặm mẹ Dâu!
#andammeDau #andam #banhandam #buaphuchobe #monngonchobe","Bánh Ăn Dặm Bữa Phụ Cho Bé Siêu Dễ Làm 🥞
Bữa phụ cách bữa chính 2 tiếng giúp bổ sung năng lượng mà không làm đầy bụng.
Lưu lại và follow @andammeDau ngay!
#andammeDau #andam #buaphu #chamsoccon","Cách làm bánh ăn dặm bữa phụ nhanh gọn cho bé | Ăn dặm mẹ Dâu #Shorts
#Shorts #andammeDau #banhandam"
3,6,16:30 - Tiêu hóa & Biếng ăn,Tiêu hóa SOS,Cứu Cánh Tiêu Hóa Cho Bé #3,"Bé bị táo bón, phân sống hoặc đột ngột biếng ăn? Mẹ xử lý ngay theo hướng dẫn này.","Bước 1: Bổ sung chất xơ hòa tan từ mồng tơi, khoai lang, thanh long đỏ. Bước 2: Massage bụng theo chiều kim đồng hồ 5 phút mỗi ngày. Bước 3: Cho uống đủ nước và duy trì cữ sữa chuẩn.",Hệ tiêu hóa khỏe thì con mới tăng cân đều đặn mẹ nhé. Theo dõi Ăn dặm mẹ Dâu ngay!,"Giải cứu bé bị táo bón, khó tiêu cực nhanh! Mẹo dân gian kết hợp khoa học! 👉 Follow Ăn dặm mẹ Dâu!
#andammeDau #andam #taobon #tieuhoakhoe #mevabe","Xử Lý Táo Bón Và Rối Loạn Tiêu Hóa Ở Trẻ Ăn Dặm 🚼
Đừng vội thụt tháo, hãy điều chỉnh từ chế độ ăn giàu chất xơ và massage bụng cho bé nhé.
Follow @andammeDau để xem chi tiết!
#andammeDau #andam #suckhoebe #chamsoccon","Mẹo trị táo bón và ổn định tiêu hóa cho bé ăn dặm | Ăn dặm mẹ Dâu #Shorts
#Shorts #andammeDau #taobon"
3,7,18:30 - Món chính tối,Thực đơn tối,Món Cháo Tối Ấm Bụng Ngày 3,"Bữa tối nhẹ nhàng, ấm bụng giúp bé no lâu và ngủ xuyên đêm không quấy khóc.","Gợi ý: Súp gà hạt sen bí đỏ sánh mịn hoặc cháo cá hồi cải bó xôi. Nấu chín nhừ, dễ tiêu hóa, không gây đầy bụng trước giờ đi ngủ.",Cho bé ăn tối trước giờ ngủ ít nhất 1.5 đến 2 tiếng mẹ nhé. Theo dõi Ăn dặm mẹ Dâu ngay!,"Thực đơn bữa tối ấm bụng giúp bé ngủ ngon sâu giấc cả đêm! 👉 Follow Ăn dặm mẹ Dâu!
#andammeDau #andam #thucdontoi #chaobochobe #mevabe","Món Cháo Tối Nhẹ Bụng Giúp Bé Ngủ Xuyên Đêm 🌙
Bữa tối không nên cho ăn quá no hoặc quá nhiều đạm khó tiêu. Mẹ tham khảo công thức trong video nhé.
Lưu lại và follow @andammeDau ngay!
#andammeDau #andam #monngonchobe #chamsoccon","Thực đơn cháo tối ấm bụng cho bé ngủ sâu giấc | Ăn dặm mẹ Dâu #Shorts
#Shorts #andammeDau #thucdonandam"
3,8,20:00 - Bổ sung Vi chất,Vi chất chuẩn RNI,Bổ Sung Vi Chất Đúng Liều #3,"Uống D3K2, Sắt, Canxi thế nào để hấp thu 100% mà không bị nóng trong hay táo bón?","Quy tắc: D3K2 uống buổi sáng cùng chất béo. Sắt uống lúc bụng đói cách xa cữ sữa. Canxi chỉ uống sáng hoặc trưa, không uống tối. Kẽm uống sau ăn 30 phút.",Đúng thời điểm và đúng liều lượng là chìa khóa phát triển chiều cao. Theo dõi Ăn dặm mẹ Dâu ngay!,"Thời điểm vàng bổ sung vi chất cho bé phát triển chiều cao vượt trội! 👉 Follow Ăn dặm mẹ Dâu!
#andammeDau #andam #d3k2 #bosungcanxi #vichatchobe","Thời Điểm Vàng Bổ Sung Vitamin D3K2, Sắt, Canxi Cho Bé 💊
Uống sai thời điểm không những không hấp thu mà còn gây lắng đọng thận. Mẹ xem kỹ hướng dẫn nhé.
Follow @andammeDau ngay hôm nay!
#andammeDau #andam #nuoiconkhoahoc #suckhoebe","Bảng thời điểm vàng bổ sung vi chất cho trẻ nhỏ | Ăn dặm mẹ Dâu #Shorts
#Shorts #andammeDau #vichatchobe"
3,9,21:00 - Bảo quản & Dụng cụ,Bảo quản & Dụng cụ,Mẹo Trữ Đông Thực Phẩm Ngày 3,Bảo quản đồ ăn dặm sai cách khiến vi khuẩn sinh sôi gấp 10 lần! Mẹ xem ngay quy tắc an toàn.,Lưu ý: Thức ăn nấu xong để nguội chia khay trữ đông ngay. Ngăn mát dùng trong 24 đến 48 giờ. Ngăn đông dùng trong 2 tuần. Tuyệt đối không tái cấp đông đồ đã rã đông.,Vệ sinh an toàn là nền tảng cho sức khỏe của con. Bấm theo dõi Ăn dặm mẹ Dâu ngay!,"Quy tắc cấp đông và rã đông đồ ăn dặm chuẩn vi sinh giữ trọn 95% vitamin! 👉 Follow Ăn dặm mẹ Dâu!
#andammeDau #andam #capdongdoandam #meovatmebim #chamsoccon","Quy Tắc Cấp Đông Đồ Ăn Dặm Chuẩn Y Khoa ❄️
Mẹ đi làm bận rộn hoàn toàn có thể nấu sẵn trữ đông nếu tuân thủ đúng 3 bước trong video này.
Lưu lại và follow @andammeDau ngay!
#andammeDau #andam #mebim #nuoiconkhoahoc","Quy tắc bảo quản và rã đông đồ ăn dặm chuẩn an toàn | Ăn dặm mẹ Dâu #Shorts
#Shorts #andammeDau #capdongdoandam"
3,10,22:00 - Tâm lý bàn ăn,Tâm lý & Chữa lành,Nuôi Con Không Phải Cuộc Chiến #3,Mỗi bữa ăn của con là niềm vui hay đang là một cuộc chiến căng thẳng trong gia đình mẹ?,"Thông điệp: Bố mẹ quyết định con ăn gì và ở đâu; Con quyết định con ăn bao nhiêu. Tôn trọng nhu cầu của con, không ép ăn, không so sánh cân nặng với con nhà người ta.",Một em bé vui vẻ ăn ngoan là đích đến hạnh phúc nhất. Ăn dặm mẹ Dâu luôn đồng hành cùng mẹ!,"Nuôi con là hạnh phúc, đừng biến bữa ăn thành cuộc chiến mẹ ơi! 👉 Follow Ăn dặm mẹ Dâu để tìm lại niềm vui chăm con nhé!
#andammeDau #andam #nuoiconkhongphailacuocchien #tamlymebim #mevabe","Thông Điệp Yêu Thương Gửi Mẹ Bỉm Sữa Cuối Ngày ❤️
Mỗi em bé là một cá thể độc lập với tốc độ lớn riêng. Mẹ đang làm rất tốt rồi, hãy ôm con thật chặt tối nay nhé.
Follow @andammeDau để cùng nhau nuôi con nhàn tênh!
#andammeDau #andam #chamsoccon #nuoiconkhoahoc","Nuôi con không phải là cuộc chiến | Ăn dặm mẹ Dâu #Shorts
#Shorts #andammeDau #nuoiconkhoahoc"
4,1,06:30 - Món chính sáng,Thực đơn chính,Cháo Dinh Dưỡng Ngày 4 Cho Bé,Sáng nay nấu gì cho con nhanh mà đủ 4 nhóm chất? Mẹ nấu ngay món cháo ngày 4 này nhé.,Bước 1: Nấu cháo trắng tỷ lệ phù hợp tháng tuổi. Bước 2: Thêm đạm tươi băm nhuyễn mịn. Bước 3: Cho rau củ thái nhỏ nấu chín mềm. Bước 4: Tắt bếp và thêm 5ml dầu ăn dặm.,Lưu lại thực đơn ngày hôm nay và theo dõi Ăn dặm mẹ Dâu để xem món tiếp theo!,"Gợi ý bữa sáng dinh dưỡng ngày 4 cho bé ăn dặm ngon miệng! 👉 Follow Ăn dặm mẹ Dâu ngay!
#andammeDau #andam #thucdonandam #monngonchobe #mevabe","Thực Đơn Bữa Sáng Ngày 4 Đủ 4 Nhóm Chất 🥣
Bữa sáng cung cấp năng lượng cho cả ngày hoạt động của bé. Mẹ tham khảo ngay công thức trong video nhé.
Follow @andammeDau để nhận thực đơn mỗi ngày!
#andammeDau #andam #nuoiconkhoahoc #chamsoccon","Món cháo dinh dưỡng bữa sáng ngày 4 cho bé | Ăn dặm mẹ Dâu #Shorts
#Shorts #andammeDau #andam"
4,2,08:30 - Check nhanh thực phẩm,Check thực phẩm 15s,Bé Mấy Tháng Ăn Được Món Này?,Bé mấy tháng thì bắt đầu ăn được nguyên liệu này? Xem ngay 15 giây để không cho con ăn sai thời điểm!,"Nguyên tắc: Rau củ ngọt từ 6 tháng, thịt đỏ từ 7 tháng, tôm cá từ 8 tháng, lòng trắng trứng sau 9 tháng, hải sản vỏ cứng sau 10 tháng và sữa tươi sau 1 tuổi.",Mẹ đang phân vân món nào hãy để lại bình luận phía dưới nhé. Follow Ăn dặm mẹ Dâu ngay!,"Check nhanh thời điểm ăn an toàn cho bé! Tránh cho con ăn quá sớm hại dạ dày nhé! 👉 Follow Ăn dặm mẹ Dâu!
#andammeDau #andam #checkthucpham #mebimthongthai #chamsoccon","Bé Mấy Tháng Ăn Được Món Này? Check Nhanh Cùng Mẹ Dâu ⏱️
Cho bé ăn đúng độ tuổi giúp phòng ngừa dị ứng và bảo vệ hệ tiêu hóa non nớt.
Follow @andammeDau để tra cứu thực phẩm mỗi ngày!
#andammeDau #andam #suckhoebe #nuoiconkhoahoc","Check nhanh độ tuổi ăn dặm an toàn cho bé | Ăn dặm mẹ Dâu #Shorts
#Shorts #andammeDau #checkthucpham"
4,3,10:30 - Kỹ năng tăng thô,Kỹ năng & Tăng thô,Mẹo Tăng Thô An Toàn Ngày 4,Bé lười nhai hay nôn trớ khi tăng thô? Mẹ áp dụng ngay kỹ thuật tập cơ hàm này.,Kỹ thuật 1: Giảm tỷ lệ nước trong cháo từ từ. Kỹ thuật 2: Hấp rau củ mềm dạng que cho bé tự cầm cắn bằng nướu. Kỹ thuật 3: Kiên nhẫn giới thiệu món mới ít nhất 5 đến 7 lần.,Tăng thô đúng cách giúp con phát triển ngôn ngữ và cơ hàm tốt hơn. Theo dõi Ăn dặm mẹ Dâu ngay!,"Mẹo tăng độ thô an toàn cho bé không lo nôn trớ! Tập nhai chuẩn khoa học! 👉 Follow Ăn dặm mẹ Dâu!
#andammeDau #andam #tangdotho #tapnhai #blwvietnam","Kỹ Thuật Tăng Thô Không Nôn Trớ Cho Bé Ăn Dặm 👶
Cửa sổ vàng tập nhai là 7-9 tháng, đừng xay nhuyễn quá lâu mẹ nhé.
Lưu lại và follow @andammeDau ngay!
#andammeDau #andam #chamsoccon #nuoiconkhoahoc","Mẹo tăng độ thô và tập nhai an toàn cho bé | Ăn dặm mẹ Dâu #Shorts
#Shorts #andammeDau #tangdotho"
4,4,12:00 - Giải mã lầm tưởng,Khoa học & Lầm tưởng,Giải Mã Lầm Tưởng Ăn Dặm #4,Những quan niệm truyền miệng sai lầm khi nấu ăn dặm đang làm hại sức khỏe của bé!,Sự thật y khoa: Không nêm mắm muối dưới 1 tuổi; Không ninh xương lấy nước thay thịt; Không rơ lưỡi bằng mật ong; Không ép ăn khi con đã quay đầu.,Nuôi con bằng tri thức và tình yêu thương mẹ nhé. Theo dõi Ăn dặm mẹ Dâu để cập nhật kiến thức chuẩn!,"Giải mã lầm tưởng kinh điển khi nuôi con ăn dặm! Mẹ bỉm thông thái nhất định phải biết! 👉 Follow Ăn dặm mẹ Dâu!
#andammeDau #andam #khoahocandam #lamtuongandam #mevabe","Sự Thật Y Khoa: Những Lầm Tưởng Khi Cho Bé Ăn Dặm 🚫
Hãy từ bỏ những thói quen truyền miệng thiếu khoa học để bảo vệ con yêu.
Follow @andammeDau ngay hôm nay!
#andammeDau #andam #nuoiconkhoahoc #mebimthongthai","Giải mã lầm tưởng tai hại khi cho bé ăn dặm | Ăn dặm mẹ Dâu #Shorts
#Shorts #andammeDau #khoahocandam"
4,5,14:30 - Bữa phụ & Bánh,Bữa phụ dinh dưỡng,Món Bánh Ăn Dặm Ngày 4,"Bữa phụ chiều thơm lừng cho bé mà không cần lò nướng, làm trong 10 phút!","Nguyên liệu: Chuối tiêu chín, yến mạch cán dẹt và lòng đỏ trứng gà. Cách làm: Xay mịn hỗn hợp, áp chảo lửa nhỏ 3 phút mỗi mặt cho bánh vàng ruộm mềm xốp.",Bánh ngọt tự nhiên bé cầm ăn cực thích. Bấm theo dõi Ăn dặm mẹ Dâu để xem thêm nhiều món bánh ngon!,"Công thức bánh ăn dặm thơm ngon cho bữa phụ chiều của bé! Siêu dễ làm tại nhà! 👉 Follow Ăn dặm mẹ Dâu!
#andammeDau #andam #banhandam #buaphuchobe #monngonchobe","Bánh Ăn Dặm Bữa Phụ Cho Bé Siêu Dễ Làm 🥞
Bữa phụ cách bữa chính 2 tiếng giúp bổ sung năng lượng mà không làm đầy bụng.
Lưu lại và follow @andammeDau ngay!
#andammeDau #andam #buaphu #chamsoccon","Cách làm bánh ăn dặm bữa phụ nhanh gọn cho bé | Ăn dặm mẹ Dâu #Shorts
#Shorts #andammeDau #banhandam"
4,6,16:30 - Tiêu hóa & Biếng ăn,Tiêu hóa SOS,Cứu Cánh Tiêu Hóa Cho Bé #4,"Bé bị táo bón, phân sống hoặc đột ngột biếng ăn? Mẹ xử lý ngay theo hướng dẫn này.","Bước 1: Bổ sung chất xơ hòa tan từ mồng tơi, khoai lang, thanh long đỏ. Bước 2: Massage bụng theo chiều kim đồng hồ 5 phút mỗi ngày. Bước 3: Cho uống đủ nước và duy trì cữ sữa chuẩn.",Hệ tiêu hóa khỏe thì con mới tăng cân đều đặn mẹ nhé. Theo dõi Ăn dặm mẹ Dâu ngay!,"Giải cứu bé bị táo bón, khó tiêu cực nhanh! Mẹo dân gian kết hợp khoa học! 👉 Follow Ăn dặm mẹ Dâu!
#andammeDau #andam #taobon #tieuhoakhoe #mevabe","Xử Lý Táo Bón Và Rối Loạn Tiêu Hóa Ở Trẻ Ăn Dặm 🚼
Đừng vội thụt tháo, hãy điều chỉnh từ chế độ ăn giàu chất xơ và massage bụng cho bé nhé.
Follow @andammeDau để xem chi tiết!
#andammeDau #andam #suckhoebe #chamsoccon","Mẹo trị táo bón và ổn định tiêu hóa cho bé ăn dặm | Ăn dặm mẹ Dâu #Shorts
#Shorts #andammeDau #taobon"
4,7,18:30 - Món chính tối,Thực đơn tối,Món Cháo Tối Ấm Bụng Ngày 4,"Bữa tối nhẹ nhàng, ấm bụng giúp bé no lâu và ngủ xuyên đêm không quấy khóc.","Gợi ý: Súp gà hạt sen bí đỏ sánh mịn hoặc cháo cá hồi cải bó xôi. Nấu chín nhừ, dễ tiêu hóa, không gây đầy bụng trước giờ đi ngủ.",Cho bé ăn tối trước giờ ngủ ít nhất 1.5 đến 2 tiếng mẹ nhé. Theo dõi Ăn dặm mẹ Dâu ngay!,"Thực đơn bữa tối ấm bụng giúp bé ngủ ngon sâu giấc cả đêm! 👉 Follow Ăn dặm mẹ Dâu!
#andammeDau #andam #thucdontoi #chaobochobe #mevabe","Món Cháo Tối Nhẹ Bụng Giúp Bé Ngủ Xuyên Đêm 🌙
Bữa tối không nên cho ăn quá no hoặc quá nhiều đạm khó tiêu. Mẹ tham khảo công thức trong video nhé.
Lưu lại và follow @andammeDau ngay!
#andammeDau #andam #monngonchobe #chamsoccon","Thực đơn cháo tối ấm bụng cho bé ngủ sâu giấc | Ăn dặm mẹ Dâu #Shorts
#Shorts #andammeDau #thucdonandam"
4,8,20:00 - Bổ sung Vi chất,Vi chất chuẩn RNI,Bổ Sung Vi Chất Đúng Liều #4,"Uống D3K2, Sắt, Canxi thế nào để hấp thu 100% mà không bị nóng trong hay táo bón?","Quy tắc: D3K2 uống buổi sáng cùng chất béo. Sắt uống lúc bụng đói cách xa cữ sữa. Canxi chỉ uống sáng hoặc trưa, không uống tối. Kẽm uống sau ăn 30 phút.",Đúng thời điểm và đúng liều lượng là chìa khóa phát triển chiều cao. Theo dõi Ăn dặm mẹ Dâu ngay!,"Thời điểm vàng bổ sung vi chất cho bé phát triển chiều cao vượt trội! 👉 Follow Ăn dặm mẹ Dâu!
#andammeDau #andam #d3k2 #bosungcanxi #vichatchobe","Thời Điểm Vàng Bổ Sung Vitamin D3K2, Sắt, Canxi Cho Bé 💊
Uống sai thời điểm không những không hấp thu mà còn gây lắng đọng thận. Mẹ xem kỹ hướng dẫn nhé.
Follow @andammeDau ngay hôm nay!
#andammeDau #andam #nuoiconkhoahoc #suckhoebe","Bảng thời điểm vàng bổ sung vi chất cho trẻ nhỏ | Ăn dặm mẹ Dâu #Shorts
#Shorts #andammeDau #vichatchobe"
4,9,21:00 - Bảo quản & Dụng cụ,Bảo quản & Dụng cụ,Mẹo Trữ Đông Thực Phẩm Ngày 4,Bảo quản đồ ăn dặm sai cách khiến vi khuẩn sinh sôi gấp 10 lần! Mẹ xem ngay quy tắc an toàn.,Lưu ý: Thức ăn nấu xong để nguội chia khay trữ đông ngay. Ngăn mát dùng trong 24 đến 48 giờ. Ngăn đông dùng trong 2 tuần. Tuyệt đối không tái cấp đông đồ đã rã đông.,Vệ sinh an toàn là nền tảng cho sức khỏe của con. Bấm theo dõi Ăn dặm mẹ Dâu ngay!,"Quy tắc cấp đông và rã đông đồ ăn dặm chuẩn vi sinh giữ trọn 95% vitamin! 👉 Follow Ăn dặm mẹ Dâu!
#andammeDau #andam #capdongdoandam #meovatmebim #chamsoccon","Quy Tắc Cấp Đông Đồ Ăn Dặm Chuẩn Y Khoa ❄️
Mẹ đi làm bận rộn hoàn toàn có thể nấu sẵn trữ đông nếu tuân thủ đúng 3 bước trong video này.
Lưu lại và follow @andammeDau ngay!
#andammeDau #andam #mebim #nuoiconkhoahoc","Quy tắc bảo quản và rã đông đồ ăn dặm chuẩn an toàn | Ăn dặm mẹ Dâu #Shorts
#Shorts #andammeDau #capdongdoandam"
4,10,22:00 - Tâm lý bàn ăn,Tâm lý & Chữa lành,Nuôi Con Không Phải Cuộc Chiến #4,Mỗi bữa ăn của con là niềm vui hay đang là một cuộc chiến căng thẳng trong gia đình mẹ?,"Thông điệp: Bố mẹ quyết định con ăn gì và ở đâu; Con quyết định con ăn bao nhiêu. Tôn trọng nhu cầu của con, không ép ăn, không so sánh cân nặng với con nhà người ta.",Một em bé vui vẻ ăn ngoan là đích đến hạnh phúc nhất. Ăn dặm mẹ Dâu luôn đồng hành cùng mẹ!,"Nuôi con là hạnh phúc, đừng biến bữa ăn thành cuộc chiến mẹ ơi! 👉 Follow Ăn dặm mẹ Dâu để tìm lại niềm vui chăm con nhé!
#andammeDau #andam #nuoiconkhongphailacuocchien #tamlymebim #mevabe","Thông Điệp Yêu Thương Gửi Mẹ Bỉm Sữa Cuối Ngày ❤️
Mỗi em bé là một cá thể độc lập với tốc độ lớn riêng. Mẹ đang làm rất tốt rồi, hãy ôm con thật chặt tối nay nhé.
Follow @andammeDau để cùng nhau nuôi con nhàn tênh!
#andammeDau #andam #chamsoccon #nuoiconkhoahoc","Nuôi con không phải là cuộc chiến | Ăn dặm mẹ Dâu #Shorts
#Shorts #andammeDau #nuoiconkhoahoc"
5,1,06:30 - Món chính sáng,Thực đơn chính,Cháo Dinh Dưỡng Ngày 5 Cho Bé,Sáng nay nấu gì cho con nhanh mà đủ 4 nhóm chất? Mẹ nấu ngay món cháo ngày 5 này nhé.,Bước 1: Nấu cháo trắng tỷ lệ phù hợp tháng tuổi. Bước 2: Thêm đạm tươi băm nhuyễn mịn. Bước 3: Cho rau củ thái nhỏ nấu chín mềm. Bước 4: Tắt bếp và thêm 5ml dầu ăn dặm.,Lưu lại thực đơn ngày hôm nay và theo dõi Ăn dặm mẹ Dâu để xem món tiếp theo!,"Gợi ý bữa sáng dinh dưỡng ngày 5 cho bé ăn dặm ngon miệng! 👉 Follow Ăn dặm mẹ Dâu ngay!
#andammeDau #andam #thucdonandam #monngonchobe #mevabe","Thực Đơn Bữa Sáng Ngày 5 Đủ 4 Nhóm Chất 🥣
Bữa sáng cung cấp năng lượng cho cả ngày hoạt động của bé. Mẹ tham khảo ngay công thức trong video nhé.
Follow @andammeDau để nhận thực đơn mỗi ngày!
#andammeDau #andam #nuoiconkhoahoc #chamsoccon","Món cháo dinh dưỡng bữa sáng ngày 5 cho bé | Ăn dặm mẹ Dâu #Shorts
#Shorts #andammeDau #andam"
5,2,08:30 - Check nhanh thực phẩm,Check thực phẩm 15s,Bé Mấy Tháng Ăn Được Món Này?,Bé mấy tháng thì bắt đầu ăn được nguyên liệu này? Xem ngay 15 giây để không cho con ăn sai thời điểm!,"Nguyên tắc: Rau củ ngọt từ 6 tháng, thịt đỏ từ 7 tháng, tôm cá từ 8 tháng, lòng trắng trứng sau 9 tháng, hải sản vỏ cứng sau 10 tháng và sữa tươi sau 1 tuổi.",Mẹ đang phân vân món nào hãy để lại bình luận phía dưới nhé. Follow Ăn dặm mẹ Dâu ngay!,"Check nhanh thời điểm ăn an toàn cho bé! Tránh cho con ăn quá sớm hại dạ dày nhé! 👉 Follow Ăn dặm mẹ Dâu!
#andammeDau #andam #checkthucpham #mebimthongthai #chamsoccon","Bé Mấy Tháng Ăn Được Món Này? Check Nhanh Cùng Mẹ Dâu ⏱️
Cho bé ăn đúng độ tuổi giúp phòng ngừa dị ứng và bảo vệ hệ tiêu hóa non nớt.
Follow @andammeDau để tra cứu thực phẩm mỗi ngày!
#andammeDau #andam #suckhoebe #nuoiconkhoahoc","Check nhanh độ tuổi ăn dặm an toàn cho bé | Ăn dặm mẹ Dâu #Shorts
#Shorts #andammeDau #checkthucpham"
5,3,10:30 - Kỹ năng tăng thô,Kỹ năng & Tăng thô,Mẹo Tăng Thô An Toàn Ngày 5,Bé lười nhai hay nôn trớ khi tăng thô? Mẹ áp dụng ngay kỹ thuật tập cơ hàm này.,Kỹ thuật 1: Giảm tỷ lệ nước trong cháo từ từ. Kỹ thuật 2: Hấp rau củ mềm dạng que cho bé tự cầm cắn bằng nướu. Kỹ thuật 3: Kiên nhẫn giới thiệu món mới ít nhất 5 đến 7 lần.,Tăng thô đúng cách giúp con phát triển ngôn ngữ và cơ hàm tốt hơn. Theo dõi Ăn dặm mẹ Dâu ngay!,"Mẹo tăng độ thô an toàn cho bé không lo nôn trớ! Tập nhai chuẩn khoa học! 👉 Follow Ăn dặm mẹ Dâu!
#andammeDau #andam #tangdotho #tapnhai #blwvietnam","Kỹ Thuật Tăng Thô Không Nôn Trớ Cho Bé Ăn Dặm 👶
Cửa sổ vàng tập nhai là 7-9 tháng, đừng xay nhuyễn quá lâu mẹ nhé.
Lưu lại và follow @andammeDau ngay!
#andammeDau #andam #chamsoccon #nuoiconkhoahoc","Mẹo tăng độ thô và tập nhai an toàn cho bé | Ăn dặm mẹ Dâu #Shorts
#Shorts #andammeDau #tangdotho"
5,4,12:00 - Giải mã lầm tưởng,Khoa học & Lầm tưởng,Giải Mã Lầm Tưởng Ăn Dặm #5,Những quan niệm truyền miệng sai lầm khi nấu ăn dặm đang làm hại sức khỏe của bé!,Sự thật y khoa: Không nêm mắm muối dưới 1 tuổi; Không ninh xương lấy nước thay thịt; Không rơ lưỡi bằng mật ong; Không ép ăn khi con đã quay đầu.,Nuôi con bằng tri thức và tình yêu thương mẹ nhé. Theo dõi Ăn dặm mẹ Dâu để cập nhật kiến thức chuẩn!,"Giải mã lầm tưởng kinh điển khi nuôi con ăn dặm! Mẹ bỉm thông thái nhất định phải biết! 👉 Follow Ăn dặm mẹ Dâu!
#andammeDau #andam #khoahocandam #lamtuongandam #mevabe","Sự Thật Y Khoa: Những Lầm Tưởng Khi Cho Bé Ăn Dặm 🚫
Hãy từ bỏ những thói quen truyền miệng thiếu khoa học để bảo vệ con yêu.
Follow @andammeDau ngay hôm nay!
#andammeDau #andam #nuoiconkhoahoc #mebimthongthai","Giải mã lầm tưởng tai hại khi cho bé ăn dặm | Ăn dặm mẹ Dâu #Shorts
#Shorts #andammeDau #khoahocandam"
5,5,14:30 - Bữa phụ & Bánh,Bữa phụ dinh dưỡng,Món Bánh Ăn Dặm Ngày 5,"Bữa phụ chiều thơm lừng cho bé mà không cần lò nướng, làm trong 10 phút!","Nguyên liệu: Chuối tiêu chín, yến mạch cán dẹt và lòng đỏ trứng gà. Cách làm: Xay mịn hỗn hợp, áp chảo lửa nhỏ 3 phút mỗi mặt cho bánh vàng ruộm mềm xốp.",Bánh ngọt tự nhiên bé cầm ăn cực thích. Bấm theo dõi Ăn dặm mẹ Dâu để xem thêm nhiều món bánh ngon!,"Công thức bánh ăn dặm thơm ngon cho bữa phụ chiều của bé! Siêu dễ làm tại nhà! 👉 Follow Ăn dặm mẹ Dâu!
#andammeDau #andam #banhandam #buaphuchobe #monngonchobe","Bánh Ăn Dặm Bữa Phụ Cho Bé Siêu Dễ Làm 🥞
Bữa phụ cách bữa chính 2 tiếng giúp bổ sung năng lượng mà không làm đầy bụng.
Lưu lại và follow @andammeDau ngay!
#andammeDau #andam #buaphu #chamsoccon","Cách làm bánh ăn dặm bữa phụ nhanh gọn cho bé | Ăn dặm mẹ Dâu #Shorts
#Shorts #andammeDau #banhandam"
5,6,16:30 - Tiêu hóa & Biếng ăn,Tiêu hóa SOS,Cứu Cánh Tiêu Hóa Cho Bé #5,"Bé bị táo bón, phân sống hoặc đột ngột biếng ăn? Mẹ xử lý ngay theo hướng dẫn này.","Bước 1: Bổ sung chất xơ hòa tan từ mồng tơi, khoai lang, thanh long đỏ. Bước 2: Massage bụng theo chiều kim đồng hồ 5 phút mỗi ngày. Bước 3: Cho uống đủ nước và duy trì cữ sữa chuẩn.",Hệ tiêu hóa khỏe thì con mới tăng cân đều đặn mẹ nhé. Theo dõi Ăn dặm mẹ Dâu ngay!,"Giải cứu bé bị táo bón, khó tiêu cực nhanh! Mẹo dân gian kết hợp khoa học! 👉 Follow Ăn dặm mẹ Dâu!
#andammeDau #andam #taobon #tieuhoakhoe #mevabe","Xử Lý Táo Bón Và Rối Loạn Tiêu Hóa Ở Trẻ Ăn Dặm 🚼
Đừng vội thụt tháo, hãy điều chỉnh từ chế độ ăn giàu chất xơ và massage bụng cho bé nhé.
Follow @andammeDau để xem chi tiết!
#andammeDau #andam #suckhoebe #chamsoccon","Mẹo trị táo bón và ổn định tiêu hóa cho bé ăn dặm | Ăn dặm mẹ Dâu #Shorts
#Shorts #andammeDau #taobon"
5,7,18:30 - Món chính tối,Thực đơn tối,Món Cháo Tối Ấm Bụng Ngày 5,"Bữa tối nhẹ nhàng, ấm bụng giúp bé no lâu và ngủ xuyên đêm không quấy khóc.","Gợi ý: Súp gà hạt sen bí đỏ sánh mịn hoặc cháo cá hồi cải bó xôi. Nấu chín nhừ, dễ tiêu hóa, không gây đầy bụng trước giờ đi ngủ.",Cho bé ăn tối trước giờ ngủ ít nhất 1.5 đến 2 tiếng mẹ nhé. Theo dõi Ăn dặm mẹ Dâu ngay!,"Thực đơn bữa tối ấm bụng giúp bé ngủ ngon sâu giấc cả đêm! 👉 Follow Ăn dặm mẹ Dâu!
#andammeDau #andam #thucdontoi #chaobochobe #mevabe","Món Cháo Tối Nhẹ Bụng Giúp Bé Ngủ Xuyên Đêm 🌙
Bữa tối không nên cho ăn quá no hoặc quá nhiều đạm khó tiêu. Mẹ tham khảo công thức trong video nhé.
Lưu lại và follow @andammeDau ngay!
#andammeDau #andam #monngonchobe #chamsoccon","Thực đơn cháo tối ấm bụng cho bé ngủ sâu giấc | Ăn dặm mẹ Dâu #Shorts
#Shorts #andammeDau #thucdonandam"
5,8,20:00 - Bổ sung Vi chất,Vi chất chuẩn RNI,Bổ Sung Vi Chất Đúng Liều #5,"Uống D3K2, Sắt, Canxi thế nào để hấp thu 100% mà không bị nóng trong hay táo bón?","Quy tắc: D3K2 uống buổi sáng cùng chất béo. Sắt uống lúc bụng đói cách xa cữ sữa. Canxi chỉ uống sáng hoặc trưa, không uống tối. Kẽm uống sau ăn 30 phút.",Đúng thời điểm và đúng liều lượng là chìa khóa phát triển chiều cao. Theo dõi Ăn dặm mẹ Dâu ngay!,"Thời điểm vàng bổ sung vi chất cho bé phát triển chiều cao vượt trội! 👉 Follow Ăn dặm mẹ Dâu!
#andammeDau #andam #d3k2 #bosungcanxi #vichatchobe","Thời Điểm Vàng Bổ Sung Vitamin D3K2, Sắt, Canxi Cho Bé 💊
Uống sai thời điểm không những không hấp thu mà còn gây lắng đọng thận. Mẹ xem kỹ hướng dẫn nhé.
Follow @andammeDau ngay hôm nay!
#andammeDau #andam #nuoiconkhoahoc #suckhoebe","Bảng thời điểm vàng bổ sung vi chất cho trẻ nhỏ | Ăn dặm mẹ Dâu #Shorts
#Shorts #andammeDau #vichatchobe"
5,9,21:00 - Bảo quản & Dụng cụ,Bảo quản & Dụng cụ,Mẹo Trữ Đông Thực Phẩm Ngày 5,Bảo quản đồ ăn dặm sai cách khiến vi khuẩn sinh sôi gấp 10 lần! Mẹ xem ngay quy tắc an toàn.,Lưu ý: Thức ăn nấu xong để nguội chia khay trữ đông ngay. Ngăn mát dùng trong 24 đến 48 giờ. Ngăn đông dùng trong 2 tuần. Tuyệt đối không tái cấp đông đồ đã rã đông.,Vệ sinh an toàn là nền tảng cho sức khỏe của con. Bấm theo dõi Ăn dặm mẹ Dâu ngay!,"Quy tắc cấp đông và rã đông đồ ăn dặm chuẩn vi sinh giữ trọn 95% vitamin! 👉 Follow Ăn dặm mẹ Dâu!
#andammeDau #andam #capdongdoandam #meovatmebim #chamsoccon","Quy Tắc Cấp Đông Đồ Ăn Dặm Chuẩn Y Khoa ❄️
Mẹ đi làm bận rộn hoàn toàn có thể nấu sẵn trữ đông nếu tuân thủ đúng 3 bước trong video này.
Lưu lại và follow @andammeDau ngay!
#andammeDau #andam #mebim #nuoiconkhoahoc","Quy tắc bảo quản và rã đông đồ ăn dặm chuẩn an toàn | Ăn dặm mẹ Dâu #Shorts
#Shorts #andammeDau #capdongdoandam"
5,10,22:00 - Tâm lý bàn ăn,Tâm lý & Chữa lành,Nuôi Con Không Phải Cuộc Chiến #5,Mỗi bữa ăn của con là niềm vui hay đang là một cuộc chiến căng thẳng trong gia đình mẹ?,"Thông điệp: Bố mẹ quyết định con ăn gì và ở đâu; Con quyết định con ăn bao nhiêu. Tôn trọng nhu cầu của con, không ép ăn, không so sánh cân nặng với con nhà người ta.",Một em bé vui vẻ ăn ngoan là đích đến hạnh phúc nhất. Ăn dặm mẹ Dâu luôn đồng hành cùng mẹ!,"Nuôi con là hạnh phúc, đừng biến bữa ăn thành cuộc chiến mẹ ơi! 👉 Follow Ăn dặm mẹ Dâu để tìm lại niềm vui chăm con nhé!
#andammeDau #andam #nuoiconkhongphailacuocchien #tamlymebim #mevabe","Thông Điệp Yêu Thương Gửi Mẹ Bỉm Sữa Cuối Ngày ❤️
Mỗi em bé là một cá thể độc lập với tốc độ lớn riêng. Mẹ đang làm rất tốt rồi, hãy ôm con thật chặt tối nay nhé.
Follow @andammeDau để cùng nhau nuôi con nhàn tênh!
#andammeDau #andam #chamsoccon #nuoiconkhoahoc","Nuôi con không phải là cuộc chiến | Ăn dặm mẹ Dâu #Shorts
#Shorts #andammeDau #nuoiconkhoahoc"
6,1,06:30 - Món chính sáng,Thực đơn chính,Cháo Dinh Dưỡng Ngày 6 Cho Bé,Sáng nay nấu gì cho con nhanh mà đủ 4 nhóm chất? Mẹ nấu ngay món cháo ngày 6 này nhé.,Bước 1: Nấu cháo trắng tỷ lệ phù hợp tháng tuổi. Bước 2: Thêm đạm tươi băm nhuyễn mịn. Bước 3: Cho rau củ thái nhỏ nấu chín mềm. Bước 4: Tắt bếp và thêm 5ml dầu ăn dặm.,Lưu lại thực đơn ngày hôm nay và theo dõi Ăn dặm mẹ Dâu để xem món tiếp theo!,"Gợi ý bữa sáng dinh dưỡng ngày 6 cho bé ăn dặm ngon miệng! 👉 Follow Ăn dặm mẹ Dâu ngay!
#andammeDau #andam #thucdonandam #monngonchobe #mevabe","Thực Đơn Bữa Sáng Ngày 6 Đủ 4 Nhóm Chất 🥣
Bữa sáng cung cấp năng lượng cho cả ngày hoạt động của bé. Mẹ tham khảo ngay công thức trong video nhé.
Follow @andammeDau để nhận thực đơn mỗi ngày!
#andammeDau #andam #nuoiconkhoahoc #chamsoccon","Món cháo dinh dưỡng bữa sáng ngày 6 cho bé | Ăn dặm mẹ Dâu #Shorts
#Shorts #andammeDau #andam"
6,2,08:30 - Check nhanh thực phẩm,Check thực phẩm 15s,Bé Mấy Tháng Ăn Được Món Này?,Bé mấy tháng thì bắt đầu ăn được nguyên liệu này? Xem ngay 15 giây để không cho con ăn sai thời điểm!,"Nguyên tắc: Rau củ ngọt từ 6 tháng, thịt đỏ từ 7 tháng, tôm cá từ 8 tháng, lòng trắng trứng sau 9 tháng, hải sản vỏ cứng sau 10 tháng và sữa tươi sau 1 tuổi.",Mẹ đang phân vân món nào hãy để lại bình luận phía dưới nhé. Follow Ăn dặm mẹ Dâu ngay!,"Check nhanh thời điểm ăn an toàn cho bé! Tránh cho con ăn quá sớm hại dạ dày nhé! 👉 Follow Ăn dặm mẹ Dâu!
#andammeDau #andam #checkthucpham #mebimthongthai #chamsoccon","Bé Mấy Tháng Ăn Được Món Này? Check Nhanh Cùng Mẹ Dâu ⏱️
Cho bé ăn đúng độ tuổi giúp phòng ngừa dị ứng và bảo vệ hệ tiêu hóa non nớt.
Follow @andammeDau để tra cứu thực phẩm mỗi ngày!
#andammeDau #andam #suckhoebe #nuoiconkhoahoc","Check nhanh độ tuổi ăn dặm an toàn cho bé | Ăn dặm mẹ Dâu #Shorts
#Shorts #andammeDau #checkthucpham"
6,3,10:30 - Kỹ năng tăng thô,Kỹ năng & Tăng thô,Mẹo Tăng Thô An Toàn Ngày 6,Bé lười nhai hay nôn trớ khi tăng thô? Mẹ áp dụng ngay kỹ thuật tập cơ hàm này.,Kỹ thuật 1: Giảm tỷ lệ nước trong cháo từ từ. Kỹ thuật 2: Hấp rau củ mềm dạng que cho bé tự cầm cắn bằng nướu. Kỹ thuật 3: Kiên nhẫn giới thiệu món mới ít nhất 5 đến 7 lần.,Tăng thô đúng cách giúp con phát triển ngôn ngữ và cơ hàm tốt hơn. Theo dõi Ăn dặm mẹ Dâu ngay!,"Mẹo tăng độ thô an toàn cho bé không lo nôn trớ! Tập nhai chuẩn khoa học! 👉 Follow Ăn dặm mẹ Dâu!
#andammeDau #andam #tangdotho #tapnhai #blwvietnam","Kỹ Thuật Tăng Thô Không Nôn Trớ Cho Bé Ăn Dặm 👶
Cửa sổ vàng tập nhai là 7-9 tháng, đừng xay nhuyễn quá lâu mẹ nhé.
Lưu lại và follow @andammeDau ngay!
#andammeDau #andam #chamsoccon #nuoiconkhoahoc","Mẹo tăng độ thô và tập nhai an toàn cho bé | Ăn dặm mẹ Dâu #Shorts
#Shorts #andammeDau #tangdotho"
6,4,12:00 - Giải mã lầm tưởng,Khoa học & Lầm tưởng,Giải Mã Lầm Tưởng Ăn Dặm #6,Những quan niệm truyền miệng sai lầm khi nấu ăn dặm đang làm hại sức khỏe của bé!,Sự thật y khoa: Không nêm mắm muối dưới 1 tuổi; Không ninh xương lấy nước thay thịt; Không rơ lưỡi bằng mật ong; Không ép ăn khi con đã quay đầu.,Nuôi con bằng tri thức và tình yêu thương mẹ nhé. Theo dõi Ăn dặm mẹ Dâu để cập nhật kiến thức chuẩn!,"Giải mã lầm tưởng kinh điển khi nuôi con ăn dặm! Mẹ bỉm thông thái nhất định phải biết! 👉 Follow Ăn dặm mẹ Dâu!
#andammeDau #andam #khoahocandam #lamtuongandam #mevabe","Sự Thật Y Khoa: Những Lầm Tưởng Khi Cho Bé Ăn Dặm 🚫
Hãy từ bỏ những thói quen truyền miệng thiếu khoa học để bảo vệ con yêu.
Follow @andammeDau ngay hôm nay!
#andammeDau #andam #nuoiconkhoahoc #mebimthongthai","Giải mã lầm tưởng tai hại khi cho bé ăn dặm | Ăn dặm mẹ Dâu #Shorts
#Shorts #andammeDau #khoahocandam"
6,5,14:30 - Bữa phụ & Bánh,Bữa phụ dinh dưỡng,Món Bánh Ăn Dặm Ngày 6,"Bữa phụ chiều thơm lừng cho bé mà không cần lò nướng, làm trong 10 phút!","Nguyên liệu: Chuối tiêu chín, yến mạch cán dẹt và lòng đỏ trứng gà. Cách làm: Xay mịn hỗn hợp, áp chảo lửa nhỏ 3 phút mỗi mặt cho bánh vàng ruộm mềm xốp.",Bánh ngọt tự nhiên bé cầm ăn cực thích. Bấm theo dõi Ăn dặm mẹ Dâu để xem thêm nhiều món bánh ngon!,"Công thức bánh ăn dặm thơm ngon cho bữa phụ chiều của bé! Siêu dễ làm tại nhà! 👉 Follow Ăn dặm mẹ Dâu!
#andammeDau #andam #banhandam #buaphuchobe #monngonchobe","Bánh Ăn Dặm Bữa Phụ Cho Bé Siêu Dễ Làm 🥞
Bữa phụ cách bữa chính 2 tiếng giúp bổ sung năng lượng mà không làm đầy bụng.
Lưu lại và follow @andammeDau ngay!
#andammeDau #andam #buaphu #chamsoccon","Cách làm bánh ăn dặm bữa phụ nhanh gọn cho bé | Ăn dặm mẹ Dâu #Shorts
#Shorts #andammeDau #banhandam"
6,6,16:30 - Tiêu hóa & Biếng ăn,Tiêu hóa SOS,Cứu Cánh Tiêu Hóa Cho Bé #6,"Bé bị táo bón, phân sống hoặc đột ngột biếng ăn? Mẹ xử lý ngay theo hướng dẫn này.","Bước 1: Bổ sung chất xơ hòa tan từ mồng tơi, khoai lang, thanh long đỏ. Bước 2: Massage bụng theo chiều kim đồng hồ 5 phút mỗi ngày. Bước 3: Cho uống đủ nước và duy trì cữ sữa chuẩn.",Hệ tiêu hóa khỏe thì con mới tăng cân đều đặn mẹ nhé. Theo dõi Ăn dặm mẹ Dâu ngay!,"Giải cứu bé bị táo bón, khó tiêu cực nhanh! Mẹo dân gian kết hợp khoa học! 👉 Follow Ăn dặm mẹ Dâu!
#andammeDau #andam #taobon #tieuhoakhoe #mevabe","Xử Lý Táo Bón Và Rối Loạn Tiêu Hóa Ở Trẻ Ăn Dặm 🚼
Đừng vội thụt tháo, hãy điều chỉnh từ chế độ ăn giàu chất xơ và massage bụng cho bé nhé.
Follow @andammeDau để xem chi tiết!
#andammeDau #andam #suckhoebe #chamsoccon","Mẹo trị táo bón và ổn định tiêu hóa cho bé ăn dặm | Ăn dặm mẹ Dâu #Shorts
#Shorts #andammeDau #taobon"
6,7,18:30 - Món chính tối,Thực đơn tối,Món Cháo Tối Ấm Bụng Ngày 6,"Bữa tối nhẹ nhàng, ấm bụng giúp bé no lâu và ngủ xuyên đêm không quấy khóc.","Gợi ý: Súp gà hạt sen bí đỏ sánh mịn hoặc cháo cá hồi cải bó xôi. Nấu chín nhừ, dễ tiêu hóa, không gây đầy bụng trước giờ đi ngủ.",Cho bé ăn tối trước giờ ngủ ít nhất 1.5 đến 2 tiếng mẹ nhé. Theo dõi Ăn dặm mẹ Dâu ngay!,"Thực đơn bữa tối ấm bụng giúp bé ngủ ngon sâu giấc cả đêm! 👉 Follow Ăn dặm mẹ Dâu!
#andammeDau #andam #thucdontoi #chaobochobe #mevabe","Món Cháo Tối Nhẹ Bụng Giúp Bé Ngủ Xuyên Đêm 🌙
Bữa tối không nên cho ăn quá no hoặc quá nhiều đạm khó tiêu. Mẹ tham khảo công thức trong video nhé.
Lưu lại và follow @andammeDau ngay!
#andammeDau #andam #monngonchobe #chamsoccon","Thực đơn cháo tối ấm bụng cho bé ngủ sâu giấc | Ăn dặm mẹ Dâu #Shorts
#Shorts #andammeDau #thucdonandam"
6,8,20:00 - Bổ sung Vi chất,Vi chất chuẩn RNI,Bổ Sung Vi Chất Đúng Liều #6,"Uống D3K2, Sắt, Canxi thế nào để hấp thu 100% mà không bị nóng trong hay táo bón?","Quy tắc: D3K2 uống buổi sáng cùng chất béo. Sắt uống lúc bụng đói cách xa cữ sữa. Canxi chỉ uống sáng hoặc trưa, không uống tối. Kẽm uống sau ăn 30 phút.",Đúng thời điểm và đúng liều lượng là chìa khóa phát triển chiều cao. Theo dõi Ăn dặm mẹ Dâu ngay!,"Thời điểm vàng bổ sung vi chất cho bé phát triển chiều cao vượt trội! 👉 Follow Ăn dặm mẹ Dâu!
#andammeDau #andam #d3k2 #bosungcanxi #vichatchobe","Thời Điểm Vàng Bổ Sung Vitamin D3K2, Sắt, Canxi Cho Bé 💊
Uống sai thời điểm không những không hấp thu mà còn gây lắng đọng thận. Mẹ xem kỹ hướng dẫn nhé.
Follow @andammeDau ngay hôm nay!
#andammeDau #andam #nuoiconkhoahoc #suckhoebe","Bảng thời điểm vàng bổ sung vi chất cho trẻ nhỏ | Ăn dặm mẹ Dâu #Shorts
#Shorts #andammeDau #vichatchobe"
6,9,21:00 - Bảo quản & Dụng cụ,Bảo quản & Dụng cụ,Mẹo Trữ Đông Thực Phẩm Ngày 6,Bảo quản đồ ăn dặm sai cách khiến vi khuẩn sinh sôi gấp 10 lần! Mẹ xem ngay quy tắc an toàn.,Lưu ý: Thức ăn nấu xong để nguội chia khay trữ đông ngay. Ngăn mát dùng trong 24 đến 48 giờ. Ngăn đông dùng trong 2 tuần. Tuyệt đối không tái cấp đông đồ đã rã đông.,Vệ sinh an toàn là nền tảng cho sức khỏe của con. Bấm theo dõi Ăn dặm mẹ Dâu ngay!,"Quy tắc cấp đông và rã đông đồ ăn dặm chuẩn vi sinh giữ trọn 95% vitamin! 👉 Follow Ăn dặm mẹ Dâu!
#andammeDau #andam #capdongdoandam #meovatmebim #chamsoccon","Quy Tắc Cấp Đông Đồ Ăn Dặm Chuẩn Y Khoa ❄️
Mẹ đi làm bận rộn hoàn toàn có thể nấu sẵn trữ đông nếu tuân thủ đúng 3 bước trong video này.
Lưu lại và follow @andammeDau ngay!
#andammeDau #andam #mebim #nuoiconkhoahoc","Quy tắc bảo quản và rã đông đồ ăn dặm chuẩn an toàn | Ăn dặm mẹ Dâu #Shorts
#Shorts #andammeDau #capdongdoandam"
6,10,22:00 - Tâm lý bàn ăn,Tâm lý & Chữa lành,Nuôi Con Không Phải Cuộc Chiến #6,Mỗi bữa ăn của con là niềm vui hay đang là một cuộc chiến căng thẳng trong gia đình mẹ?,"Thông điệp: Bố mẹ quyết định con ăn gì và ở đâu; Con quyết định con ăn bao nhiêu. Tôn trọng nhu cầu của con, không ép ăn, không so sánh cân nặng với con nhà người ta.",Một em bé vui vẻ ăn ngoan là đích đến hạnh phúc nhất. Ăn dặm mẹ Dâu luôn đồng hành cùng mẹ!,"Nuôi con là hạnh phúc, đừng biến bữa ăn thành cuộc chiến mẹ ơi! 👉 Follow Ăn dặm mẹ Dâu để tìm lại niềm vui chăm con nhé!
#andammeDau #andam #nuoiconkhongphailacuocchien #tamlymebim #mevabe","Thông Điệp Yêu Thương Gửi Mẹ Bỉm Sữa Cuối Ngày ❤️
Mỗi em bé là một cá thể độc lập với tốc độ lớn riêng. Mẹ đang làm rất tốt rồi, hãy ôm con thật chặt tối nay nhé.
Follow @andammeDau để cùng nhau nuôi con nhàn tênh!
#andammeDau #andam #chamsoccon #nuoiconkhoahoc","Nuôi con không phải là cuộc chiến | Ăn dặm mẹ Dâu #Shorts
#Shorts #andammeDau #nuoiconkhoahoc"
7,1,06:30 - Món chính sáng,Thực đơn chính,Cháo Dinh Dưỡng Ngày 7 Cho Bé,Sáng nay nấu gì cho con nhanh mà đủ 4 nhóm chất? Mẹ nấu ngay món cháo ngày 7 này nhé.,Bước 1: Nấu cháo trắng tỷ lệ phù hợp tháng tuổi. Bước 2: Thêm đạm tươi băm nhuyễn mịn. Bước 3: Cho rau củ thái nhỏ nấu chín mềm. Bước 4: Tắt bếp và thêm 5ml dầu ăn dặm.,Lưu lại thực đơn ngày hôm nay và theo dõi Ăn dặm mẹ Dâu để xem món tiếp theo!,"Gợi ý bữa sáng dinh dưỡng ngày 7 cho bé ăn dặm ngon miệng! 👉 Follow Ăn dặm mẹ Dâu ngay!
#andammeDau #andam #thucdonandam #monngonchobe #mevabe","Thực Đơn Bữa Sáng Ngày 7 Đủ 4 Nhóm Chất 🥣
Bữa sáng cung cấp năng lượng cho cả ngày hoạt động của bé. Mẹ tham khảo ngay công thức trong video nhé.
Follow @andammeDau để nhận thực đơn mỗi ngày!
#andammeDau #andam #nuoiconkhoahoc #chamsoccon","Món cháo dinh dưỡng bữa sáng ngày 7 cho bé | Ăn dặm mẹ Dâu #Shorts
#Shorts #andammeDau #andam"
7,2,08:30 - Check nhanh thực phẩm,Check thực phẩm 15s,Bé Mấy Tháng Ăn Được Món Này?,Bé mấy tháng thì bắt đầu ăn được nguyên liệu này? Xem ngay 15 giây để không cho con ăn sai thời điểm!,"Nguyên tắc: Rau củ ngọt từ 6 tháng, thịt đỏ từ 7 tháng, tôm cá từ 8 tháng, lòng trắng trứng sau 9 tháng, hải sản vỏ cứng sau 10 tháng và sữa tươi sau 1 tuổi.",Mẹ đang phân vân món nào hãy để lại bình luận phía dưới nhé. Follow Ăn dặm mẹ Dâu ngay!,"Check nhanh thời điểm ăn an toàn cho bé! Tránh cho con ăn quá sớm hại dạ dày nhé! 👉 Follow Ăn dặm mẹ Dâu!
#andammeDau #andam #checkthucpham #mebimthongthai #chamsoccon","Bé Mấy Tháng Ăn Được Món Này? Check Nhanh Cùng Mẹ Dâu ⏱️
Cho bé ăn đúng độ tuổi giúp phòng ngừa dị ứng và bảo vệ hệ tiêu hóa non nớt.
Follow @andammeDau để tra cứu thực phẩm mỗi ngày!
#andammeDau #andam #suckhoebe #nuoiconkhoahoc","Check nhanh độ tuổi ăn dặm an toàn cho bé | Ăn dặm mẹ Dâu #Shorts
#Shorts #andammeDau #checkthucpham"
7,3,10:30 - Kỹ năng tăng thô,Kỹ năng & Tăng thô,Mẹo Tăng Thô An Toàn Ngày 7,Bé lười nhai hay nôn trớ khi tăng thô? Mẹ áp dụng ngay kỹ thuật tập cơ hàm này.,Kỹ thuật 1: Giảm tỷ lệ nước trong cháo từ từ. Kỹ thuật 2: Hấp rau củ mềm dạng que cho bé tự cầm cắn bằng nướu. Kỹ thuật 3: Kiên nhẫn giới thiệu món mới ít nhất 5 đến 7 lần.,Tăng thô đúng cách giúp con phát triển ngôn ngữ và cơ hàm tốt hơn. Theo dõi Ăn dặm mẹ Dâu ngay!,"Mẹo tăng độ thô an toàn cho bé không lo nôn trớ! Tập nhai chuẩn khoa học! 👉 Follow Ăn dặm mẹ Dâu!
#andammeDau #andam #tangdotho #tapnhai #blwvietnam","Kỹ Thuật Tăng Thô Không Nôn Trớ Cho Bé Ăn Dặm 👶
Cửa sổ vàng tập nhai là 7-9 tháng, đừng xay nhuyễn quá lâu mẹ nhé.
Lưu lại và follow @andammeDau ngay!
#andammeDau #andam #chamsoccon #nuoiconkhoahoc","Mẹo tăng độ thô và tập nhai an toàn cho bé | Ăn dặm mẹ Dâu #Shorts
#Shorts #andammeDau #tangdotho"
7,4,12:00 - Giải mã lầm tưởng,Khoa học & Lầm tưởng,Giải Mã Lầm Tưởng Ăn Dặm #7,Những quan niệm truyền miệng sai lầm khi nấu ăn dặm đang làm hại sức khỏe của bé!,Sự thật y khoa: Không nêm mắm muối dưới 1 tuổi; Không ninh xương lấy nước thay thịt; Không rơ lưỡi bằng mật ong; Không ép ăn khi con đã quay đầu.,Nuôi con bằng tri thức và tình yêu thương mẹ nhé. Theo dõi Ăn dặm mẹ Dâu để cập nhật kiến thức chuẩn!,"Giải mã lầm tưởng kinh điển khi nuôi con ăn dặm! Mẹ bỉm thông thái nhất định phải biết! 👉 Follow Ăn dặm mẹ Dâu!
#andammeDau #andam #khoahocandam #lamtuongandam #mevabe","Sự Thật Y Khoa: Những Lầm Tưởng Khi Cho Bé Ăn Dặm 🚫
Hãy từ bỏ những thói quen truyền miệng thiếu khoa học để bảo vệ con yêu.
Follow @andammeDau ngay hôm nay!
#andammeDau #andam #nuoiconkhoahoc #mebimthongthai","Giải mã lầm tưởng tai hại khi cho bé ăn dặm | Ăn dặm mẹ Dâu #Shorts
#Shorts #andammeDau #khoahocandam"
7,5,14:30 - Bữa phụ & Bánh,Bữa phụ dinh dưỡng,Món Bánh Ăn Dặm Ngày 7,"Bữa phụ chiều thơm lừng cho bé mà không cần lò nướng, làm trong 10 phút!","Nguyên liệu: Chuối tiêu chín, yến mạch cán dẹt và lòng đỏ trứng gà. Cách làm: Xay mịn hỗn hợp, áp chảo lửa nhỏ 3 phút mỗi mặt cho bánh vàng ruộm mềm xốp.",Bánh ngọt tự nhiên bé cầm ăn cực thích. Bấm theo dõi Ăn dặm mẹ Dâu để xem thêm nhiều món bánh ngon!,"Công thức bánh ăn dặm thơm ngon cho bữa phụ chiều của bé! Siêu dễ làm tại nhà! 👉 Follow Ăn dặm mẹ Dâu!
#andammeDau #andam #banhandam #buaphuchobe #monngonchobe","Bánh Ăn Dặm Bữa Phụ Cho Bé Siêu Dễ Làm 🥞
Bữa phụ cách bữa chính 2 tiếng giúp bổ sung năng lượng mà không làm đầy bụng.
Lưu lại và follow @andammeDau ngay!
#andammeDau #andam #buaphu #chamsoccon","Cách làm bánh ăn dặm bữa phụ nhanh gọn cho bé | Ăn dặm mẹ Dâu #Shorts
#Shorts #andammeDau #banhandam"
7,6,16:30 - Tiêu hóa & Biếng ăn,Tiêu hóa SOS,Cứu Cánh Tiêu Hóa Cho Bé #7,"Bé bị táo bón, phân sống hoặc đột ngột biếng ăn? Mẹ xử lý ngay theo hướng dẫn này.","Bước 1: Bổ sung chất xơ hòa tan từ mồng tơi, khoai lang, thanh long đỏ. Bước 2: Massage bụng theo chiều kim đồng hồ 5 phút mỗi ngày. Bước 3: Cho uống đủ nước và duy trì cữ sữa chuẩn.",Hệ tiêu hóa khỏe thì con mới tăng cân đều đặn mẹ nhé. Theo dõi Ăn dặm mẹ Dâu ngay!,"Giải cứu bé bị táo bón, khó tiêu cực nhanh! Mẹo dân gian kết hợp khoa học! 👉 Follow Ăn dặm mẹ Dâu!
#andammeDau #andam #taobon #tieuhoakhoe #mevabe","Xử Lý Táo Bón Và Rối Loạn Tiêu Hóa Ở Trẻ Ăn Dặm 🚼
Đừng vội thụt tháo, hãy điều chỉnh từ chế độ ăn giàu chất xơ và massage bụng cho bé nhé.
Follow @andammeDau để xem chi tiết!
#andammeDau #andam #suckhoebe #chamsoccon","Mẹo trị táo bón và ổn định tiêu hóa cho bé ăn dặm | Ăn dặm mẹ Dâu #Shorts
#Shorts #andammeDau #taobon"
7,7,18:30 - Món chính tối,Thực đơn tối,Món Cháo Tối Ấm Bụng Ngày 7,"Bữa tối nhẹ nhàng, ấm bụng giúp bé no lâu và ngủ xuyên đêm không quấy khóc.","Gợi ý: Súp gà hạt sen bí đỏ sánh mịn hoặc cháo cá hồi cải bó xôi. Nấu chín nhừ, dễ tiêu hóa, không gây đầy bụng trước giờ đi ngủ.",Cho bé ăn tối trước giờ ngủ ít nhất 1.5 đến 2 tiếng mẹ nhé. Theo dõi Ăn dặm mẹ Dâu ngay!,"Thực đơn bữa tối ấm bụng giúp bé ngủ ngon sâu giấc cả đêm! 👉 Follow Ăn dặm mẹ Dâu!
#andammeDau #andam #thucdontoi #chaobochobe #mevabe","Món Cháo Tối Nhẹ Bụng Giúp Bé Ngủ Xuyên Đêm 🌙
Bữa tối không nên cho ăn quá no hoặc quá nhiều đạm khó tiêu. Mẹ tham khảo công thức trong video nhé.
Lưu lại và follow @andammeDau ngay!
#andammeDau #andam #monngonchobe #chamsoccon","Thực đơn cháo tối ấm bụng cho bé ngủ sâu giấc | Ăn dặm mẹ Dâu #Shorts
#Shorts #andammeDau #thucdonandam"
7,8,20:00 - Bổ sung Vi chất,Vi chất chuẩn RNI,Bổ Sung Vi Chất Đúng Liều #7,"Uống D3K2, Sắt, Canxi thế nào để hấp thu 100% mà không bị nóng trong hay táo bón?","Quy tắc: D3K2 uống buổi sáng cùng chất béo. Sắt uống lúc bụng đói cách xa cữ sữa. Canxi chỉ uống sáng hoặc trưa, không uống tối. Kẽm uống sau ăn 30 phút.",Đúng thời điểm và đúng liều lượng là chìa khóa phát triển chiều cao. Theo dõi Ăn dặm mẹ Dâu ngay!,"Thời điểm vàng bổ sung vi chất cho bé phát triển chiều cao vượt trội! 👉 Follow Ăn dặm mẹ Dâu!
#andammeDau #andam #d3k2 #bosungcanxi #vichatchobe","Thời Điểm Vàng Bổ Sung Vitamin D3K2, Sắt, Canxi Cho Bé 💊
Uống sai thời điểm không những không hấp thu mà còn gây lắng đọng thận. Mẹ xem kỹ hướng dẫn nhé.
Follow @andammeDau ngay hôm nay!
#andammeDau #andam #nuoiconkhoahoc #suckhoebe","Bảng thời điểm vàng bổ sung vi chất cho trẻ nhỏ | Ăn dặm mẹ Dâu #Shorts
#Shorts #andammeDau #vichatchobe"
7,9,21:00 - Bảo quản & Dụng cụ,Bảo quản & Dụng cụ,Mẹo Trữ Đông Thực Phẩm Ngày 7,Bảo quản đồ ăn dặm sai cách khiến vi khuẩn sinh sôi gấp 10 lần! Mẹ xem ngay quy tắc an toàn.,Lưu ý: Thức ăn nấu xong để nguội chia khay trữ đông ngay. Ngăn mát dùng trong 24 đến 48 giờ. Ngăn đông dùng trong 2 tuần. Tuyệt đối không tái cấp đông đồ đã rã đông.,Vệ sinh an toàn là nền tảng cho sức khỏe của con. Bấm theo dõi Ăn dặm mẹ Dâu ngay!,"Quy tắc cấp đông và rã đông đồ ăn dặm chuẩn vi sinh giữ trọn 95% vitamin! 👉 Follow Ăn dặm mẹ Dâu!
#andammeDau #andam #capdongdoandam #meovatmebim #chamsoccon","Quy Tắc Cấp Đông Đồ Ăn Dặm Chuẩn Y Khoa ❄️
Mẹ đi làm bận rộn hoàn toàn có thể nấu sẵn trữ đông nếu tuân thủ đúng 3 bước trong video này.
Lưu lại và follow @andammeDau ngay!
#andammeDau #andam #mebim #nuoiconkhoahoc","Quy tắc bảo quản và rã đông đồ ăn dặm chuẩn an toàn | Ăn dặm mẹ Dâu #Shorts
#Shorts #andammeDau #capdongdoandam"
7,10,22:00 - Tâm lý bàn ăn,Tâm lý & Chữa lành,Nuôi Con Không Phải Cuộc Chiến #7,Mỗi bữa ăn của con là niềm vui hay đang là một cuộc chiến căng thẳng trong gia đình mẹ?,"Thông điệp: Bố mẹ quyết định con ăn gì và ở đâu; Con quyết định con ăn bao nhiêu. Tôn trọng nhu cầu của con, không ép ăn, không so sánh cân nặng với con nhà người ta.",Một em bé vui vẻ ăn ngoan là đích đến hạnh phúc nhất. Ăn dặm mẹ Dâu luôn đồng hành cùng mẹ!,"Nuôi con là hạnh phúc, đừng biến bữa ăn thành cuộc chiến mẹ ơi! 👉 Follow Ăn dặm mẹ Dâu để tìm lại niềm vui chăm con nhé!
#andammeDau #andam #nuoiconkhongphailacuocchien #tamlymebim #mevabe","Thông Điệp Yêu Thương Gửi Mẹ Bỉm Sữa Cuối Ngày ❤️
Mỗi em bé là một cá thể độc lập với tốc độ lớn riêng. Mẹ đang làm rất tốt rồi, hãy ôm con thật chặt tối nay nhé.
Follow @andammeDau để cùng nhau nuôi con nhàn tênh!
#andammeDau #andam #chamsoccon #nuoiconkhoahoc","Nuôi con không phải là cuộc chiến | Ăn dặm mẹ Dâu #Shorts
#Shorts #andammeDau #nuoiconkhoahoc"
8,1,06:30 - Món chính sáng,Thực đơn chính,Cháo Dinh Dưỡng Ngày 8 Cho Bé,Sáng nay nấu gì cho con nhanh mà đủ 4 nhóm chất? Mẹ nấu ngay món cháo ngày 8 này nhé.,Bước 1: Nấu cháo trắng tỷ lệ phù hợp tháng tuổi. Bước 2: Thêm đạm tươi băm nhuyễn mịn. Bước 3: Cho rau củ thái nhỏ nấu chín mềm. Bước 4: Tắt bếp và thêm 5ml dầu ăn dặm.,Lưu lại thực đơn ngày hôm nay và theo dõi Ăn dặm mẹ Dâu để xem món tiếp theo!,"Gợi ý bữa sáng dinh dưỡng ngày 8 cho bé ăn dặm ngon miệng! 👉 Follow Ăn dặm mẹ Dâu ngay!
#andammeDau #andam #thucdonandam #monngonchobe #mevabe","Thực Đơn Bữa Sáng Ngày 8 Đủ 4 Nhóm Chất 🥣
Bữa sáng cung cấp năng lượng cho cả ngày hoạt động của bé. Mẹ tham khảo ngay công thức trong video nhé.
Follow @andammeDau để nhận thực đơn mỗi ngày!
#andammeDau #andam #nuoiconkhoahoc #chamsoccon","Món cháo dinh dưỡng bữa sáng ngày 8 cho bé | Ăn dặm mẹ Dâu #Shorts
#Shorts #andammeDau #andam"
8,2,08:30 - Check nhanh thực phẩm,Check thực phẩm 15s,Bé Mấy Tháng Ăn Được Món Này?,Bé mấy tháng thì bắt đầu ăn được nguyên liệu này? Xem ngay 15 giây để không cho con ăn sai thời điểm!,"Nguyên tắc: Rau củ ngọt từ 6 tháng, thịt đỏ từ 7 tháng, tôm cá từ 8 tháng, lòng trắng trứng sau 9 tháng, hải sản vỏ cứng sau 10 tháng và sữa tươi sau 1 tuổi.",Mẹ đang phân vân món nào hãy để lại bình luận phía dưới nhé. Follow Ăn dặm mẹ Dâu ngay!,"Check nhanh thời điểm ăn an toàn cho bé! Tránh cho con ăn quá sớm hại dạ dày nhé! 👉 Follow Ăn dặm mẹ Dâu!
#andammeDau #andam #checkthucpham #mebimthongthai #chamsoccon","Bé Mấy Tháng Ăn Được Món Này? Check Nhanh Cùng Mẹ Dâu ⏱️
Cho bé ăn đúng độ tuổi giúp phòng ngừa dị ứng và bảo vệ hệ tiêu hóa non nớt.
Follow @andammeDau để tra cứu thực phẩm mỗi ngày!
#andammeDau #andam #suckhoebe #nuoiconkhoahoc","Check nhanh độ tuổi ăn dặm an toàn cho bé | Ăn dặm mẹ Dâu #Shorts
#Shorts #andammeDau #checkthucpham"
8,3,10:30 - Kỹ năng tăng thô,Kỹ năng & Tăng thô,Mẹo Tăng Thô An Toàn Ngày 8,Bé lười nhai hay nôn trớ khi tăng thô? Mẹ áp dụng ngay kỹ thuật tập cơ hàm này.,Kỹ thuật 1: Giảm tỷ lệ nước trong cháo từ từ. Kỹ thuật 2: Hấp rau củ mềm dạng que cho bé tự cầm cắn bằng nướu. Kỹ thuật 3: Kiên nhẫn giới thiệu món mới ít nhất 5 đến 7 lần.,Tăng thô đúng cách giúp con phát triển ngôn ngữ và cơ hàm tốt hơn. Theo dõi Ăn dặm mẹ Dâu ngay!,"Mẹo tăng độ thô an toàn cho bé không lo nôn trớ! Tập nhai chuẩn khoa học! 👉 Follow Ăn dặm mẹ Dâu!
#andammeDau #andam #tangdotho #tapnhai #blwvietnam","Kỹ Thuật Tăng Thô Không Nôn Trớ Cho Bé Ăn Dặm 👶
Cửa sổ vàng tập nhai là 7-9 tháng, đừng xay nhuyễn quá lâu mẹ nhé.
Lưu lại và follow @andammeDau ngay!
#andammeDau #andam #chamsoccon #nuoiconkhoahoc","Mẹo tăng độ thô và tập nhai an toàn cho bé | Ăn dặm mẹ Dâu #Shorts
#Shorts #andammeDau #tangdotho"
8,4,12:00 - Giải mã lầm tưởng,Khoa học & Lầm tưởng,Giải Mã Lầm Tưởng Ăn Dặm #8,Những quan niệm truyền miệng sai lầm khi nấu ăn dặm đang làm hại sức khỏe của bé!,Sự thật y khoa: Không nêm mắm muối dưới 1 tuổi; Không ninh xương lấy nước thay thịt; Không rơ lưỡi bằng mật ong; Không ép ăn khi con đã quay đầu.,Nuôi con bằng tri thức và tình yêu thương mẹ nhé. Theo dõi Ăn dặm mẹ Dâu để cập nhật kiến thức chuẩn!,"Giải mã lầm tưởng kinh điển khi nuôi con ăn dặm! Mẹ bỉm thông thái nhất định phải biết! 👉 Follow Ăn dặm mẹ Dâu!
#andammeDau #andam #khoahocandam #lamtuongandam #mevabe","Sự Thật Y Khoa: Những Lầm Tưởng Khi Cho Bé Ăn Dặm 🚫
Hãy từ bỏ những thói quen truyền miệng thiếu khoa học để bảo vệ con yêu.
Follow @andammeDau ngay hôm nay!
#andammeDau #andam #nuoiconkhoahoc #mebimthongthai","Giải mã lầm tưởng tai hại khi cho bé ăn dặm | Ăn dặm mẹ Dâu #Shorts
#Shorts #andammeDau #khoahocandam"
8,5,14:30 - Bữa phụ & Bánh,Bữa phụ dinh dưỡng,Món Bánh Ăn Dặm Ngày 8,"Bữa phụ chiều thơm lừng cho bé mà không cần lò nướng, làm trong 10 phút!","Nguyên liệu: Chuối tiêu chín, yến mạch cán dẹt và lòng đỏ trứng gà. Cách làm: Xay mịn hỗn hợp, áp chảo lửa nhỏ 3 phút mỗi mặt cho bánh vàng ruộm mềm xốp.",Bánh ngọt tự nhiên bé cầm ăn cực thích. Bấm theo dõi Ăn dặm mẹ Dâu để xem thêm nhiều món bánh ngon!,"Công thức bánh ăn dặm thơm ngon cho bữa phụ chiều của bé! Siêu dễ làm tại nhà! 👉 Follow Ăn dặm mẹ Dâu!
#andammeDau #andam #banhandam #buaphuchobe #monngonchobe","Bánh Ăn Dặm Bữa Phụ Cho Bé Siêu Dễ Làm 🥞
Bữa phụ cách bữa chính 2 tiếng giúp bổ sung năng lượng mà không làm đầy bụng.
Lưu lại và follow @andammeDau ngay!
#andammeDau #andam #buaphu #chamsoccon","Cách làm bánh ăn dặm bữa phụ nhanh gọn cho bé | Ăn dặm mẹ Dâu #Shorts
#Shorts #andammeDau #banhandam"
8,6,16:30 - Tiêu hóa & Biếng ăn,Tiêu hóa SOS,Cứu Cánh Tiêu Hóa Cho Bé #8,"Bé bị táo bón, phân sống hoặc đột ngột biếng ăn? Mẹ xử lý ngay theo hướng dẫn này.","Bước 1: Bổ sung chất xơ hòa tan từ mồng tơi, khoai lang, thanh long đỏ. Bước 2: Massage bụng theo chiều kim đồng hồ 5 phút mỗi ngày. Bước 3: Cho uống đủ nước và duy trì cữ sữa chuẩn.",Hệ tiêu hóa khỏe thì con mới tăng cân đều đặn mẹ nhé. Theo dõi Ăn dặm mẹ Dâu ngay!,"Giải cứu bé bị táo bón, khó tiêu cực nhanh! Mẹo dân gian kết hợp khoa học! 👉 Follow Ăn dặm mẹ Dâu!
#andammeDau #andam #taobon #tieuhoakhoe #mevabe","Xử Lý Táo Bón Và Rối Loạn Tiêu Hóa Ở Trẻ Ăn Dặm 🚼
Đừng vội thụt tháo, hãy điều chỉnh từ chế độ ăn giàu chất xơ và massage bụng cho bé nhé.
Follow @andammeDau để xem chi tiết!
#andammeDau #andam #suckhoebe #chamsoccon","Mẹo trị táo bón và ổn định tiêu hóa cho bé ăn dặm | Ăn dặm mẹ Dâu #Shorts
#Shorts #andammeDau #taobon"
8,7,18:30 - Món chính tối,Thực đơn tối,Món Cháo Tối Ấm Bụng Ngày 8,"Bữa tối nhẹ nhàng, ấm bụng giúp bé no lâu và ngủ xuyên đêm không quấy khóc.","Gợi ý: Súp gà hạt sen bí đỏ sánh mịn hoặc cháo cá hồi cải bó xôi. Nấu chín nhừ, dễ tiêu hóa, không gây đầy bụng trước giờ đi ngủ.",Cho bé ăn tối trước giờ ngủ ít nhất 1.5 đến 2 tiếng mẹ nhé. Theo dõi Ăn dặm mẹ Dâu ngay!,"Thực đơn bữa tối ấm bụng giúp bé ngủ ngon sâu giấc cả đêm! 👉 Follow Ăn dặm mẹ Dâu!
#andammeDau #andam #thucdontoi #chaobochobe #mevabe","Món Cháo Tối Nhẹ Bụng Giúp Bé Ngủ Xuyên Đêm 🌙
Bữa tối không nên cho ăn quá no hoặc quá nhiều đạm khó tiêu. Mẹ tham khảo công thức trong video nhé.
Lưu lại và follow @andammeDau ngay!
#andammeDau #andam #monngonchobe #chamsoccon","Thực đơn cháo tối ấm bụng cho bé ngủ sâu giấc | Ăn dặm mẹ Dâu #Shorts
#Shorts #andammeDau #thucdonandam"
8,8,20:00 - Bổ sung Vi chất,Vi chất chuẩn RNI,Bổ Sung Vi Chất Đúng Liều #8,"Uống D3K2, Sắt, Canxi thế nào để hấp thu 100% mà không bị nóng trong hay táo bón?","Quy tắc: D3K2 uống buổi sáng cùng chất béo. Sắt uống lúc bụng đói cách xa cữ sữa. Canxi chỉ uống sáng hoặc trưa, không uống tối. Kẽm uống sau ăn 30 phút.",Đúng thời điểm và đúng liều lượng là chìa khóa phát triển chiều cao. Theo dõi Ăn dặm mẹ Dâu ngay!,"Thời điểm vàng bổ sung vi chất cho bé phát triển chiều cao vượt trội! 👉 Follow Ăn dặm mẹ Dâu!
#andammeDau #andam #d3k2 #bosungcanxi #vichatchobe","Thời Điểm Vàng Bổ Sung Vitamin D3K2, Sắt, Canxi Cho Bé 💊
Uống sai thời điểm không những không hấp thu mà còn gây lắng đọng thận. Mẹ xem kỹ hướng dẫn nhé.
Follow @andammeDau ngay hôm nay!
#andammeDau #andam #nuoiconkhoahoc #suckhoebe","Bảng thời điểm vàng bổ sung vi chất cho trẻ nhỏ | Ăn dặm mẹ Dâu #Shorts
#Shorts #andammeDau #vichatchobe"
8,9,21:00 - Bảo quản & Dụng cụ,Bảo quản & Dụng cụ,Mẹo Trữ Đông Thực Phẩm Ngày 8,Bảo quản đồ ăn dặm sai cách khiến vi khuẩn sinh sôi gấp 10 lần! Mẹ xem ngay quy tắc an toàn.,Lưu ý: Thức ăn nấu xong để nguội chia khay trữ đông ngay. Ngăn mát dùng trong 24 đến 48 giờ. Ngăn đông dùng trong 2 tuần. Tuyệt đối không tái cấp đông đồ đã rã đông.,Vệ sinh an toàn là nền tảng cho sức khỏe của con. Bấm theo dõi Ăn dặm mẹ Dâu ngay!,"Quy tắc cấp đông và rã đông đồ ăn dặm chuẩn vi sinh giữ trọn 95% vitamin! 👉 Follow Ăn dặm mẹ Dâu!
#andammeDau #andam #capdongdoandam #meovatmebim #chamsoccon","Quy Tắc Cấp Đông Đồ Ăn Dặm Chuẩn Y Khoa ❄️
Mẹ đi làm bận rộn hoàn toàn có thể nấu sẵn trữ đông nếu tuân thủ đúng 3 bước trong video này.
Lưu lại và follow @andammeDau ngay!
#andammeDau #andam #mebim #nuoiconkhoahoc","Quy tắc bảo quản và rã đông đồ ăn dặm chuẩn an toàn | Ăn dặm mẹ Dâu #Shorts
#Shorts #andammeDau #capdongdoandam"
8,10,22:00 - Tâm lý bàn ăn,Tâm lý & Chữa lành,Nuôi Con Không Phải Cuộc Chiến #8,Mỗi bữa ăn của con là niềm vui hay đang là một cuộc chiến căng thẳng trong gia đình mẹ?,"Thông điệp: Bố mẹ quyết định con ăn gì và ở đâu; Con quyết định con ăn bao nhiêu. Tôn trọng nhu cầu của con, không ép ăn, không so sánh cân nặng với con nhà người ta.",Một em bé vui vẻ ăn ngoan là đích đến hạnh phúc nhất. Ăn dặm mẹ Dâu luôn đồng hành cùng mẹ!,"Nuôi con là hạnh phúc, đừng biến bữa ăn thành cuộc chiến mẹ ơi! 👉 Follow Ăn dặm mẹ Dâu để tìm lại niềm vui chăm con nhé!
#andammeDau #andam #nuoiconkhongphailacuocchien #tamlymebim #mevabe","Thông Điệp Yêu Thương Gửi Mẹ Bỉm Sữa Cuối Ngày ❤️
Mỗi em bé là một cá thể độc lập với tốc độ lớn riêng. Mẹ đang làm rất tốt rồi, hãy ôm con thật chặt tối nay nhé.
Follow @andammeDau để cùng nhau nuôi con nhàn tênh!
#andammeDau #andam #chamsoccon #nuoiconkhoahoc","Nuôi con không phải là cuộc chiến | Ăn dặm mẹ Dâu #Shorts
#Shorts #andammeDau #nuoiconkhoahoc"
9,1,06:30 - Món chính sáng,Thực đơn chính,Cháo Dinh Dưỡng Ngày 9 Cho Bé,Sáng nay nấu gì cho con nhanh mà đủ 4 nhóm chất? Mẹ nấu ngay món cháo ngày 9 này nhé.,Bước 1: Nấu cháo trắng tỷ lệ phù hợp tháng tuổi. Bước 2: Thêm đạm tươi băm nhuyễn mịn. Bước 3: Cho rau củ thái nhỏ nấu chín mềm. Bước 4: Tắt bếp và thêm 5ml dầu ăn dặm.,Lưu lại thực đơn ngày hôm nay và theo dõi Ăn dặm mẹ Dâu để xem món tiếp theo!,"Gợi ý bữa sáng dinh dưỡng ngày 9 cho bé ăn dặm ngon miệng! 👉 Follow Ăn dặm mẹ Dâu ngay!
#andammeDau #andam #thucdonandam #monngonchobe #mevabe","Thực Đơn Bữa Sáng Ngày 9 Đủ 4 Nhóm Chất 🥣
Bữa sáng cung cấp năng lượng cho cả ngày hoạt động của bé. Mẹ tham khảo ngay công thức trong video nhé.
Follow @andammeDau để nhận thực đơn mỗi ngày!
#andammeDau #andam #nuoiconkhoahoc #chamsoccon","Món cháo dinh dưỡng bữa sáng ngày 9 cho bé | Ăn dặm mẹ Dâu #Shorts
#Shorts #andammeDau #andam"
9,2,08:30 - Check nhanh thực phẩm,Check thực phẩm 15s,Bé Mấy Tháng Ăn Được Món Này?,Bé mấy tháng thì bắt đầu ăn được nguyên liệu này? Xem ngay 15 giây để không cho con ăn sai thời điểm!,"Nguyên tắc: Rau củ ngọt từ 6 tháng, thịt đỏ từ 7 tháng, tôm cá từ 8 tháng, lòng trắng trứng sau 9 tháng, hải sản vỏ cứng sau 10 tháng và sữa tươi sau 1 tuổi.",Mẹ đang phân vân món nào hãy để lại bình luận phía dưới nhé. Follow Ăn dặm mẹ Dâu ngay!,"Check nhanh thời điểm ăn an toàn cho bé! Tránh cho con ăn quá sớm hại dạ dày nhé! 👉 Follow Ăn dặm mẹ Dâu!
#andammeDau #andam #checkthucpham #mebimthongthai #chamsoccon","Bé Mấy Tháng Ăn Được Món Này? Check Nhanh Cùng Mẹ Dâu ⏱️
Cho bé ăn đúng độ tuổi giúp phòng ngừa dị ứng và bảo vệ hệ tiêu hóa non nớt.
Follow @andammeDau để tra cứu thực phẩm mỗi ngày!
#andammeDau #andam #suckhoebe #nuoiconkhoahoc","Check nhanh độ tuổi ăn dặm an toàn cho bé | Ăn dặm mẹ Dâu #Shorts
#Shorts #andammeDau #checkthucpham"
9,3,10:30 - Kỹ năng tăng thô,Kỹ năng & Tăng thô,Mẹo Tăng Thô An Toàn Ngày 9,Bé lười nhai hay nôn trớ khi tăng thô? Mẹ áp dụng ngay kỹ thuật tập cơ hàm này.,Kỹ thuật 1: Giảm tỷ lệ nước trong cháo từ từ. Kỹ thuật 2: Hấp rau củ mềm dạng que cho bé tự cầm cắn bằng nướu. Kỹ thuật 3: Kiên nhẫn giới thiệu món mới ít nhất 5 đến 7 lần.,Tăng thô đúng cách giúp con phát triển ngôn ngữ và cơ hàm tốt hơn. Theo dõi Ăn dặm mẹ Dâu ngay!,"Mẹo tăng độ thô an toàn cho bé không lo nôn trớ! Tập nhai chuẩn khoa học! 👉 Follow Ăn dặm mẹ Dâu!
#andammeDau #andam #tangdotho #tapnhai #blwvietnam","Kỹ Thuật Tăng Thô Không Nôn Trớ Cho Bé Ăn Dặm 👶
Cửa sổ vàng tập nhai là 7-9 tháng, đừng xay nhuyễn quá lâu mẹ nhé.
Lưu lại và follow @andammeDau ngay!
#andammeDau #andam #chamsoccon #nuoiconkhoahoc","Mẹo tăng độ thô và tập nhai an toàn cho bé | Ăn dặm mẹ Dâu #Shorts
#Shorts #andammeDau #tangdotho"
9,4,12:00 - Giải mã lầm tưởng,Khoa học & Lầm tưởng,Giải Mã Lầm Tưởng Ăn Dặm #9,Những quan niệm truyền miệng sai lầm khi nấu ăn dặm đang làm hại sức khỏe của bé!,Sự thật y khoa: Không nêm mắm muối dưới 1 tuổi; Không ninh xương lấy nước thay thịt; Không rơ lưỡi bằng mật ong; Không ép ăn khi con đã quay đầu.,Nuôi con bằng tri thức và tình yêu thương mẹ nhé. Theo dõi Ăn dặm mẹ Dâu để cập nhật kiến thức chuẩn!,"Giải mã lầm tưởng kinh điển khi nuôi con ăn dặm! Mẹ bỉm thông thái nhất định phải biết! 👉 Follow Ăn dặm mẹ Dâu!
#andammeDau #andam #khoahocandam #lamtuongandam #mevabe","Sự Thật Y Khoa: Những Lầm Tưởng Khi Cho Bé Ăn Dặm 🚫
Hãy từ bỏ những thói quen truyền miệng thiếu khoa học để bảo vệ con yêu.
Follow @andammeDau ngay hôm nay!
#andammeDau #andam #nuoiconkhoahoc #mebimthongthai","Giải mã lầm tưởng tai hại khi cho bé ăn dặm | Ăn dặm mẹ Dâu #Shorts
#Shorts #andammeDau #khoahocandam"
9,5,14:30 - Bữa phụ & Bánh,Bữa phụ dinh dưỡng,Món Bánh Ăn Dặm Ngày 9,"Bữa phụ chiều thơm lừng cho bé mà không cần lò nướng, làm trong 10 phút!","Nguyên liệu: Chuối tiêu chín, yến mạch cán dẹt và lòng đỏ trứng gà. Cách làm: Xay mịn hỗn hợp, áp chảo lửa nhỏ 3 phút mỗi mặt cho bánh vàng ruộm mềm xốp.",Bánh ngọt tự nhiên bé cầm ăn cực thích. Bấm theo dõi Ăn dặm mẹ Dâu để xem thêm nhiều món bánh ngon!,"Công thức bánh ăn dặm thơm ngon cho bữa phụ chiều của bé! Siêu dễ làm tại nhà! 👉 Follow Ăn dặm mẹ Dâu!
#andammeDau #andam #banhandam #buaphuchobe #monngonchobe","Bánh Ăn Dặm Bữa Phụ Cho Bé Siêu Dễ Làm 🥞
Bữa phụ cách bữa chính 2 tiếng giúp bổ sung năng lượng mà không làm đầy bụng.
Lưu lại và follow @andammeDau ngay!
#andammeDau #andam #buaphu #chamsoccon","Cách làm bánh ăn dặm bữa phụ nhanh gọn cho bé | Ăn dặm mẹ Dâu #Shorts
#Shorts #andammeDau #banhandam"
9,6,16:30 - Tiêu hóa & Biếng ăn,Tiêu hóa SOS,Cứu Cánh Tiêu Hóa Cho Bé #9,"Bé bị táo bón, phân sống hoặc đột ngột biếng ăn? Mẹ xử lý ngay theo hướng dẫn này.","Bước 1: Bổ sung chất xơ hòa tan từ mồng tơi, khoai lang, thanh long đỏ. Bước 2: Massage bụng theo chiều kim đồng hồ 5 phút mỗi ngày. Bước 3: Cho uống đủ nước và duy trì cữ sữa chuẩn.",Hệ tiêu hóa khỏe thì con mới tăng cân đều đặn mẹ nhé. Theo dõi Ăn dặm mẹ Dâu ngay!,"Giải cứu bé bị táo bón, khó tiêu cực nhanh! Mẹo dân gian kết hợp khoa học! 👉 Follow Ăn dặm mẹ Dâu!
#andammeDau #andam #taobon #tieuhoakhoe #mevabe","Xử Lý Táo Bón Và Rối Loạn Tiêu Hóa Ở Trẻ Ăn Dặm 🚼
Đừng vội thụt tháo, hãy điều chỉnh từ chế độ ăn giàu chất xơ và massage bụng cho bé nhé.
Follow @andammeDau để xem chi tiết!
#andammeDau #andam #suckhoebe #chamsoccon","Mẹo trị táo bón và ổn định tiêu hóa cho bé ăn dặm | Ăn dặm mẹ Dâu #Shorts
#Shorts #andammeDau #taobon"
9,7,18:30 - Món chính tối,Thực đơn tối,Món Cháo Tối Ấm Bụng Ngày 9,"Bữa tối nhẹ nhàng, ấm bụng giúp bé no lâu và ngủ xuyên đêm không quấy khóc.","Gợi ý: Súp gà hạt sen bí đỏ sánh mịn hoặc cháo cá hồi cải bó xôi. Nấu chín nhừ, dễ tiêu hóa, không gây đầy bụng trước giờ đi ngủ.",Cho bé ăn tối trước giờ ngủ ít nhất 1.5 đến 2 tiếng mẹ nhé. Theo dõi Ăn dặm mẹ Dâu ngay!,"Thực đơn bữa tối ấm bụng giúp bé ngủ ngon sâu giấc cả đêm! 👉 Follow Ăn dặm mẹ Dâu!
#andammeDau #andam #thucdontoi #chaobochobe #mevabe","Món Cháo Tối Nhẹ Bụng Giúp Bé Ngủ Xuyên Đêm 🌙
Bữa tối không nên cho ăn quá no hoặc quá nhiều đạm khó tiêu. Mẹ tham khảo công thức trong video nhé.
Lưu lại và follow @andammeDau ngay!
#andammeDau #andam #monngonchobe #chamsoccon","Thực đơn cháo tối ấm bụng cho bé ngủ sâu giấc | Ăn dặm mẹ Dâu #Shorts
#Shorts #andammeDau #thucdonandam"
9,8,20:00 - Bổ sung Vi chất,Vi chất chuẩn RNI,Bổ Sung Vi Chất Đúng Liều #9,"Uống D3K2, Sắt, Canxi thế nào để hấp thu 100% mà không bị nóng trong hay táo bón?","Quy tắc: D3K2 uống buổi sáng cùng chất béo. Sắt uống lúc bụng đói cách xa cữ sữa. Canxi chỉ uống sáng hoặc trưa, không uống tối. Kẽm uống sau ăn 30 phút.",Đúng thời điểm và đúng liều lượng là chìa khóa phát triển chiều cao. Theo dõi Ăn dặm mẹ Dâu ngay!,"Thời điểm vàng bổ sung vi chất cho bé phát triển chiều cao vượt trội! 👉 Follow Ăn dặm mẹ Dâu!
#andammeDau #andam #d3k2 #bosungcanxi #vichatchobe","Thời Điểm Vàng Bổ Sung Vitamin D3K2, Sắt, Canxi Cho Bé 💊
Uống sai thời điểm không những không hấp thu mà còn gây lắng đọng thận. Mẹ xem kỹ hướng dẫn nhé.
Follow @andammeDau ngay hôm nay!
#andammeDau #andam #nuoiconkhoahoc #suckhoebe","Bảng thời điểm vàng bổ sung vi chất cho trẻ nhỏ | Ăn dặm mẹ Dâu #Shorts
#Shorts #andammeDau #vichatchobe"
9,9,21:00 - Bảo quản & Dụng cụ,Bảo quản & Dụng cụ,Mẹo Trữ Đông Thực Phẩm Ngày 9,Bảo quản đồ ăn dặm sai cách khiến vi khuẩn sinh sôi gấp 10 lần! Mẹ xem ngay quy tắc an toàn.,Lưu ý: Thức ăn nấu xong để nguội chia khay trữ đông ngay. Ngăn mát dùng trong 24 đến 48 giờ. Ngăn đông dùng trong 2 tuần. Tuyệt đối không tái cấp đông đồ đã rã đông.,Vệ sinh an toàn là nền tảng cho sức khỏe của con. Bấm theo dõi Ăn dặm mẹ Dâu ngay!,"Quy tắc cấp đông và rã đông đồ ăn dặm chuẩn vi sinh giữ trọn 95% vitamin! 👉 Follow Ăn dặm mẹ Dâu!
#andammeDau #andam #capdongdoandam #meovatmebim #chamsoccon","Quy Tắc Cấp Đông Đồ Ăn Dặm Chuẩn Y Khoa ❄️
Mẹ đi làm bận rộn hoàn toàn có thể nấu sẵn trữ đông nếu tuân thủ đúng 3 bước trong video này.
Lưu lại và follow @andammeDau ngay!
#andammeDau #andam #mebim #nuoiconkhoahoc","Quy tắc bảo quản và rã đông đồ ăn dặm chuẩn an toàn | Ăn dặm mẹ Dâu #Shorts
#Shorts #andammeDau #capdongdoandam"
9,10,22:00 - Tâm lý bàn ăn,Tâm lý & Chữa lành,Nuôi Con Không Phải Cuộc Chiến #9,Mỗi bữa ăn của con là niềm vui hay đang là một cuộc chiến căng thẳng trong gia đình mẹ?,"Thông điệp: Bố mẹ quyết định con ăn gì và ở đâu; Con quyết định con ăn bao nhiêu. Tôn trọng nhu cầu của con, không ép ăn, không so sánh cân nặng với con nhà người ta.",Một em bé vui vẻ ăn ngoan là đích đến hạnh phúc nhất. Ăn dặm mẹ Dâu luôn đồng hành cùng mẹ!,"Nuôi con là hạnh phúc, đừng biến bữa ăn thành cuộc chiến mẹ ơi! 👉 Follow Ăn dặm mẹ Dâu để tìm lại niềm vui chăm con nhé!
#andammeDau #andam #nuoiconkhongphailacuocchien #tamlymebim #mevabe","Thông Điệp Yêu Thương Gửi Mẹ Bỉm Sữa Cuối Ngày ❤️
Mỗi em bé là một cá thể độc lập với tốc độ lớn riêng. Mẹ đang làm rất tốt rồi, hãy ôm con thật chặt tối nay nhé.
Follow @andammeDau để cùng nhau nuôi con nhàn tênh!
#andammeDau #andam #chamsoccon #nuoiconkhoahoc","Nuôi con không phải là cuộc chiến | Ăn dặm mẹ Dâu #Shorts
#Shorts #andammeDau #nuoiconkhoahoc"
10,1,06:30 - Món chính sáng,Thực đơn chính,Cháo Dinh Dưỡng Ngày 10 Cho Bé,Sáng nay nấu gì cho con nhanh mà đủ 4 nhóm chất? Mẹ nấu ngay món cháo ngày 10 này nhé.,Bước 1: Nấu cháo trắng tỷ lệ phù hợp tháng tuổi. Bước 2: Thêm đạm tươi băm nhuyễn mịn. Bước 3: Cho rau củ thái nhỏ nấu chín mềm. Bước 4: Tắt bếp và thêm 5ml dầu ăn dặm.,Lưu lại thực đơn ngày hôm nay và theo dõi Ăn dặm mẹ Dâu để xem món tiếp theo!,"Gợi ý bữa sáng dinh dưỡng ngày 10 cho bé ăn dặm ngon miệng! 👉 Follow Ăn dặm mẹ Dâu ngay!
#andammeDau #andam #thucdonandam #monngonchobe #mevabe","Thực Đơn Bữa Sáng Ngày 10 Đủ 4 Nhóm Chất 🥣
Bữa sáng cung cấp năng lượng cho cả ngày hoạt động của bé. Mẹ tham khảo ngay công thức trong video nhé.
Follow @andammeDau để nhận thực đơn mỗi ngày!
#andammeDau #andam #nuoiconkhoahoc #chamsoccon","Món cháo dinh dưỡng bữa sáng ngày 10 cho bé | Ăn dặm mẹ Dâu #Shorts
#Shorts #andammeDau #andam"
10,2,08:30 - Check nhanh thực phẩm,Check thực phẩm 15s,Bé Mấy Tháng Ăn Được Món Này?,Bé mấy tháng thì bắt đầu ăn được nguyên liệu này? Xem ngay 15 giây để không cho con ăn sai thời điểm!,"Nguyên tắc: Rau củ ngọt từ 6 tháng, thịt đỏ từ 7 tháng, tôm cá từ 8 tháng, lòng trắng trứng sau 9 tháng, hải sản vỏ cứng sau 10 tháng và sữa tươi sau 1 tuổi.",Mẹ đang phân vân món nào hãy để lại bình luận phía dưới nhé. Follow Ăn dặm mẹ Dâu ngay!,"Check nhanh thời điểm ăn an toàn cho bé! Tránh cho con ăn quá sớm hại dạ dày nhé! 👉 Follow Ăn dặm mẹ Dâu!
#andammeDau #andam #checkthucpham #mebimthongthai #chamsoccon","Bé Mấy Tháng Ăn Được Món Này? Check Nhanh Cùng Mẹ Dâu ⏱️
Cho bé ăn đúng độ tuổi giúp phòng ngừa dị ứng và bảo vệ hệ tiêu hóa non nớt.
Follow @andammeDau để tra cứu thực phẩm mỗi ngày!
#andammeDau #andam #suckhoebe #nuoiconkhoahoc","Check nhanh độ tuổi ăn dặm an toàn cho bé | Ăn dặm mẹ Dâu #Shorts
#Shorts #andammeDau #checkthucpham"
10,3,10:30 - Kỹ năng tăng thô,Kỹ năng & Tăng thô,Mẹo Tăng Thô An Toàn Ngày 10,Bé lười nhai hay nôn trớ khi tăng thô? Mẹ áp dụng ngay kỹ thuật tập cơ hàm này.,Kỹ thuật 1: Giảm tỷ lệ nước trong cháo từ từ. Kỹ thuật 2: Hấp rau củ mềm dạng que cho bé tự cầm cắn bằng nướu. Kỹ thuật 3: Kiên nhẫn giới thiệu món mới ít nhất 5 đến 7 lần.,Tăng thô đúng cách giúp con phát triển ngôn ngữ và cơ hàm tốt hơn. Theo dõi Ăn dặm mẹ Dâu ngay!,"Mẹo tăng độ thô an toàn cho bé không lo nôn trớ! Tập nhai chuẩn khoa học! 👉 Follow Ăn dặm mẹ Dâu!
#andammeDau #andam #tangdotho #tapnhai #blwvietnam","Kỹ Thuật Tăng Thô Không Nôn Trớ Cho Bé Ăn Dặm 👶
Cửa sổ vàng tập nhai là 7-9 tháng, đừng xay nhuyễn quá lâu mẹ nhé.
Lưu lại và follow @andammeDau ngay!
#andammeDau #andam #chamsoccon #nuoiconkhoahoc","Mẹo tăng độ thô và tập nhai an toàn cho bé | Ăn dặm mẹ Dâu #Shorts
#Shorts #andammeDau #tangdotho"
10,4,12:00 - Giải mã lầm tưởng,Khoa học & Lầm tưởng,Giải Mã Lầm Tưởng Ăn Dặm #10,Những quan niệm truyền miệng sai lầm khi nấu ăn dặm đang làm hại sức khỏe của bé!,Sự thật y khoa: Không nêm mắm muối dưới 1 tuổi; Không ninh xương lấy nước thay thịt; Không rơ lưỡi bằng mật ong; Không ép ăn khi con đã quay đầu.,Nuôi con bằng tri thức và tình yêu thương mẹ nhé. Theo dõi Ăn dặm mẹ Dâu để cập nhật kiến thức chuẩn!,"Giải mã lầm tưởng kinh điển khi nuôi con ăn dặm! Mẹ bỉm thông thái nhất định phải biết! 👉 Follow Ăn dặm mẹ Dâu!
#andammeDau #andam #khoahocandam #lamtuongandam #mevabe","Sự Thật Y Khoa: Những Lầm Tưởng Khi Cho Bé Ăn Dặm 🚫
Hãy từ bỏ những thói quen truyền miệng thiếu khoa học để bảo vệ con yêu.
Follow @andammeDau ngay hôm nay!
#andammeDau #andam #nuoiconkhoahoc #mebimthongthai","Giải mã lầm tưởng tai hại khi cho bé ăn dặm | Ăn dặm mẹ Dâu #Shorts
#Shorts #andammeDau #khoahocandam"
10,5,14:30 - Bữa phụ & Bánh,Bữa phụ dinh dưỡng,Món Bánh Ăn Dặm Ngày 10,"Bữa phụ chiều thơm lừng cho bé mà không cần lò nướng, làm trong 10 phút!","Nguyên liệu: Chuối tiêu chín, yến mạch cán dẹt và lòng đỏ trứng gà. Cách làm: Xay mịn hỗn hợp, áp chảo lửa nhỏ 3 phút mỗi mặt cho bánh vàng ruộm mềm xốp.",Bánh ngọt tự nhiên bé cầm ăn cực thích. Bấm theo dõi Ăn dặm mẹ Dâu để xem thêm nhiều món bánh ngon!,"Công thức bánh ăn dặm thơm ngon cho bữa phụ chiều của bé! Siêu dễ làm tại nhà! 👉 Follow Ăn dặm mẹ Dâu!
#andammeDau #andam #banhandam #buaphuchobe #monngonchobe","Bánh Ăn Dặm Bữa Phụ Cho Bé Siêu Dễ Làm 🥞
Bữa phụ cách bữa chính 2 tiếng giúp bổ sung năng lượng mà không làm đầy bụng.
Lưu lại và follow @andammeDau ngay!
#andammeDau #andam #buaphu #chamsoccon","Cách làm bánh ăn dặm bữa phụ nhanh gọn cho bé | Ăn dặm mẹ Dâu #Shorts
#Shorts #andammeDau #banhandam"
10,6,16:30 - Tiêu hóa & Biếng ăn,Tiêu hóa SOS,Cứu Cánh Tiêu Hóa Cho Bé #10,"Bé bị táo bón, phân sống hoặc đột ngột biếng ăn? Mẹ xử lý ngay theo hướng dẫn này.","Bước 1: Bổ sung chất xơ hòa tan từ mồng tơi, khoai lang, thanh long đỏ. Bước 2: Massage bụng theo chiều kim đồng hồ 5 phút mỗi ngày. Bước 3: Cho uống đủ nước và duy trì cữ sữa chuẩn.",Hệ tiêu hóa khỏe thì con mới tăng cân đều đặn mẹ nhé. Theo dõi Ăn dặm mẹ Dâu ngay!,"Giải cứu bé bị táo bón, khó tiêu cực nhanh! Mẹo dân gian kết hợp khoa học! 👉 Follow Ăn dặm mẹ Dâu!
#andammeDau #andam #taobon #tieuhoakhoe #mevabe","Xử Lý Táo Bón Và Rối Loạn Tiêu Hóa Ở Trẻ Ăn Dặm 🚼
Đừng vội thụt tháo, hãy điều chỉnh từ chế độ ăn giàu chất xơ và massage bụng cho bé nhé.
Follow @andammeDau để xem chi tiết!
#andammeDau #andam #suckhoebe #chamsoccon","Mẹo trị táo bón và ổn định tiêu hóa cho bé ăn dặm | Ăn dặm mẹ Dâu #Shorts
#Shorts #andammeDau #taobon"
10,7,18:30 - Món chính tối,Thực đơn tối,Món Cháo Tối Ấm Bụng Ngày 10,"Bữa tối nhẹ nhàng, ấm bụng giúp bé no lâu và ngủ xuyên đêm không quấy khóc.","Gợi ý: Súp gà hạt sen bí đỏ sánh mịn hoặc cháo cá hồi cải bó xôi. Nấu chín nhừ, dễ tiêu hóa, không gây đầy bụng trước giờ đi ngủ.",Cho bé ăn tối trước giờ ngủ ít nhất 1.5 đến 2 tiếng mẹ nhé. Theo dõi Ăn dặm mẹ Dâu ngay!,"Thực đơn bữa tối ấm bụng giúp bé ngủ ngon sâu giấc cả đêm! 👉 Follow Ăn dặm mẹ Dâu!
#andammeDau #andam #thucdontoi #chaobochobe #mevabe","Món Cháo Tối Nhẹ Bụng Giúp Bé Ngủ Xuyên Đêm 🌙
Bữa tối không nên cho ăn quá no hoặc quá nhiều đạm khó tiêu. Mẹ tham khảo công thức trong video nhé.
Lưu lại và follow @andammeDau ngay!
#andammeDau #andam #monngonchobe #chamsoccon","Thực đơn cháo tối ấm bụng cho bé ngủ sâu giấc | Ăn dặm mẹ Dâu #Shorts
#Shorts #andammeDau #thucdonandam"
10,8,20:00 - Bổ sung Vi chất,Vi chất chuẩn RNI,Bổ Sung Vi Chất Đúng Liều #10,"Uống D3K2, Sắt, Canxi thế nào để hấp thu 100% mà không bị nóng trong hay táo bón?","Quy tắc: D3K2 uống buổi sáng cùng chất béo. Sắt uống lúc bụng đói cách xa cữ sữa. Canxi chỉ uống sáng hoặc trưa, không uống tối. Kẽm uống sau ăn 30 phút.",Đúng thời điểm và đúng liều lượng là chìa khóa phát triển chiều cao. Theo dõi Ăn dặm mẹ Dâu ngay!,"Thời điểm vàng bổ sung vi chất cho bé phát triển chiều cao vượt trội! 👉 Follow Ăn dặm mẹ Dâu!
#andammeDau #andam #d3k2 #bosungcanxi #vichatchobe","Thời Điểm Vàng Bổ Sung Vitamin D3K2, Sắt, Canxi Cho Bé 💊
Uống sai thời điểm không những không hấp thu mà còn gây lắng đọng thận. Mẹ xem kỹ hướng dẫn nhé.
Follow @andammeDau ngay hôm nay!
#andammeDau #andam #nuoiconkhoahoc #suckhoebe","Bảng thời điểm vàng bổ sung vi chất cho trẻ nhỏ | Ăn dặm mẹ Dâu #Shorts
#Shorts #andammeDau #vichatchobe"
10,9,21:00 - Bảo quản & Dụng cụ,Bảo quản & Dụng cụ,Mẹo Trữ Đông Thực Phẩm Ngày 10,Bảo quản đồ ăn dặm sai cách khiến vi khuẩn sinh sôi gấp 10 lần! Mẹ xem ngay quy tắc an toàn.,Lưu ý: Thức ăn nấu xong để nguội chia khay trữ đông ngay. Ngăn mát dùng trong 24 đến 48 giờ. Ngăn đông dùng trong 2 tuần. Tuyệt đối không tái cấp đông đồ đã rã đông.,Vệ sinh an toàn là nền tảng cho sức khỏe của con. Bấm theo dõi Ăn dặm mẹ Dâu ngay!,"Quy tắc cấp đông và rã đông đồ ăn dặm chuẩn vi sinh giữ trọn 95% vitamin! 👉 Follow Ăn dặm mẹ Dâu!
#andammeDau #andam #capdongdoandam #meovatmebim #chamsoccon","Quy Tắc Cấp Đông Đồ Ăn Dặm Chuẩn Y Khoa ❄️
Mẹ đi làm bận rộn hoàn toàn có thể nấu sẵn trữ đông nếu tuân thủ đúng 3 bước trong video này.
Lưu lại và follow @andammeDau ngay!
#andammeDau #andam #mebim #nuoiconkhoahoc","Quy tắc bảo quản và rã đông đồ ăn dặm chuẩn an toàn | Ăn dặm mẹ Dâu #Shorts
#Shorts #andammeDau #capdongdoandam"
10,10,22:00 - Tâm lý bàn ăn,Tâm lý & Chữa lành,Nuôi Con Không Phải Cuộc Chiến #10,Mỗi bữa ăn của con là niềm vui hay đang là một cuộc chiến căng thẳng trong gia đình mẹ?,"Thông điệp: Bố mẹ quyết định con ăn gì và ở đâu; Con quyết định con ăn bao nhiêu. Tôn trọng nhu cầu của con, không ép ăn, không so sánh cân nặng với con nhà người ta.",Một em bé vui vẻ ăn ngoan là đích đến hạnh phúc nhất. Ăn dặm mẹ Dâu luôn đồng hành cùng mẹ!,"Nuôi con là hạnh phúc, đừng biến bữa ăn thành cuộc chiến mẹ ơi! 👉 Follow Ăn dặm mẹ Dâu để tìm lại niềm vui chăm con nhé!
#andammeDau #andam #nuoiconkhongphailacuocchien #tamlymebim #mevabe","Thông Điệp Yêu Thương Gửi Mẹ Bỉm Sữa Cuối Ngày ❤️
Mỗi em bé là một cá thể độc lập với tốc độ lớn riêng. Mẹ đang làm rất tốt rồi, hãy ôm con thật chặt tối nay nhé.
Follow @andammeDau để cùng nhau nuôi con nhàn tênh!
#andammeDau #andam #chamsoccon #nuoiconkhoahoc","Nuôi con không phải là cuộc chiến | Ăn dặm mẹ Dâu #Shorts
#Shorts #andammeDau #nuoiconkhoahoc"
11,1,06:30 - Món chính sáng,Thực đơn chính,Cháo Dinh Dưỡng Ngày 11 Cho Bé,Sáng nay nấu gì cho con nhanh mà đủ 4 nhóm chất? Mẹ nấu ngay món cháo ngày 11 này nhé.,Bước 1: Nấu cháo trắng tỷ lệ phù hợp tháng tuổi. Bước 2: Thêm đạm tươi băm nhuyễn mịn. Bước 3: Cho rau củ thái nhỏ nấu chín mềm. Bước 4: Tắt bếp và thêm 5ml dầu ăn dặm.,Lưu lại thực đơn ngày hôm nay và theo dõi Ăn dặm mẹ Dâu để xem món tiếp theo!,"Gợi ý bữa sáng dinh dưỡng ngày 11 cho bé ăn dặm ngon miệng! 👉 Follow Ăn dặm mẹ Dâu ngay!
#andammeDau #andam #thucdonandam #monngonchobe #mevabe","Thực Đơn Bữa Sáng Ngày 11 Đủ 4 Nhóm Chất 🥣
Bữa sáng cung cấp năng lượng cho cả ngày hoạt động của bé. Mẹ tham khảo ngay công thức trong video nhé.
Follow @andammeDau để nhận thực đơn mỗi ngày!
#andammeDau #andam #nuoiconkhoahoc #chamsoccon","Món cháo dinh dưỡng bữa sáng ngày 11 cho bé | Ăn dặm mẹ Dâu #Shorts
#Shorts #andammeDau #andam"
11,2,08:30 - Check nhanh thực phẩm,Check thực phẩm 15s,Bé Mấy Tháng Ăn Được Món Này?,Bé mấy tháng thì bắt đầu ăn được nguyên liệu này? Xem ngay 15 giây để không cho con ăn sai thời điểm!,"Nguyên tắc: Rau củ ngọt từ 6 tháng, thịt đỏ từ 7 tháng, tôm cá từ 8 tháng, lòng trắng trứng sau 9 tháng, hải sản vỏ cứng sau 10 tháng và sữa tươi sau 1 tuổi.",Mẹ đang phân vân món nào hãy để lại bình luận phía dưới nhé. Follow Ăn dặm mẹ Dâu ngay!,"Check nhanh thời điểm ăn an toàn cho bé! Tránh cho con ăn quá sớm hại dạ dày nhé! 👉 Follow Ăn dặm mẹ Dâu!
#andammeDau #andam #checkthucpham #mebimthongthai #chamsoccon","Bé Mấy Tháng Ăn Được Món Này? Check Nhanh Cùng Mẹ Dâu ⏱️
Cho bé ăn đúng độ tuổi giúp phòng ngừa dị ứng và bảo vệ hệ tiêu hóa non nớt.
Follow @andammeDau để tra cứu thực phẩm mỗi ngày!
#andammeDau #andam #suckhoebe #nuoiconkhoahoc","Check nhanh độ tuổi ăn dặm an toàn cho bé | Ăn dặm mẹ Dâu #Shorts
#Shorts #andammeDau #checkthucpham"
11,3,10:30 - Kỹ năng tăng thô,Kỹ năng & Tăng thô,Mẹo Tăng Thô An Toàn Ngày 11,Bé lười nhai hay nôn trớ khi tăng thô? Mẹ áp dụng ngay kỹ thuật tập cơ hàm này.,Kỹ thuật 1: Giảm tỷ lệ nước trong cháo từ từ. Kỹ thuật 2: Hấp rau củ mềm dạng que cho bé tự cầm cắn bằng nướu. Kỹ thuật 3: Kiên nhẫn giới thiệu món mới ít nhất 5 đến 7 lần.,Tăng thô đúng cách giúp con phát triển ngôn ngữ và cơ hàm tốt hơn. Theo dõi Ăn dặm mẹ Dâu ngay!,"Mẹo tăng độ thô an toàn cho bé không lo nôn trớ! Tập nhai chuẩn khoa học! 👉 Follow Ăn dặm mẹ Dâu!
#andammeDau #andam #tangdotho #tapnhai #blwvietnam","Kỹ Thuật Tăng Thô Không Nôn Trớ Cho Bé Ăn Dặm 👶
Cửa sổ vàng tập nhai là 7-9 tháng, đừng xay nhuyễn quá lâu mẹ nhé.
Lưu lại và follow @andammeDau ngay!
#andammeDau #andam #chamsoccon #nuoiconkhoahoc","Mẹo tăng độ thô và tập nhai an toàn cho bé | Ăn dặm mẹ Dâu #Shorts
#Shorts #andammeDau #tangdotho"
11,4,12:00 - Giải mã lầm tưởng,Khoa học & Lầm tưởng,Giải Mã Lầm Tưởng Ăn Dặm #11,Những quan niệm truyền miệng sai lầm khi nấu ăn dặm đang làm hại sức khỏe của bé!,Sự thật y khoa: Không nêm mắm muối dưới 1 tuổi; Không ninh xương lấy nước thay thịt; Không rơ lưỡi bằng mật ong; Không ép ăn khi con đã quay đầu.,Nuôi con bằng tri thức và tình yêu thương mẹ nhé. Theo dõi Ăn dặm mẹ Dâu để cập nhật kiến thức chuẩn!,"Giải mã lầm tưởng kinh điển khi nuôi con ăn dặm! Mẹ bỉm thông thái nhất định phải biết! 👉 Follow Ăn dặm mẹ Dâu!
#andammeDau #andam #khoahocandam #lamtuongandam #mevabe","Sự Thật Y Khoa: Những Lầm Tưởng Khi Cho Bé Ăn Dặm 🚫
Hãy từ bỏ những thói quen truyền miệng thiếu khoa học để bảo vệ con yêu.
Follow @andammeDau ngay hôm nay!
#andammeDau #andam #nuoiconkhoahoc #mebimthongthai","Giải mã lầm tưởng tai hại khi cho bé ăn dặm | Ăn dặm mẹ Dâu #Shorts
#Shorts #andammeDau #khoahocandam"
11,5,14:30 - Bữa phụ & Bánh,Bữa phụ dinh dưỡng,Món Bánh Ăn Dặm Ngày 11,"Bữa phụ chiều thơm lừng cho bé mà không cần lò nướng, làm trong 10 phút!","Nguyên liệu: Chuối tiêu chín, yến mạch cán dẹt và lòng đỏ trứng gà. Cách làm: Xay mịn hỗn hợp, áp chảo lửa nhỏ 3 phút mỗi mặt cho bánh vàng ruộm mềm xốp.",Bánh ngọt tự nhiên bé cầm ăn cực thích. Bấm theo dõi Ăn dặm mẹ Dâu để xem thêm nhiều món bánh ngon!,"Công thức bánh ăn dặm thơm ngon cho bữa phụ chiều của bé! Siêu dễ làm tại nhà! 👉 Follow Ăn dặm mẹ Dâu!
#andammeDau #andam #banhandam #buaphuchobe #monngonchobe","Bánh Ăn Dặm Bữa Phụ Cho Bé Siêu Dễ Làm 🥞
Bữa phụ cách bữa chính 2 tiếng giúp bổ sung năng lượng mà không làm đầy bụng.
Lưu lại và follow @andammeDau ngay!
#andammeDau #andam #buaphu #chamsoccon","Cách làm bánh ăn dặm bữa phụ nhanh gọn cho bé | Ăn dặm mẹ Dâu #Shorts
#Shorts #andammeDau #banhandam"
11,6,16:30 - Tiêu hóa & Biếng ăn,Tiêu hóa SOS,Cứu Cánh Tiêu Hóa Cho Bé #11,"Bé bị táo bón, phân sống hoặc đột ngột biếng ăn? Mẹ xử lý ngay theo hướng dẫn này.","Bước 1: Bổ sung chất xơ hòa tan từ mồng tơi, khoai lang, thanh long đỏ. Bước 2: Massage bụng theo chiều kim đồng hồ 5 phút mỗi ngày. Bước 3: Cho uống đủ nước và duy trì cữ sữa chuẩn.",Hệ tiêu hóa khỏe thì con mới tăng cân đều đặn mẹ nhé. Theo dõi Ăn dặm mẹ Dâu ngay!,"Giải cứu bé bị táo bón, khó tiêu cực nhanh! Mẹo dân gian kết hợp khoa học! 👉 Follow Ăn dặm mẹ Dâu!
#andammeDau #andam #taobon #tieuhoakhoe #mevabe","Xử Lý Táo Bón Và Rối Loạn Tiêu Hóa Ở Trẻ Ăn Dặm 🚼
Đừng vội thụt tháo, hãy điều chỉnh từ chế độ ăn giàu chất xơ và massage bụng cho bé nhé.
Follow @andammeDau để xem chi tiết!
#andammeDau #andam #suckhoebe #chamsoccon","Mẹo trị táo bón và ổn định tiêu hóa cho bé ăn dặm | Ăn dặm mẹ Dâu #Shorts
#Shorts #andammeDau #taobon"
11,7,18:30 - Món chính tối,Thực đơn tối,Món Cháo Tối Ấm Bụng Ngày 11,"Bữa tối nhẹ nhàng, ấm bụng giúp bé no lâu và ngủ xuyên đêm không quấy khóc.","Gợi ý: Súp gà hạt sen bí đỏ sánh mịn hoặc cháo cá hồi cải bó xôi. Nấu chín nhừ, dễ tiêu hóa, không gây đầy bụng trước giờ đi ngủ.",Cho bé ăn tối trước giờ ngủ ít nhất 1.5 đến 2 tiếng mẹ nhé. Theo dõi Ăn dặm mẹ Dâu ngay!,"Thực đơn bữa tối ấm bụng giúp bé ngủ ngon sâu giấc cả đêm! 👉 Follow Ăn dặm mẹ Dâu!
#andammeDau #andam #thucdontoi #chaobochobe #mevabe","Món Cháo Tối Nhẹ Bụng Giúp Bé Ngủ Xuyên Đêm 🌙
Bữa tối không nên cho ăn quá no hoặc quá nhiều đạm khó tiêu. Mẹ tham khảo công thức trong video nhé.
Lưu lại và follow @andammeDau ngay!
#andammeDau #andam #monngonchobe #chamsoccon","Thực đơn cháo tối ấm bụng cho bé ngủ sâu giấc | Ăn dặm mẹ Dâu #Shorts
#Shorts #andammeDau #thucdonandam"
11,8,20:00 - Bổ sung Vi chất,Vi chất chuẩn RNI,Bổ Sung Vi Chất Đúng Liều #11,"Uống D3K2, Sắt, Canxi thế nào để hấp thu 100% mà không bị nóng trong hay táo bón?","Quy tắc: D3K2 uống buổi sáng cùng chất béo. Sắt uống lúc bụng đói cách xa cữ sữa. Canxi chỉ uống sáng hoặc trưa, không uống tối. Kẽm uống sau ăn 30 phút.",Đúng thời điểm và đúng liều lượng là chìa khóa phát triển chiều cao. Theo dõi Ăn dặm mẹ Dâu ngay!,"Thời điểm vàng bổ sung vi chất cho bé phát triển chiều cao vượt trội! 👉 Follow Ăn dặm mẹ Dâu!
#andammeDau #andam #d3k2 #bosungcanxi #vichatchobe","Thời Điểm Vàng Bổ Sung Vitamin D3K2, Sắt, Canxi Cho Bé 💊
Uống sai thời điểm không những không hấp thu mà còn gây lắng đọng thận. Mẹ xem kỹ hướng dẫn nhé.
Follow @andammeDau ngay hôm nay!
#andammeDau #andam #nuoiconkhoahoc #suckhoebe","Bảng thời điểm vàng bổ sung vi chất cho trẻ nhỏ | Ăn dặm mẹ Dâu #Shorts
#Shorts #andammeDau #vichatchobe"
11,9,21:00 - Bảo quản & Dụng cụ,Bảo quản & Dụng cụ,Mẹo Trữ Đông Thực Phẩm Ngày 11,Bảo quản đồ ăn dặm sai cách khiến vi khuẩn sinh sôi gấp 10 lần! Mẹ xem ngay quy tắc an toàn.,Lưu ý: Thức ăn nấu xong để nguội chia khay trữ đông ngay. Ngăn mát dùng trong 24 đến 48 giờ. Ngăn đông dùng trong 2 tuần. Tuyệt đối không tái cấp đông đồ đã rã đông.,Vệ sinh an toàn là nền tảng cho sức khỏe của con. Bấm theo dõi Ăn dặm mẹ Dâu ngay!,"Quy tắc cấp đông và rã đông đồ ăn dặm chuẩn vi sinh giữ trọn 95% vitamin! 👉 Follow Ăn dặm mẹ Dâu!
#andammeDau #andam #capdongdoandam #meovatmebim #chamsoccon","Quy Tắc Cấp Đông Đồ Ăn Dặm Chuẩn Y Khoa ❄️
Mẹ đi làm bận rộn hoàn toàn có thể nấu sẵn trữ đông nếu tuân thủ đúng 3 bước trong video này.
Lưu lại và follow @andammeDau ngay!
#andammeDau #andam #mebim #nuoiconkhoahoc","Quy tắc bảo quản và rã đông đồ ăn dặm chuẩn an toàn | Ăn dặm mẹ Dâu #Shorts
#Shorts #andammeDau #capdongdoandam"
11,10,22:00 - Tâm lý bàn ăn,Tâm lý & Chữa lành,Nuôi Con Không Phải Cuộc Chiến #11,Mỗi bữa ăn của con là niềm vui hay đang là một cuộc chiến căng thẳng trong gia đình mẹ?,"Thông điệp: Bố mẹ quyết định con ăn gì và ở đâu; Con quyết định con ăn bao nhiêu. Tôn trọng nhu cầu của con, không ép ăn, không so sánh cân nặng với con nhà người ta.",Một em bé vui vẻ ăn ngoan là đích đến hạnh phúc nhất. Ăn dặm mẹ Dâu luôn đồng hành cùng mẹ!,"Nuôi con là hạnh phúc, đừng biến bữa ăn thành cuộc chiến mẹ ơi! 👉 Follow Ăn dặm mẹ Dâu để tìm lại niềm vui chăm con nhé!
#andammeDau #andam #nuoiconkhongphailacuocchien #tamlymebim #mevabe","Thông Điệp Yêu Thương Gửi Mẹ Bỉm Sữa Cuối Ngày ❤️
Mỗi em bé là một cá thể độc lập với tốc độ lớn riêng. Mẹ đang làm rất tốt rồi, hãy ôm con thật chặt tối nay nhé.
Follow @andammeDau để cùng nhau nuôi con nhàn tênh!
#andammeDau #andam #chamsoccon #nuoiconkhoahoc","Nuôi con không phải là cuộc chiến | Ăn dặm mẹ Dâu #Shorts
#Shorts #andammeDau #nuoiconkhoahoc"
12,1,06:30 - Món chính sáng,Thực đơn chính,Cháo Dinh Dưỡng Ngày 12 Cho Bé,Sáng nay nấu gì cho con nhanh mà đủ 4 nhóm chất? Mẹ nấu ngay món cháo ngày 12 này nhé.,Bước 1: Nấu cháo trắng tỷ lệ phù hợp tháng tuổi. Bước 2: Thêm đạm tươi băm nhuyễn mịn. Bước 3: Cho rau củ thái nhỏ nấu chín mềm. Bước 4: Tắt bếp và thêm 5ml dầu ăn dặm.,Lưu lại thực đơn ngày hôm nay và theo dõi Ăn dặm mẹ Dâu để xem món tiếp theo!,"Gợi ý bữa sáng dinh dưỡng ngày 12 cho bé ăn dặm ngon miệng! 👉 Follow Ăn dặm mẹ Dâu ngay!
#andammeDau #andam #thucdonandam #monngonchobe #mevabe","Thực Đơn Bữa Sáng Ngày 12 Đủ 4 Nhóm Chất 🥣
Bữa sáng cung cấp năng lượng cho cả ngày hoạt động của bé. Mẹ tham khảo ngay công thức trong video nhé.
Follow @andammeDau để nhận thực đơn mỗi ngày!
#andammeDau #andam #nuoiconkhoahoc #chamsoccon","Món cháo dinh dưỡng bữa sáng ngày 12 cho bé | Ăn dặm mẹ Dâu #Shorts
#Shorts #andammeDau #andam"
12,2,08:30 - Check nhanh thực phẩm,Check thực phẩm 15s,Bé Mấy Tháng Ăn Được Món Này?,Bé mấy tháng thì bắt đầu ăn được nguyên liệu này? Xem ngay 15 giây để không cho con ăn sai thời điểm!,"Nguyên tắc: Rau củ ngọt từ 6 tháng, thịt đỏ từ 7 tháng, tôm cá từ 8 tháng, lòng trắng trứng sau 9 tháng, hải sản vỏ cứng sau 10 tháng và sữa tươi sau 1 tuổi.",Mẹ đang phân vân món nào hãy để lại bình luận phía dưới nhé. Follow Ăn dặm mẹ Dâu ngay!,"Check nhanh thời điểm ăn an toàn cho bé! Tránh cho con ăn quá sớm hại dạ dày nhé! 👉 Follow Ăn dặm mẹ Dâu!
#andammeDau #andam #checkthucpham #mebimthongthai #chamsoccon","Bé Mấy Tháng Ăn Được Món Này? Check Nhanh Cùng Mẹ Dâu ⏱️
Cho bé ăn đúng độ tuổi giúp phòng ngừa dị ứng và bảo vệ hệ tiêu hóa non nớt.
Follow @andammeDau để tra cứu thực phẩm mỗi ngày!
#andammeDau #andam #suckhoebe #nuoiconkhoahoc","Check nhanh độ tuổi ăn dặm an toàn cho bé | Ăn dặm mẹ Dâu #Shorts
#Shorts #andammeDau #checkthucpham"
12,3,10:30 - Kỹ năng tăng thô,Kỹ năng & Tăng thô,Mẹo Tăng Thô An Toàn Ngày 12,Bé lười nhai hay nôn trớ khi tăng thô? Mẹ áp dụng ngay kỹ thuật tập cơ hàm này.,Kỹ thuật 1: Giảm tỷ lệ nước trong cháo từ từ. Kỹ thuật 2: Hấp rau củ mềm dạng que cho bé tự cầm cắn bằng nướu. Kỹ thuật 3: Kiên nhẫn giới thiệu món mới ít nhất 5 đến 7 lần.,Tăng thô đúng cách giúp con phát triển ngôn ngữ và cơ hàm tốt hơn. Theo dõi Ăn dặm mẹ Dâu ngay!,"Mẹo tăng độ thô an toàn cho bé không lo nôn trớ! Tập nhai chuẩn khoa học! 👉 Follow Ăn dặm mẹ Dâu!
#andammeDau #andam #tangdotho #tapnhai #blwvietnam","Kỹ Thuật Tăng Thô Không Nôn Trớ Cho Bé Ăn Dặm 👶
Cửa sổ vàng tập nhai là 7-9 tháng, đừng xay nhuyễn quá lâu mẹ nhé.
Lưu lại và follow @andammeDau ngay!
#andammeDau #andam #chamsoccon #nuoiconkhoahoc","Mẹo tăng độ thô và tập nhai an toàn cho bé | Ăn dặm mẹ Dâu #Shorts
#Shorts #andammeDau #tangdotho"
12,4,12:00 - Giải mã lầm tưởng,Khoa học & Lầm tưởng,Giải Mã Lầm Tưởng Ăn Dặm #12,Những quan niệm truyền miệng sai lầm khi nấu ăn dặm đang làm hại sức khỏe của bé!,Sự thật y khoa: Không nêm mắm muối dưới 1 tuổi; Không ninh xương lấy nước thay thịt; Không rơ lưỡi bằng mật ong; Không ép ăn khi con đã quay đầu.,Nuôi con bằng tri thức và tình yêu thương mẹ nhé. Theo dõi Ăn dặm mẹ Dâu để cập nhật kiến thức chuẩn!,"Giải mã lầm tưởng kinh điển khi nuôi con ăn dặm! Mẹ bỉm thông thái nhất định phải biết! 👉 Follow Ăn dặm mẹ Dâu!
#andammeDau #andam #khoahocandam #lamtuongandam #mevabe","Sự Thật Y Khoa: Những Lầm Tưởng Khi Cho Bé Ăn Dặm 🚫
Hãy từ bỏ những thói quen truyền miệng thiếu khoa học để bảo vệ con yêu.
Follow @andammeDau ngay hôm nay!
#andammeDau #andam #nuoiconkhoahoc #mebimthongthai","Giải mã lầm tưởng tai hại khi cho bé ăn dặm | Ăn dặm mẹ Dâu #Shorts
#Shorts #andammeDau #khoahocandam"
12,5,14:30 - Bữa phụ & Bánh,Bữa phụ dinh dưỡng,Món Bánh Ăn Dặm Ngày 12,"Bữa phụ chiều thơm lừng cho bé mà không cần lò nướng, làm trong 10 phút!","Nguyên liệu: Chuối tiêu chín, yến mạch cán dẹt và lòng đỏ trứng gà. Cách làm: Xay mịn hỗn hợp, áp chảo lửa nhỏ 3 phút mỗi mặt cho bánh vàng ruộm mềm xốp.",Bánh ngọt tự nhiên bé cầm ăn cực thích. Bấm theo dõi Ăn dặm mẹ Dâu để xem thêm nhiều món bánh ngon!,"Công thức bánh ăn dặm thơm ngon cho bữa phụ chiều của bé! Siêu dễ làm tại nhà! 👉 Follow Ăn dặm mẹ Dâu!
#andammeDau #andam #banhandam #buaphuchobe #monngonchobe","Bánh Ăn Dặm Bữa Phụ Cho Bé Siêu Dễ Làm 🥞
Bữa phụ cách bữa chính 2 tiếng giúp bổ sung năng lượng mà không làm đầy bụng.
Lưu lại và follow @andammeDau ngay!
#andammeDau #andam #buaphu #chamsoccon","Cách làm bánh ăn dặm bữa phụ nhanh gọn cho bé | Ăn dặm mẹ Dâu #Shorts
#Shorts #andammeDau #banhandam"
12,6,16:30 - Tiêu hóa & Biếng ăn,Tiêu hóa SOS,Cứu Cánh Tiêu Hóa Cho Bé #12,"Bé bị táo bón, phân sống hoặc đột ngột biếng ăn? Mẹ xử lý ngay theo hướng dẫn này.","Bước 1: Bổ sung chất xơ hòa tan từ mồng tơi, khoai lang, thanh long đỏ. Bước 2: Massage bụng theo chiều kim đồng hồ 5 phút mỗi ngày. Bước 3: Cho uống đủ nước và duy trì cữ sữa chuẩn.",Hệ tiêu hóa khỏe thì con mới tăng cân đều đặn mẹ nhé. Theo dõi Ăn dặm mẹ Dâu ngay!,"Giải cứu bé bị táo bón, khó tiêu cực nhanh! Mẹo dân gian kết hợp khoa học! 👉 Follow Ăn dặm mẹ Dâu!
#andammeDau #andam #taobon #tieuhoakhoe #mevabe","Xử Lý Táo Bón Và Rối Loạn Tiêu Hóa Ở Trẻ Ăn Dặm 🚼
Đừng vội thụt tháo, hãy điều chỉnh từ chế độ ăn giàu chất xơ và massage bụng cho bé nhé.
Follow @andammeDau để xem chi tiết!
#andammeDau #andam #suckhoebe #chamsoccon","Mẹo trị táo bón và ổn định tiêu hóa cho bé ăn dặm | Ăn dặm mẹ Dâu #Shorts
#Shorts #andammeDau #taobon"
12,7,18:30 - Món chính tối,Thực đơn tối,Món Cháo Tối Ấm Bụng Ngày 12,"Bữa tối nhẹ nhàng, ấm bụng giúp bé no lâu và ngủ xuyên đêm không quấy khóc.","Gợi ý: Súp gà hạt sen bí đỏ sánh mịn hoặc cháo cá hồi cải bó xôi. Nấu chín nhừ, dễ tiêu hóa, không gây đầy bụng trước giờ đi ngủ.",Cho bé ăn tối trước giờ ngủ ít nhất 1.5 đến 2 tiếng mẹ nhé. Theo dõi Ăn dặm mẹ Dâu ngay!,"Thực đơn bữa tối ấm bụng giúp bé ngủ ngon sâu giấc cả đêm! 👉 Follow Ăn dặm mẹ Dâu!
#andammeDau #andam #thucdontoi #chaobochobe #mevabe","Món Cháo Tối Nhẹ Bụng Giúp Bé Ngủ Xuyên Đêm 🌙
Bữa tối không nên cho ăn quá no hoặc quá nhiều đạm khó tiêu. Mẹ tham khảo công thức trong video nhé.
Lưu lại và follow @andammeDau ngay!
#andammeDau #andam #monngonchobe #chamsoccon","Thực đơn cháo tối ấm bụng cho bé ngủ sâu giấc | Ăn dặm mẹ Dâu #Shorts
#Shorts #andammeDau #thucdonandam"
12,8,20:00 - Bổ sung Vi chất,Vi chất chuẩn RNI,Bổ Sung Vi Chất Đúng Liều #12,"Uống D3K2, Sắt, Canxi thế nào để hấp thu 100% mà không bị nóng trong hay táo bón?","Quy tắc: D3K2 uống buổi sáng cùng chất béo. Sắt uống lúc bụng đói cách xa cữ sữa. Canxi chỉ uống sáng hoặc trưa, không uống tối. Kẽm uống sau ăn 30 phút.",Đúng thời điểm và đúng liều lượng là chìa khóa phát triển chiều cao. Theo dõi Ăn dặm mẹ Dâu ngay!,"Thời điểm vàng bổ sung vi chất cho bé phát triển chiều cao vượt trội! 👉 Follow Ăn dặm mẹ Dâu!
#andammeDau #andam #d3k2 #bosungcanxi #vichatchobe","Thời Điểm Vàng Bổ Sung Vitamin D3K2, Sắt, Canxi Cho Bé 💊
Uống sai thời điểm không những không hấp thu mà còn gây lắng đọng thận. Mẹ xem kỹ hướng dẫn nhé.
Follow @andammeDau ngay hôm nay!
#andammeDau #andam #nuoiconkhoahoc #suckhoebe","Bảng thời điểm vàng bổ sung vi chất cho trẻ nhỏ | Ăn dặm mẹ Dâu #Shorts
#Shorts #andammeDau #vichatchobe"
12,9,21:00 - Bảo quản & Dụng cụ,Bảo quản & Dụng cụ,Mẹo Trữ Đông Thực Phẩm Ngày 12,Bảo quản đồ ăn dặm sai cách khiến vi khuẩn sinh sôi gấp 10 lần! Mẹ xem ngay quy tắc an toàn.,Lưu ý: Thức ăn nấu xong để nguội chia khay trữ đông ngay. Ngăn mát dùng trong 24 đến 48 giờ. Ngăn đông dùng trong 2 tuần. Tuyệt đối không tái cấp đông đồ đã rã đông.,Vệ sinh an toàn là nền tảng cho sức khỏe của con. Bấm theo dõi Ăn dặm mẹ Dâu ngay!,"Quy tắc cấp đông và rã đông đồ ăn dặm chuẩn vi sinh giữ trọn 95% vitamin! 👉 Follow Ăn dặm mẹ Dâu!
#andammeDau #andam #capdongdoandam #meovatmebim #chamsoccon","Quy Tắc Cấp Đông Đồ Ăn Dặm Chuẩn Y Khoa ❄️
Mẹ đi làm bận rộn hoàn toàn có thể nấu sẵn trữ đông nếu tuân thủ đúng 3 bước trong video này.
Lưu lại và follow @andammeDau ngay!
#andammeDau #andam #mebim #nuoiconkhoahoc","Quy tắc bảo quản và rã đông đồ ăn dặm chuẩn an toàn | Ăn dặm mẹ Dâu #Shorts
#Shorts #andammeDau #capdongdoandam"
12,10,22:00 - Tâm lý bàn ăn,Tâm lý & Chữa lành,Nuôi Con Không Phải Cuộc Chiến #12,Mỗi bữa ăn của con là niềm vui hay đang là một cuộc chiến căng thẳng trong gia đình mẹ?,"Thông điệp: Bố mẹ quyết định con ăn gì và ở đâu; Con quyết định con ăn bao nhiêu. Tôn trọng nhu cầu của con, không ép ăn, không so sánh cân nặng với con nhà người ta.",Một em bé vui vẻ ăn ngoan là đích đến hạnh phúc nhất. Ăn dặm mẹ Dâu luôn đồng hành cùng mẹ!,"Nuôi con là hạnh phúc, đừng biến bữa ăn thành cuộc chiến mẹ ơi! 👉 Follow Ăn dặm mẹ Dâu để tìm lại niềm vui chăm con nhé!
#andammeDau #andam #nuoiconkhongphailacuocchien #tamlymebim #mevabe","Thông Điệp Yêu Thương Gửi Mẹ Bỉm Sữa Cuối Ngày ❤️
Mỗi em bé là một cá thể độc lập với tốc độ lớn riêng. Mẹ đang làm rất tốt rồi, hãy ôm con thật chặt tối nay nhé.
Follow @andammeDau để cùng nhau nuôi con nhàn tênh!
#andammeDau #andam #chamsoccon #nuoiconkhoahoc","Nuôi con không phải là cuộc chiến | Ăn dặm mẹ Dâu #Shorts
#Shorts #andammeDau #nuoiconkhoahoc"
13,1,06:30 - Món chính sáng,Thực đơn chính,Cháo Dinh Dưỡng Ngày 13 Cho Bé,Sáng nay nấu gì cho con nhanh mà đủ 4 nhóm chất? Mẹ nấu ngay món cháo ngày 13 này nhé.,Bước 1: Nấu cháo trắng tỷ lệ phù hợp tháng tuổi. Bước 2: Thêm đạm tươi băm nhuyễn mịn. Bước 3: Cho rau củ thái nhỏ nấu chín mềm. Bước 4: Tắt bếp và thêm 5ml dầu ăn dặm.,Lưu lại thực đơn ngày hôm nay và theo dõi Ăn dặm mẹ Dâu để xem món tiếp theo!,"Gợi ý bữa sáng dinh dưỡng ngày 13 cho bé ăn dặm ngon miệng! 👉 Follow Ăn dặm mẹ Dâu ngay!
#andammeDau #andam #thucdonandam #monngonchobe #mevabe","Thực Đơn Bữa Sáng Ngày 13 Đủ 4 Nhóm Chất 🥣
Bữa sáng cung cấp năng lượng cho cả ngày hoạt động của bé. Mẹ tham khảo ngay công thức trong video nhé.
Follow @andammeDau để nhận thực đơn mỗi ngày!
#andammeDau #andam #nuoiconkhoahoc #chamsoccon","Món cháo dinh dưỡng bữa sáng ngày 13 cho bé | Ăn dặm mẹ Dâu #Shorts
#Shorts #andammeDau #andam"
13,2,08:30 - Check nhanh thực phẩm,Check thực phẩm 15s,Bé Mấy Tháng Ăn Được Món Này?,Bé mấy tháng thì bắt đầu ăn được nguyên liệu này? Xem ngay 15 giây để không cho con ăn sai thời điểm!,"Nguyên tắc: Rau củ ngọt từ 6 tháng, thịt đỏ từ 7 tháng, tôm cá từ 8 tháng, lòng trắng trứng sau 9 tháng, hải sản vỏ cứng sau 10 tháng và sữa tươi sau 1 tuổi.",Mẹ đang phân vân món nào hãy để lại bình luận phía dưới nhé. Follow Ăn dặm mẹ Dâu ngay!,"Check nhanh thời điểm ăn an toàn cho bé! Tránh cho con ăn quá sớm hại dạ dày nhé! 👉 Follow Ăn dặm mẹ Dâu!
#andammeDau #andam #checkthucpham #mebimthongthai #chamsoccon","Bé Mấy Tháng Ăn Được Món Này? Check Nhanh Cùng Mẹ Dâu ⏱️
Cho bé ăn đúng độ tuổi giúp phòng ngừa dị ứng và bảo vệ hệ tiêu hóa non nớt.
Follow @andammeDau để tra cứu thực phẩm mỗi ngày!
#andammeDau #andam #suckhoebe #nuoiconkhoahoc","Check nhanh độ tuổi ăn dặm an toàn cho bé | Ăn dặm mẹ Dâu #Shorts
#Shorts #andammeDau #checkthucpham"
13,3,10:30 - Kỹ năng tăng thô,Kỹ năng & Tăng thô,Mẹo Tăng Thô An Toàn Ngày 13,Bé lười nhai hay nôn trớ khi tăng thô? Mẹ áp dụng ngay kỹ thuật tập cơ hàm này.,Kỹ thuật 1: Giảm tỷ lệ nước trong cháo từ từ. Kỹ thuật 2: Hấp rau củ mềm dạng que cho bé tự cầm cắn bằng nướu. Kỹ thuật 3: Kiên nhẫn giới thiệu món mới ít nhất 5 đến 7 lần.,Tăng thô đúng cách giúp con phát triển ngôn ngữ và cơ hàm tốt hơn. Theo dõi Ăn dặm mẹ Dâu ngay!,"Mẹo tăng độ thô an toàn cho bé không lo nôn trớ! Tập nhai chuẩn khoa học! 👉 Follow Ăn dặm mẹ Dâu!
#andammeDau #andam #tangdotho #tapnhai #blwvietnam","Kỹ Thuật Tăng Thô Không Nôn Trớ Cho Bé Ăn Dặm 👶
Cửa sổ vàng tập nhai là 7-9 tháng, đừng xay nhuyễn quá lâu mẹ nhé.
Lưu lại và follow @andammeDau ngay!
#andammeDau #andam #chamsoccon #nuoiconkhoahoc","Mẹo tăng độ thô và tập nhai an toàn cho bé | Ăn dặm mẹ Dâu #Shorts
#Shorts #andammeDau #tangdotho"
13,4,12:00 - Giải mã lầm tưởng,Khoa học & Lầm tưởng,Giải Mã Lầm Tưởng Ăn Dặm #13,Những quan niệm truyền miệng sai lầm khi nấu ăn dặm đang làm hại sức khỏe của bé!,Sự thật y khoa: Không nêm mắm muối dưới 1 tuổi; Không ninh xương lấy nước thay thịt; Không rơ lưỡi bằng mật ong; Không ép ăn khi con đã quay đầu.,Nuôi con bằng tri thức và tình yêu thương mẹ nhé. Theo dõi Ăn dặm mẹ Dâu để cập nhật kiến thức chuẩn!,"Giải mã lầm tưởng kinh điển khi nuôi con ăn dặm! Mẹ bỉm thông thái nhất định phải biết! 👉 Follow Ăn dặm mẹ Dâu!
#andammeDau #andam #khoahocandam #lamtuongandam #mevabe","Sự Thật Y Khoa: Những Lầm Tưởng Khi Cho Bé Ăn Dặm 🚫
Hãy từ bỏ những thói quen truyền miệng thiếu khoa học để bảo vệ con yêu.
Follow @andammeDau ngay hôm nay!
#andammeDau #andam #nuoiconkhoahoc #mebimthongthai","Giải mã lầm tưởng tai hại khi cho bé ăn dặm | Ăn dặm mẹ Dâu #Shorts
#Shorts #andammeDau #khoahocandam"
13,5,14:30 - Bữa phụ & Bánh,Bữa phụ dinh dưỡng,Món Bánh Ăn Dặm Ngày 13,"Bữa phụ chiều thơm lừng cho bé mà không cần lò nướng, làm trong 10 phút!","Nguyên liệu: Chuối tiêu chín, yến mạch cán dẹt và lòng đỏ trứng gà. Cách làm: Xay mịn hỗn hợp, áp chảo lửa nhỏ 3 phút mỗi mặt cho bánh vàng ruộm mềm xốp.",Bánh ngọt tự nhiên bé cầm ăn cực thích. Bấm theo dõi Ăn dặm mẹ Dâu để xem thêm nhiều món bánh ngon!,"Công thức bánh ăn dặm thơm ngon cho bữa phụ chiều của bé! Siêu dễ làm tại nhà! 👉 Follow Ăn dặm mẹ Dâu!
#andammeDau #andam #banhandam #buaphuchobe #monngonchobe","Bánh Ăn Dặm Bữa Phụ Cho Bé Siêu Dễ Làm 🥞
Bữa phụ cách bữa chính 2 tiếng giúp bổ sung năng lượng mà không làm đầy bụng.
Lưu lại và follow @andammeDau ngay!
#andammeDau #andam #buaphu #chamsoccon","Cách làm bánh ăn dặm bữa phụ nhanh gọn cho bé | Ăn dặm mẹ Dâu #Shorts
#Shorts #andammeDau #banhandam"
13,6,16:30 - Tiêu hóa & Biếng ăn,Tiêu hóa SOS,Cứu Cánh Tiêu Hóa Cho Bé #13,"Bé bị táo bón, phân sống hoặc đột ngột biếng ăn? Mẹ xử lý ngay theo hướng dẫn này.","Bước 1: Bổ sung chất xơ hòa tan từ mồng tơi, khoai lang, thanh long đỏ. Bước 2: Massage bụng theo chiều kim đồng hồ 5 phút mỗi ngày. Bước 3: Cho uống đủ nước và duy trì cữ sữa chuẩn.",Hệ tiêu hóa khỏe thì con mới tăng cân đều đặn mẹ nhé. Theo dõi Ăn dặm mẹ Dâu ngay!,"Giải cứu bé bị táo bón, khó tiêu cực nhanh! Mẹo dân gian kết hợp khoa học! 👉 Follow Ăn dặm mẹ Dâu!
#andammeDau #andam #taobon #tieuhoakhoe #mevabe","Xử Lý Táo Bón Và Rối Loạn Tiêu Hóa Ở Trẻ Ăn Dặm 🚼
Đừng vội thụt tháo, hãy điều chỉnh từ chế độ ăn giàu chất xơ và massage bụng cho bé nhé.
Follow @andammeDau để xem chi tiết!
#andammeDau #andam #suckhoebe #chamsoccon","Mẹo trị táo bón và ổn định tiêu hóa cho bé ăn dặm | Ăn dặm mẹ Dâu #Shorts
#Shorts #andammeDau #taobon"
13,7,18:30 - Món chính tối,Thực đơn tối,Món Cháo Tối Ấm Bụng Ngày 13,"Bữa tối nhẹ nhàng, ấm bụng giúp bé no lâu và ngủ xuyên đêm không quấy khóc.","Gợi ý: Súp gà hạt sen bí đỏ sánh mịn hoặc cháo cá hồi cải bó xôi. Nấu chín nhừ, dễ tiêu hóa, không gây đầy bụng trước giờ đi ngủ.",Cho bé ăn tối trước giờ ngủ ít nhất 1.5 đến 2 tiếng mẹ nhé. Theo dõi Ăn dặm mẹ Dâu ngay!,"Thực đơn bữa tối ấm bụng giúp bé ngủ ngon sâu giấc cả đêm! 👉 Follow Ăn dặm mẹ Dâu!
#andammeDau #andam #thucdontoi #chaobochobe #mevabe","Món Cháo Tối Nhẹ Bụng Giúp Bé Ngủ Xuyên Đêm 🌙
Bữa tối không nên cho ăn quá no hoặc quá nhiều đạm khó tiêu. Mẹ tham khảo công thức trong video nhé.
Lưu lại và follow @andammeDau ngay!
#andammeDau #andam #monngonchobe #chamsoccon","Thực đơn cháo tối ấm bụng cho bé ngủ sâu giấc | Ăn dặm mẹ Dâu #Shorts
#Shorts #andammeDau #thucdonandam"
13,8,20:00 - Bổ sung Vi chất,Vi chất chuẩn RNI,Bổ Sung Vi Chất Đúng Liều #13,"Uống D3K2, Sắt, Canxi thế nào để hấp thu 100% mà không bị nóng trong hay táo bón?","Quy tắc: D3K2 uống buổi sáng cùng chất béo. Sắt uống lúc bụng đói cách xa cữ sữa. Canxi chỉ uống sáng hoặc trưa, không uống tối. Kẽm uống sau ăn 30 phút.",Đúng thời điểm và đúng liều lượng là chìa khóa phát triển chiều cao. Theo dõi Ăn dặm mẹ Dâu ngay!,"Thời điểm vàng bổ sung vi chất cho bé phát triển chiều cao vượt trội! 👉 Follow Ăn dặm mẹ Dâu!
#andammeDau #andam #d3k2 #bosungcanxi #vichatchobe","Thời Điểm Vàng Bổ Sung Vitamin D3K2, Sắt, Canxi Cho Bé 💊
Uống sai thời điểm không những không hấp thu mà còn gây lắng đọng thận. Mẹ xem kỹ hướng dẫn nhé.
Follow @andammeDau ngay hôm nay!
#andammeDau #andam #nuoiconkhoahoc #suckhoebe","Bảng thời điểm vàng bổ sung vi chất cho trẻ nhỏ | Ăn dặm mẹ Dâu #Shorts
#Shorts #andammeDau #vichatchobe"
13,9,21:00 - Bảo quản & Dụng cụ,Bảo quản & Dụng cụ,Mẹo Trữ Đông Thực Phẩm Ngày 13,Bảo quản đồ ăn dặm sai cách khiến vi khuẩn sinh sôi gấp 10 lần! Mẹ xem ngay quy tắc an toàn.,Lưu ý: Thức ăn nấu xong để nguội chia khay trữ đông ngay. Ngăn mát dùng trong 24 đến 48 giờ. Ngăn đông dùng trong 2 tuần. Tuyệt đối không tái cấp đông đồ đã rã đông.,Vệ sinh an toàn là nền tảng cho sức khỏe của con. Bấm theo dõi Ăn dặm mẹ Dâu ngay!,"Quy tắc cấp đông và rã đông đồ ăn dặm chuẩn vi sinh giữ trọn 95% vitamin! 👉 Follow Ăn dặm mẹ Dâu!
#andammeDau #andam #capdongdoandam #meovatmebim #chamsoccon","Quy Tắc Cấp Đông Đồ Ăn Dặm Chuẩn Y Khoa ❄️
Mẹ đi làm bận rộn hoàn toàn có thể nấu sẵn trữ đông nếu tuân thủ đúng 3 bước trong video này.
Lưu lại và follow @andammeDau ngay!
#andammeDau #andam #mebim #nuoiconkhoahoc","Quy tắc bảo quản và rã đông đồ ăn dặm chuẩn an toàn | Ăn dặm mẹ Dâu #Shorts
#Shorts #andammeDau #capdongdoandam"
13,10,22:00 - Tâm lý bàn ăn,Tâm lý & Chữa lành,Nuôi Con Không Phải Cuộc Chiến #13,Mỗi bữa ăn của con là niềm vui hay đang là một cuộc chiến căng thẳng trong gia đình mẹ?,"Thông điệp: Bố mẹ quyết định con ăn gì và ở đâu; Con quyết định con ăn bao nhiêu. Tôn trọng nhu cầu của con, không ép ăn, không so sánh cân nặng với con nhà người ta.",Một em bé vui vẻ ăn ngoan là đích đến hạnh phúc nhất. Ăn dặm mẹ Dâu luôn đồng hành cùng mẹ!,"Nuôi con là hạnh phúc, đừng biến bữa ăn thành cuộc chiến mẹ ơi! 👉 Follow Ăn dặm mẹ Dâu để tìm lại niềm vui chăm con nhé!
#andammeDau #andam #nuoiconkhongphailacuocchien #tamlymebim #mevabe","Thông Điệp Yêu Thương Gửi Mẹ Bỉm Sữa Cuối Ngày ❤️
Mỗi em bé là một cá thể độc lập với tốc độ lớn riêng. Mẹ đang làm rất tốt rồi, hãy ôm con thật chặt tối nay nhé.
Follow @andammeDau để cùng nhau nuôi con nhàn tênh!
#andammeDau #andam #chamsoccon #nuoiconkhoahoc","Nuôi con không phải là cuộc chiến | Ăn dặm mẹ Dâu #Shorts
#Shorts #andammeDau #nuoiconkhoahoc"
14,1,06:30 - Món chính sáng,Thực đơn chính,Cháo Dinh Dưỡng Ngày 14 Cho Bé,Sáng nay nấu gì cho con nhanh mà đủ 4 nhóm chất? Mẹ nấu ngay món cháo ngày 14 này nhé.,Bước 1: Nấu cháo trắng tỷ lệ phù hợp tháng tuổi. Bước 2: Thêm đạm tươi băm nhuyễn mịn. Bước 3: Cho rau củ thái nhỏ nấu chín mềm. Bước 4: Tắt bếp và thêm 5ml dầu ăn dặm.,Lưu lại thực đơn ngày hôm nay và theo dõi Ăn dặm mẹ Dâu để xem món tiếp theo!,"Gợi ý bữa sáng dinh dưỡng ngày 14 cho bé ăn dặm ngon miệng! 👉 Follow Ăn dặm mẹ Dâu ngay!
#andammeDau #andam #thucdonandam #monngonchobe #mevabe","Thực Đơn Bữa Sáng Ngày 14 Đủ 4 Nhóm Chất 🥣
Bữa sáng cung cấp năng lượng cho cả ngày hoạt động của bé. Mẹ tham khảo ngay công thức trong video nhé.
Follow @andammeDau để nhận thực đơn mỗi ngày!
#andammeDau #andam #nuoiconkhoahoc #chamsoccon","Món cháo dinh dưỡng bữa sáng ngày 14 cho bé | Ăn dặm mẹ Dâu #Shorts
#Shorts #andammeDau #andam"
14,2,08:30 - Check nhanh thực phẩm,Check thực phẩm 15s,Bé Mấy Tháng Ăn Được Món Này?,Bé mấy tháng thì bắt đầu ăn được nguyên liệu này? Xem ngay 15 giây để không cho con ăn sai thời điểm!,"Nguyên tắc: Rau củ ngọt từ 6 tháng, thịt đỏ từ 7 tháng, tôm cá từ 8 tháng, lòng trắng trứng sau 9 tháng, hải sản vỏ cứng sau 10 tháng và sữa tươi sau 1 tuổi.",Mẹ đang phân vân món nào hãy để lại bình luận phía dưới nhé. Follow Ăn dặm mẹ Dâu ngay!,"Check nhanh thời điểm ăn an toàn cho bé! Tránh cho con ăn quá sớm hại dạ dày nhé! 👉 Follow Ăn dặm mẹ Dâu!
#andammeDau #andam #checkthucpham #mebimthongthai #chamsoccon","Bé Mấy Tháng Ăn Được Món Này? Check Nhanh Cùng Mẹ Dâu ⏱️
Cho bé ăn đúng độ tuổi giúp phòng ngừa dị ứng và bảo vệ hệ tiêu hóa non nớt.
Follow @andammeDau để tra cứu thực phẩm mỗi ngày!
#andammeDau #andam #suckhoebe #nuoiconkhoahoc","Check nhanh độ tuổi ăn dặm an toàn cho bé | Ăn dặm mẹ Dâu #Shorts
#Shorts #andammeDau #checkthucpham"
14,3,10:30 - Kỹ năng tăng thô,Kỹ năng & Tăng thô,Mẹo Tăng Thô An Toàn Ngày 14,Bé lười nhai hay nôn trớ khi tăng thô? Mẹ áp dụng ngay kỹ thuật tập cơ hàm này.,Kỹ thuật 1: Giảm tỷ lệ nước trong cháo từ từ. Kỹ thuật 2: Hấp rau củ mềm dạng que cho bé tự cầm cắn bằng nướu. Kỹ thuật 3: Kiên nhẫn giới thiệu món mới ít nhất 5 đến 7 lần.,Tăng thô đúng cách giúp con phát triển ngôn ngữ và cơ hàm tốt hơn. Theo dõi Ăn dặm mẹ Dâu ngay!,"Mẹo tăng độ thô an toàn cho bé không lo nôn trớ! Tập nhai chuẩn khoa học! 👉 Follow Ăn dặm mẹ Dâu!
#andammeDau #andam #tangdotho #tapnhai #blwvietnam","Kỹ Thuật Tăng Thô Không Nôn Trớ Cho Bé Ăn Dặm 👶
Cửa sổ vàng tập nhai là 7-9 tháng, đừng xay nhuyễn quá lâu mẹ nhé.
Lưu lại và follow @andammeDau ngay!
#andammeDau #andam #chamsoccon #nuoiconkhoahoc","Mẹo tăng độ thô và tập nhai an toàn cho bé | Ăn dặm mẹ Dâu #Shorts
#Shorts #andammeDau #tangdotho"
14,4,12:00 - Giải mã lầm tưởng,Khoa học & Lầm tưởng,Giải Mã Lầm Tưởng Ăn Dặm #14,Những quan niệm truyền miệng sai lầm khi nấu ăn dặm đang làm hại sức khỏe của bé!,Sự thật y khoa: Không nêm mắm muối dưới 1 tuổi; Không ninh xương lấy nước thay thịt; Không rơ lưỡi bằng mật ong; Không ép ăn khi con đã quay đầu.,Nuôi con bằng tri thức và tình yêu thương mẹ nhé. Theo dõi Ăn dặm mẹ Dâu để cập nhật kiến thức chuẩn!,"Giải mã lầm tưởng kinh điển khi nuôi con ăn dặm! Mẹ bỉm thông thái nhất định phải biết! 👉 Follow Ăn dặm mẹ Dâu!
#andammeDau #andam #khoahocandam #lamtuongandam #mevabe","Sự Thật Y Khoa: Những Lầm Tưởng Khi Cho Bé Ăn Dặm 🚫
Hãy từ bỏ những thói quen truyền miệng thiếu khoa học để bảo vệ con yêu.
Follow @andammeDau ngay hôm nay!
#andammeDau #andam #nuoiconkhoahoc #mebimthongthai","Giải mã lầm tưởng tai hại khi cho bé ăn dặm | Ăn dặm mẹ Dâu #Shorts
#Shorts #andammeDau #khoahocandam"
14,5,14:30 - Bữa phụ & Bánh,Bữa phụ dinh dưỡng,Món Bánh Ăn Dặm Ngày 14,"Bữa phụ chiều thơm lừng cho bé mà không cần lò nướng, làm trong 10 phút!","Nguyên liệu: Chuối tiêu chín, yến mạch cán dẹt và lòng đỏ trứng gà. Cách làm: Xay mịn hỗn hợp, áp chảo lửa nhỏ 3 phút mỗi mặt cho bánh vàng ruộm mềm xốp.",Bánh ngọt tự nhiên bé cầm ăn cực thích. Bấm theo dõi Ăn dặm mẹ Dâu để xem thêm nhiều món bánh ngon!,"Công thức bánh ăn dặm thơm ngon cho bữa phụ chiều của bé! Siêu dễ làm tại nhà! 👉 Follow Ăn dặm mẹ Dâu!
#andammeDau #andam #banhandam #buaphuchobe #monngonchobe","Bánh Ăn Dặm Bữa Phụ Cho Bé Siêu Dễ Làm 🥞
Bữa phụ cách bữa chính 2 tiếng giúp bổ sung năng lượng mà không làm đầy bụng.
Lưu lại và follow @andammeDau ngay!
#andammeDau #andam #buaphu #chamsoccon","Cách làm bánh ăn dặm bữa phụ nhanh gọn cho bé | Ăn dặm mẹ Dâu #Shorts
#Shorts #andammeDau #banhandam"
14,6,16:30 - Tiêu hóa & Biếng ăn,Tiêu hóa SOS,Cứu Cánh Tiêu Hóa Cho Bé #14,"Bé bị táo bón, phân sống hoặc đột ngột biếng ăn? Mẹ xử lý ngay theo hướng dẫn này.","Bước 1: Bổ sung chất xơ hòa tan từ mồng tơi, khoai lang, thanh long đỏ. Bước 2: Massage bụng theo chiều kim đồng hồ 5 phút mỗi ngày. Bước 3: Cho uống đủ nước và duy trì cữ sữa chuẩn.",Hệ tiêu hóa khỏe thì con mới tăng cân đều đặn mẹ nhé. Theo dõi Ăn dặm mẹ Dâu ngay!,"Giải cứu bé bị táo bón, khó tiêu cực nhanh! Mẹo dân gian kết hợp khoa học! 👉 Follow Ăn dặm mẹ Dâu!
#andammeDau #andam #taobon #tieuhoakhoe #mevabe","Xử Lý Táo Bón Và Rối Loạn Tiêu Hóa Ở Trẻ Ăn Dặm 🚼
Đừng vội thụt tháo, hãy điều chỉnh từ chế độ ăn giàu chất xơ và massage bụng cho bé nhé.
Follow @andammeDau để xem chi tiết!
#andammeDau #andam #suckhoebe #chamsoccon","Mẹo trị táo bón và ổn định tiêu hóa cho bé ăn dặm | Ăn dặm mẹ Dâu #Shorts
#Shorts #andammeDau #taobon"
14,7,18:30 - Món chính tối,Thực đơn tối,Món Cháo Tối Ấm Bụng Ngày 14,"Bữa tối nhẹ nhàng, ấm bụng giúp bé no lâu và ngủ xuyên đêm không quấy khóc.","Gợi ý: Súp gà hạt sen bí đỏ sánh mịn hoặc cháo cá hồi cải bó xôi. Nấu chín nhừ, dễ tiêu hóa, không gây đầy bụng trước giờ đi ngủ.",Cho bé ăn tối trước giờ ngủ ít nhất 1.5 đến 2 tiếng mẹ nhé. Theo dõi Ăn dặm mẹ Dâu ngay!,"Thực đơn bữa tối ấm bụng giúp bé ngủ ngon sâu giấc cả đêm! 👉 Follow Ăn dặm mẹ Dâu!
#andammeDau #andam #thucdontoi #chaobochobe #mevabe","Món Cháo Tối Nhẹ Bụng Giúp Bé Ngủ Xuyên Đêm 🌙
Bữa tối không nên cho ăn quá no hoặc quá nhiều đạm khó tiêu. Mẹ tham khảo công thức trong video nhé.
Lưu lại và follow @andammeDau ngay!
#andammeDau #andam #monngonchobe #chamsoccon","Thực đơn cháo tối ấm bụng cho bé ngủ sâu giấc | Ăn dặm mẹ Dâu #Shorts
#Shorts #andammeDau #thucdonandam"
14,8,20:00 - Bổ sung Vi chất,Vi chất chuẩn RNI,Bổ Sung Vi Chất Đúng Liều #14,"Uống D3K2, Sắt, Canxi thế nào để hấp thu 100% mà không bị nóng trong hay táo bón?","Quy tắc: D3K2 uống buổi sáng cùng chất béo. Sắt uống lúc bụng đói cách xa cữ sữa. Canxi chỉ uống sáng hoặc trưa, không uống tối. Kẽm uống sau ăn 30 phút.",Đúng thời điểm và đúng liều lượng là chìa khóa phát triển chiều cao. Theo dõi Ăn dặm mẹ Dâu ngay!,"Thời điểm vàng bổ sung vi chất cho bé phát triển chiều cao vượt trội! 👉 Follow Ăn dặm mẹ Dâu!
#andammeDau #andam #d3k2 #bosungcanxi #vichatchobe","Thời Điểm Vàng Bổ Sung Vitamin D3K2, Sắt, Canxi Cho Bé 💊
Uống sai thời điểm không những không hấp thu mà còn gây lắng đọng thận. Mẹ xem kỹ hướng dẫn nhé.
Follow @andammeDau ngay hôm nay!
#andammeDau #andam #nuoiconkhoahoc #suckhoebe","Bảng thời điểm vàng bổ sung vi chất cho trẻ nhỏ | Ăn dặm mẹ Dâu #Shorts
#Shorts #andammeDau #vichatchobe"
14,9,21:00 - Bảo quản & Dụng cụ,Bảo quản & Dụng cụ,Mẹo Trữ Đông Thực Phẩm Ngày 14,Bảo quản đồ ăn dặm sai cách khiến vi khuẩn sinh sôi gấp 10 lần! Mẹ xem ngay quy tắc an toàn.,Lưu ý: Thức ăn nấu xong để nguội chia khay trữ đông ngay. Ngăn mát dùng trong 24 đến 48 giờ. Ngăn đông dùng trong 2 tuần. Tuyệt đối không tái cấp đông đồ đã rã đông.,Vệ sinh an toàn là nền tảng cho sức khỏe của con. Bấm theo dõi Ăn dặm mẹ Dâu ngay!,"Quy tắc cấp đông và rã đông đồ ăn dặm chuẩn vi sinh giữ trọn 95% vitamin! 👉 Follow Ăn dặm mẹ Dâu!
#andammeDau #andam #capdongdoandam #meovatmebim #chamsoccon","Quy Tắc Cấp Đông Đồ Ăn Dặm Chuẩn Y Khoa ❄️
Mẹ đi làm bận rộn hoàn toàn có thể nấu sẵn trữ đông nếu tuân thủ đúng 3 bước trong video này.
Lưu lại và follow @andammeDau ngay!
#andammeDau #andam #mebim #nuoiconkhoahoc","Quy tắc bảo quản và rã đông đồ ăn dặm chuẩn an toàn | Ăn dặm mẹ Dâu #Shorts
#Shorts #andammeDau #capdongdoandam"
14,10,22:00 - Tâm lý bàn ăn,Tâm lý & Chữa lành,Nuôi Con Không Phải Cuộc Chiến #14,Mỗi bữa ăn của con là niềm vui hay đang là một cuộc chiến căng thẳng trong gia đình mẹ?,"Thông điệp: Bố mẹ quyết định con ăn gì và ở đâu; Con quyết định con ăn bao nhiêu. Tôn trọng nhu cầu của con, không ép ăn, không so sánh cân nặng với con nhà người ta.",Một em bé vui vẻ ăn ngoan là đích đến hạnh phúc nhất. Ăn dặm mẹ Dâu luôn đồng hành cùng mẹ!,"Nuôi con là hạnh phúc, đừng biến bữa ăn thành cuộc chiến mẹ ơi! 👉 Follow Ăn dặm mẹ Dâu để tìm lại niềm vui chăm con nhé!
#andammeDau #andam #nuoiconkhongphailacuocchien #tamlymebim #mevabe","Thông Điệp Yêu Thương Gửi Mẹ Bỉm Sữa Cuối Ngày ❤️
Mỗi em bé là một cá thể độc lập với tốc độ lớn riêng. Mẹ đang làm rất tốt rồi, hãy ôm con thật chặt tối nay nhé.
Follow @andammeDau để cùng nhau nuôi con nhàn tênh!
#andammeDau #andam #chamsoccon #nuoiconkhoahoc","Nuôi con không phải là cuộc chiến | Ăn dặm mẹ Dâu #Shorts
#Shorts #andammeDau #nuoiconkhoahoc"
15,1,06:30 - Món chính sáng,Thực đơn chính,Cháo Dinh Dưỡng Ngày 15 Cho Bé,Sáng nay nấu gì cho con nhanh mà đủ 4 nhóm chất? Mẹ nấu ngay món cháo ngày 15 này nhé.,Bước 1: Nấu cháo trắng tỷ lệ phù hợp tháng tuổi. Bước 2: Thêm đạm tươi băm nhuyễn mịn. Bước 3: Cho rau củ thái nhỏ nấu chín mềm. Bước 4: Tắt bếp và thêm 5ml dầu ăn dặm.,Lưu lại thực đơn ngày hôm nay và theo dõi Ăn dặm mẹ Dâu để xem món tiếp theo!,"Gợi ý bữa sáng dinh dưỡng ngày 15 cho bé ăn dặm ngon miệng! 👉 Follow Ăn dặm mẹ Dâu ngay!
#andammeDau #andam #thucdonandam #monngonchobe #mevabe","Thực Đơn Bữa Sáng Ngày 15 Đủ 4 Nhóm Chất 🥣
Bữa sáng cung cấp năng lượng cho cả ngày hoạt động của bé. Mẹ tham khảo ngay công thức trong video nhé.
Follow @andammeDau để nhận thực đơn mỗi ngày!
#andammeDau #andam #nuoiconkhoahoc #chamsoccon","Món cháo dinh dưỡng bữa sáng ngày 15 cho bé | Ăn dặm mẹ Dâu #Shorts
#Shorts #andammeDau #andam"
15,2,08:30 - Check nhanh thực phẩm,Check thực phẩm 15s,Bé Mấy Tháng Ăn Được Món Này?,Bé mấy tháng thì bắt đầu ăn được nguyên liệu này? Xem ngay 15 giây để không cho con ăn sai thời điểm!,"Nguyên tắc: Rau củ ngọt từ 6 tháng, thịt đỏ từ 7 tháng, tôm cá từ 8 tháng, lòng trắng trứng sau 9 tháng, hải sản vỏ cứng sau 10 tháng và sữa tươi sau 1 tuổi.",Mẹ đang phân vân món nào hãy để lại bình luận phía dưới nhé. Follow Ăn dặm mẹ Dâu ngay!,"Check nhanh thời điểm ăn an toàn cho bé! Tránh cho con ăn quá sớm hại dạ dày nhé! 👉 Follow Ăn dặm mẹ Dâu!
#andammeDau #andam #checkthucpham #mebimthongthai #chamsoccon","Bé Mấy Tháng Ăn Được Món Này? Check Nhanh Cùng Mẹ Dâu ⏱️
Cho bé ăn đúng độ tuổi giúp phòng ngừa dị ứng và bảo vệ hệ tiêu hóa non nớt.
Follow @andammeDau để tra cứu thực phẩm mỗi ngày!
#andammeDau #andam #suckhoebe #nuoiconkhoahoc","Check nhanh độ tuổi ăn dặm an toàn cho bé | Ăn dặm mẹ Dâu #Shorts
#Shorts #andammeDau #checkthucpham"
15,3,10:30 - Kỹ năng tăng thô,Kỹ năng & Tăng thô,Mẹo Tăng Thô An Toàn Ngày 15,Bé lười nhai hay nôn trớ khi tăng thô? Mẹ áp dụng ngay kỹ thuật tập cơ hàm này.,Kỹ thuật 1: Giảm tỷ lệ nước trong cháo từ từ. Kỹ thuật 2: Hấp rau củ mềm dạng que cho bé tự cầm cắn bằng nướu. Kỹ thuật 3: Kiên nhẫn giới thiệu món mới ít nhất 5 đến 7 lần.,Tăng thô đúng cách giúp con phát triển ngôn ngữ và cơ hàm tốt hơn. Theo dõi Ăn dặm mẹ Dâu ngay!,"Mẹo tăng độ thô an toàn cho bé không lo nôn trớ! Tập nhai chuẩn khoa học! 👉 Follow Ăn dặm mẹ Dâu!
#andammeDau #andam #tangdotho #tapnhai #blwvietnam","Kỹ Thuật Tăng Thô Không Nôn Trớ Cho Bé Ăn Dặm 👶
Cửa sổ vàng tập nhai là 7-9 tháng, đừng xay nhuyễn quá lâu mẹ nhé.
Lưu lại và follow @andammeDau ngay!
#andammeDau #andam #chamsoccon #nuoiconkhoahoc","Mẹo tăng độ thô và tập nhai an toàn cho bé | Ăn dặm mẹ Dâu #Shorts
#Shorts #andammeDau #tangdotho"
15,4,12:00 - Giải mã lầm tưởng,Khoa học & Lầm tưởng,Giải Mã Lầm Tưởng Ăn Dặm #15,Những quan niệm truyền miệng sai lầm khi nấu ăn dặm đang làm hại sức khỏe của bé!,Sự thật y khoa: Không nêm mắm muối dưới 1 tuổi; Không ninh xương lấy nước thay thịt; Không rơ lưỡi bằng mật ong; Không ép ăn khi con đã quay đầu.,Nuôi con bằng tri thức và tình yêu thương mẹ nhé. Theo dõi Ăn dặm mẹ Dâu để cập nhật kiến thức chuẩn!,"Giải mã lầm tưởng kinh điển khi nuôi con ăn dặm! Mẹ bỉm thông thái nhất định phải biết! 👉 Follow Ăn dặm mẹ Dâu!
#andammeDau #andam #khoahocandam #lamtuongandam #mevabe","Sự Thật Y Khoa: Những Lầm Tưởng Khi Cho Bé Ăn Dặm 🚫
Hãy từ bỏ những thói quen truyền miệng thiếu khoa học để bảo vệ con yêu.
Follow @andammeDau ngay hôm nay!
#andammeDau #andam #nuoiconkhoahoc #mebimthongthai","Giải mã lầm tưởng tai hại khi cho bé ăn dặm | Ăn dặm mẹ Dâu #Shorts
#Shorts #andammeDau #khoahocandam"
15,5,14:30 - Bữa phụ & Bánh,Bữa phụ dinh dưỡng,Món Bánh Ăn Dặm Ngày 15,"Bữa phụ chiều thơm lừng cho bé mà không cần lò nướng, làm trong 10 phút!","Nguyên liệu: Chuối tiêu chín, yến mạch cán dẹt và lòng đỏ trứng gà. Cách làm: Xay mịn hỗn hợp, áp chảo lửa nhỏ 3 phút mỗi mặt cho bánh vàng ruộm mềm xốp.",Bánh ngọt tự nhiên bé cầm ăn cực thích. Bấm theo dõi Ăn dặm mẹ Dâu để xem thêm nhiều món bánh ngon!,"Công thức bánh ăn dặm thơm ngon cho bữa phụ chiều của bé! Siêu dễ làm tại nhà! 👉 Follow Ăn dặm mẹ Dâu!
#andammeDau #andam #banhandam #buaphuchobe #monngonchobe","Bánh Ăn Dặm Bữa Phụ Cho Bé Siêu Dễ Làm 🥞
Bữa phụ cách bữa chính 2 tiếng giúp bổ sung năng lượng mà không làm đầy bụng.
Lưu lại và follow @andammeDau ngay!
#andammeDau #andam #buaphu #chamsoccon","Cách làm bánh ăn dặm bữa phụ nhanh gọn cho bé | Ăn dặm mẹ Dâu #Shorts
#Shorts #andammeDau #banhandam"
15,6,16:30 - Tiêu hóa & Biếng ăn,Tiêu hóa SOS,Cứu Cánh Tiêu Hóa Cho Bé #15,"Bé bị táo bón, phân sống hoặc đột ngột biếng ăn? Mẹ xử lý ngay theo hướng dẫn này.","Bước 1: Bổ sung chất xơ hòa tan từ mồng tơi, khoai lang, thanh long đỏ. Bước 2: Massage bụng theo chiều kim đồng hồ 5 phút mỗi ngày. Bước 3: Cho uống đủ nước và duy trì cữ sữa chuẩn.",Hệ tiêu hóa khỏe thì con mới tăng cân đều đặn mẹ nhé. Theo dõi Ăn dặm mẹ Dâu ngay!,"Giải cứu bé bị táo bón, khó tiêu cực nhanh! Mẹo dân gian kết hợp khoa học! 👉 Follow Ăn dặm mẹ Dâu!
#andammeDau #andam #taobon #tieuhoakhoe #mevabe","Xử Lý Táo Bón Và Rối Loạn Tiêu Hóa Ở Trẻ Ăn Dặm 🚼
Đừng vội thụt tháo, hãy điều chỉnh từ chế độ ăn giàu chất xơ và massage bụng cho bé nhé.
Follow @andammeDau để xem chi tiết!
#andammeDau #andam #suckhoebe #chamsoccon","Mẹo trị táo bón và ổn định tiêu hóa cho bé ăn dặm | Ăn dặm mẹ Dâu #Shorts
#Shorts #andammeDau #taobon"
15,7,18:30 - Món chính tối,Thực đơn tối,Món Cháo Tối Ấm Bụng Ngày 15,"Bữa tối nhẹ nhàng, ấm bụng giúp bé no lâu và ngủ xuyên đêm không quấy khóc.","Gợi ý: Súp gà hạt sen bí đỏ sánh mịn hoặc cháo cá hồi cải bó xôi. Nấu chín nhừ, dễ tiêu hóa, không gây đầy bụng trước giờ đi ngủ.",Cho bé ăn tối trước giờ ngủ ít nhất 1.5 đến 2 tiếng mẹ nhé. Theo dõi Ăn dặm mẹ Dâu ngay!,"Thực đơn bữa tối ấm bụng giúp bé ngủ ngon sâu giấc cả đêm! 👉 Follow Ăn dặm mẹ Dâu!
#andammeDau #andam #thucdontoi #chaobochobe #mevabe","Món Cháo Tối Nhẹ Bụng Giúp Bé Ngủ Xuyên Đêm 🌙
Bữa tối không nên cho ăn quá no hoặc quá nhiều đạm khó tiêu. Mẹ tham khảo công thức trong video nhé.
Lưu lại và follow @andammeDau ngay!
#andammeDau #andam #monngonchobe #chamsoccon","Thực đơn cháo tối ấm bụng cho bé ngủ sâu giấc | Ăn dặm mẹ Dâu #Shorts
#Shorts #andammeDau #thucdonandam"
15,8,20:00 - Bổ sung Vi chất,Vi chất chuẩn RNI,Bổ Sung Vi Chất Đúng Liều #15,"Uống D3K2, Sắt, Canxi thế nào để hấp thu 100% mà không bị nóng trong hay táo bón?","Quy tắc: D3K2 uống buổi sáng cùng chất béo. Sắt uống lúc bụng đói cách xa cữ sữa. Canxi chỉ uống sáng hoặc trưa, không uống tối. Kẽm uống sau ăn 30 phút.",Đúng thời điểm và đúng liều lượng là chìa khóa phát triển chiều cao. Theo dõi Ăn dặm mẹ Dâu ngay!,"Thời điểm vàng bổ sung vi chất cho bé phát triển chiều cao vượt trội! 👉 Follow Ăn dặm mẹ Dâu!
#andammeDau #andam #d3k2 #bosungcanxi #vichatchobe","Thời Điểm Vàng Bổ Sung Vitamin D3K2, Sắt, Canxi Cho Bé 💊
Uống sai thời điểm không những không hấp thu mà còn gây lắng đọng thận. Mẹ xem kỹ hướng dẫn nhé.
Follow @andammeDau ngay hôm nay!
#andammeDau #andam #nuoiconkhoahoc #suckhoebe","Bảng thời điểm vàng bổ sung vi chất cho trẻ nhỏ | Ăn dặm mẹ Dâu #Shorts
#Shorts #andammeDau #vichatchobe"
15,9,21:00 - Bảo quản & Dụng cụ,Bảo quản & Dụng cụ,Mẹo Trữ Đông Thực Phẩm Ngày 15,Bảo quản đồ ăn dặm sai cách khiến vi khuẩn sinh sôi gấp 10 lần! Mẹ xem ngay quy tắc an toàn.,Lưu ý: Thức ăn nấu xong để nguội chia khay trữ đông ngay. Ngăn mát dùng trong 24 đến 48 giờ. Ngăn đông dùng trong 2 tuần. Tuyệt đối không tái cấp đông đồ đã rã đông.,Vệ sinh an toàn là nền tảng cho sức khỏe của con. Bấm theo dõi Ăn dặm mẹ Dâu ngay!,"Quy tắc cấp đông và rã đông đồ ăn dặm chuẩn vi sinh giữ trọn 95% vitamin! 👉 Follow Ăn dặm mẹ Dâu!
#andammeDau #andam #capdongdoandam #meovatmebim #chamsoccon","Quy Tắc Cấp Đông Đồ Ăn Dặm Chuẩn Y Khoa ❄️
Mẹ đi làm bận rộn hoàn toàn có thể nấu sẵn trữ đông nếu tuân thủ đúng 3 bước trong video này.
Lưu lại và follow @andammeDau ngay!
#andammeDau #andam #mebim #nuoiconkhoahoc","Quy tắc bảo quản và rã đông đồ ăn dặm chuẩn an toàn | Ăn dặm mẹ Dâu #Shorts
#Shorts #andammeDau #capdongdoandam"
15,10,22:00 - Tâm lý bàn ăn,Tâm lý & Chữa lành,Nuôi Con Không Phải Cuộc Chiến #15,Mỗi bữa ăn của con là niềm vui hay đang là một cuộc chiến căng thẳng trong gia đình mẹ?,"Thông điệp: Bố mẹ quyết định con ăn gì và ở đâu; Con quyết định con ăn bao nhiêu. Tôn trọng nhu cầu của con, không ép ăn, không so sánh cân nặng với con nhà người ta.",Một em bé vui vẻ ăn ngoan là đích đến hạnh phúc nhất. Ăn dặm mẹ Dâu luôn đồng hành cùng mẹ!,"Nuôi con là hạnh phúc, đừng biến bữa ăn thành cuộc chiến mẹ ơi! 👉 Follow Ăn dặm mẹ Dâu để tìm lại niềm vui chăm con nhé!
#andammeDau #andam #nuoiconkhongphailacuocchien #tamlymebim #mevabe","Thông Điệp Yêu Thương Gửi Mẹ Bỉm Sữa Cuối Ngày ❤️
Mỗi em bé là một cá thể độc lập với tốc độ lớn riêng. Mẹ đang làm rất tốt rồi, hãy ôm con thật chặt tối nay nhé.
Follow @andammeDau để cùng nhau nuôi con nhàn tênh!
#andammeDau #andam #chamsoccon #nuoiconkhoahoc","Nuôi con không phải là cuộc chiến | Ăn dặm mẹ Dâu #Shorts
#Shorts #andammeDau #nuoiconkhoahoc"
16,1,06:30 - Món chính sáng,Thực đơn chính,Cháo Dinh Dưỡng Ngày 16 Cho Bé,Sáng nay nấu gì cho con nhanh mà đủ 4 nhóm chất? Mẹ nấu ngay món cháo ngày 16 này nhé.,Bước 1: Nấu cháo trắng tỷ lệ phù hợp tháng tuổi. Bước 2: Thêm đạm tươi băm nhuyễn mịn. Bước 3: Cho rau củ thái nhỏ nấu chín mềm. Bước 4: Tắt bếp và thêm 5ml dầu ăn dặm.,Lưu lại thực đơn ngày hôm nay và theo dõi Ăn dặm mẹ Dâu để xem món tiếp theo!,"Gợi ý bữa sáng dinh dưỡng ngày 16 cho bé ăn dặm ngon miệng! 👉 Follow Ăn dặm mẹ Dâu ngay!
#andammeDau #andam #thucdonandam #monngonchobe #mevabe","Thực Đơn Bữa Sáng Ngày 16 Đủ 4 Nhóm Chất 🥣
Bữa sáng cung cấp năng lượng cho cả ngày hoạt động của bé. Mẹ tham khảo ngay công thức trong video nhé.
Follow @andammeDau để nhận thực đơn mỗi ngày!
#andammeDau #andam #nuoiconkhoahoc #chamsoccon","Món cháo dinh dưỡng bữa sáng ngày 16 cho bé | Ăn dặm mẹ Dâu #Shorts
#Shorts #andammeDau #andam"
16,2,08:30 - Check nhanh thực phẩm,Check thực phẩm 15s,Bé Mấy Tháng Ăn Được Món Này?,Bé mấy tháng thì bắt đầu ăn được nguyên liệu này? Xem ngay 15 giây để không cho con ăn sai thời điểm!,"Nguyên tắc: Rau củ ngọt từ 6 tháng, thịt đỏ từ 7 tháng, tôm cá từ 8 tháng, lòng trắng trứng sau 9 tháng, hải sản vỏ cứng sau 10 tháng và sữa tươi sau 1 tuổi.",Mẹ đang phân vân món nào hãy để lại bình luận phía dưới nhé. Follow Ăn dặm mẹ Dâu ngay!,"Check nhanh thời điểm ăn an toàn cho bé! Tránh cho con ăn quá sớm hại dạ dày nhé! 👉 Follow Ăn dặm mẹ Dâu!
#andammeDau #andam #checkthucpham #mebimthongthai #chamsoccon","Bé Mấy Tháng Ăn Được Món Này? Check Nhanh Cùng Mẹ Dâu ⏱️
Cho bé ăn đúng độ tuổi giúp phòng ngừa dị ứng và bảo vệ hệ tiêu hóa non nớt.
Follow @andammeDau để tra cứu thực phẩm mỗi ngày!
#andammeDau #andam #suckhoebe #nuoiconkhoahoc","Check nhanh độ tuổi ăn dặm an toàn cho bé | Ăn dặm mẹ Dâu #Shorts
#Shorts #andammeDau #checkthucpham"
16,3,10:30 - Kỹ năng tăng thô,Kỹ năng & Tăng thô,Mẹo Tăng Thô An Toàn Ngày 16,Bé lười nhai hay nôn trớ khi tăng thô? Mẹ áp dụng ngay kỹ thuật tập cơ hàm này.,Kỹ thuật 1: Giảm tỷ lệ nước trong cháo từ từ. Kỹ thuật 2: Hấp rau củ mềm dạng que cho bé tự cầm cắn bằng nướu. Kỹ thuật 3: Kiên nhẫn giới thiệu món mới ít nhất 5 đến 7 lần.,Tăng thô đúng cách giúp con phát triển ngôn ngữ và cơ hàm tốt hơn. Theo dõi Ăn dặm mẹ Dâu ngay!,"Mẹo tăng độ thô an toàn cho bé không lo nôn trớ! Tập nhai chuẩn khoa học! 👉 Follow Ăn dặm mẹ Dâu!
#andammeDau #andam #tangdotho #tapnhai #blwvietnam","Kỹ Thuật Tăng Thô Không Nôn Trớ Cho Bé Ăn Dặm 👶
Cửa sổ vàng tập nhai là 7-9 tháng, đừng xay nhuyễn quá lâu mẹ nhé.
Lưu lại và follow @andammeDau ngay!
#andammeDau #andam #chamsoccon #nuoiconkhoahoc","Mẹo tăng độ thô và tập nhai an toàn cho bé | Ăn dặm mẹ Dâu #Shorts
#Shorts #andammeDau #tangdotho"
16,4,12:00 - Giải mã lầm tưởng,Khoa học & Lầm tưởng,Giải Mã Lầm Tưởng Ăn Dặm #16,Những quan niệm truyền miệng sai lầm khi nấu ăn dặm đang làm hại sức khỏe của bé!,Sự thật y khoa: Không nêm mắm muối dưới 1 tuổi; Không ninh xương lấy nước thay thịt; Không rơ lưỡi bằng mật ong; Không ép ăn khi con đã quay đầu.,Nuôi con bằng tri thức và tình yêu thương mẹ nhé. Theo dõi Ăn dặm mẹ Dâu để cập nhật kiến thức chuẩn!,"Giải mã lầm tưởng kinh điển khi nuôi con ăn dặm! Mẹ bỉm thông thái nhất định phải biết! 👉 Follow Ăn dặm mẹ Dâu!
#andammeDau #andam #khoahocandam #lamtuongandam #mevabe","Sự Thật Y Khoa: Những Lầm Tưởng Khi Cho Bé Ăn Dặm 🚫
Hãy từ bỏ những thói quen truyền miệng thiếu khoa học để bảo vệ con yêu.
Follow @andammeDau ngay hôm nay!
#andammeDau #andam #nuoiconkhoahoc #mebimthongthai","Giải mã lầm tưởng tai hại khi cho bé ăn dặm | Ăn dặm mẹ Dâu #Shorts
#Shorts #andammeDau #khoahocandam"
16,5,14:30 - Bữa phụ & Bánh,Bữa phụ dinh dưỡng,Món Bánh Ăn Dặm Ngày 16,"Bữa phụ chiều thơm lừng cho bé mà không cần lò nướng, làm trong 10 phút!","Nguyên liệu: Chuối tiêu chín, yến mạch cán dẹt và lòng đỏ trứng gà. Cách làm: Xay mịn hỗn hợp, áp chảo lửa nhỏ 3 phút mỗi mặt cho bánh vàng ruộm mềm xốp.",Bánh ngọt tự nhiên bé cầm ăn cực thích. Bấm theo dõi Ăn dặm mẹ Dâu để xem thêm nhiều món bánh ngon!,"Công thức bánh ăn dặm thơm ngon cho bữa phụ chiều của bé! Siêu dễ làm tại nhà! 👉 Follow Ăn dặm mẹ Dâu!
#andammeDau #andam #banhandam #buaphuchobe #monngonchobe","Bánh Ăn Dặm Bữa Phụ Cho Bé Siêu Dễ Làm 🥞
Bữa phụ cách bữa chính 2 tiếng giúp bổ sung năng lượng mà không làm đầy bụng.
Lưu lại và follow @andammeDau ngay!
#andammeDau #andam #buaphu #chamsoccon","Cách làm bánh ăn dặm bữa phụ nhanh gọn cho bé | Ăn dặm mẹ Dâu #Shorts
#Shorts #andammeDau #banhandam"
16,6,16:30 - Tiêu hóa & Biếng ăn,Tiêu hóa SOS,Cứu Cánh Tiêu Hóa Cho Bé #16,"Bé bị táo bón, phân sống hoặc đột ngột biếng ăn? Mẹ xử lý ngay theo hướng dẫn này.","Bước 1: Bổ sung chất xơ hòa tan từ mồng tơi, khoai lang, thanh long đỏ. Bước 2: Massage bụng theo chiều kim đồng hồ 5 phút mỗi ngày. Bước 3: Cho uống đủ nước và duy trì cữ sữa chuẩn.",Hệ tiêu hóa khỏe thì con mới tăng cân đều đặn mẹ nhé. Theo dõi Ăn dặm mẹ Dâu ngay!,"Giải cứu bé bị táo bón, khó tiêu cực nhanh! Mẹo dân gian kết hợp khoa học! 👉 Follow Ăn dặm mẹ Dâu!
#andammeDau #andam #taobon #tieuhoakhoe #mevabe","Xử Lý Táo Bón Và Rối Loạn Tiêu Hóa Ở Trẻ Ăn Dặm 🚼
Đừng vội thụt tháo, hãy điều chỉnh từ chế độ ăn giàu chất xơ và massage bụng cho bé nhé.
Follow @andammeDau để xem chi tiết!
#andammeDau #andam #suckhoebe #chamsoccon","Mẹo trị táo bón và ổn định tiêu hóa cho bé ăn dặm | Ăn dặm mẹ Dâu #Shorts
#Shorts #andammeDau #taobon"
16,7,18:30 - Món chính tối,Thực đơn tối,Món Cháo Tối Ấm Bụng Ngày 16,"Bữa tối nhẹ nhàng, ấm bụng giúp bé no lâu và ngủ xuyên đêm không quấy khóc.","Gợi ý: Súp gà hạt sen bí đỏ sánh mịn hoặc cháo cá hồi cải bó xôi. Nấu chín nhừ, dễ tiêu hóa, không gây đầy bụng trước giờ đi ngủ.",Cho bé ăn tối trước giờ ngủ ít nhất 1.5 đến 2 tiếng mẹ nhé. Theo dõi Ăn dặm mẹ Dâu ngay!,"Thực đơn bữa tối ấm bụng giúp bé ngủ ngon sâu giấc cả đêm! 👉 Follow Ăn dặm mẹ Dâu!
#andammeDau #andam #thucdontoi #chaobochobe #mevabe","Món Cháo Tối Nhẹ Bụng Giúp Bé Ngủ Xuyên Đêm 🌙
Bữa tối không nên cho ăn quá no hoặc quá nhiều đạm khó tiêu. Mẹ tham khảo công thức trong video nhé.
Lưu lại và follow @andammeDau ngay!
#andammeDau #andam #monngonchobe #chamsoccon","Thực đơn cháo tối ấm bụng cho bé ngủ sâu giấc | Ăn dặm mẹ Dâu #Shorts
#Shorts #andammeDau #thucdonandam"
16,8,20:00 - Bổ sung Vi chất,Vi chất chuẩn RNI,Bổ Sung Vi Chất Đúng Liều #16,"Uống D3K2, Sắt, Canxi thế nào để hấp thu 100% mà không bị nóng trong hay táo bón?","Quy tắc: D3K2 uống buổi sáng cùng chất béo. Sắt uống lúc bụng đói cách xa cữ sữa. Canxi chỉ uống sáng hoặc trưa, không uống tối. Kẽm uống sau ăn 30 phút.",Đúng thời điểm và đúng liều lượng là chìa khóa phát triển chiều cao. Theo dõi Ăn dặm mẹ Dâu ngay!,"Thời điểm vàng bổ sung vi chất cho bé phát triển chiều cao vượt trội! 👉 Follow Ăn dặm mẹ Dâu!
#andammeDau #andam #d3k2 #bosungcanxi #vichatchobe","Thời Điểm Vàng Bổ Sung Vitamin D3K2, Sắt, Canxi Cho Bé 💊
Uống sai thời điểm không những không hấp thu mà còn gây lắng đọng thận. Mẹ xem kỹ hướng dẫn nhé.
Follow @andammeDau ngay hôm nay!
#andammeDau #andam #nuoiconkhoahoc #suckhoebe","Bảng thời điểm vàng bổ sung vi chất cho trẻ nhỏ | Ăn dặm mẹ Dâu #Shorts
#Shorts #andammeDau #vichatchobe"
16,9,21:00 - Bảo quản & Dụng cụ,Bảo quản & Dụng cụ,Mẹo Trữ Đông Thực Phẩm Ngày 16,Bảo quản đồ ăn dặm sai cách khiến vi khuẩn sinh sôi gấp 10 lần! Mẹ xem ngay quy tắc an toàn.,Lưu ý: Thức ăn nấu xong để nguội chia khay trữ đông ngay. Ngăn mát dùng trong 24 đến 48 giờ. Ngăn đông dùng trong 2 tuần. Tuyệt đối không tái cấp đông đồ đã rã đông.,Vệ sinh an toàn là nền tảng cho sức khỏe của con. Bấm theo dõi Ăn dặm mẹ Dâu ngay!,"Quy tắc cấp đông và rã đông đồ ăn dặm chuẩn vi sinh giữ trọn 95% vitamin! 👉 Follow Ăn dặm mẹ Dâu!
#andammeDau #andam #capdongdoandam #meovatmebim #chamsoccon","Quy Tắc Cấp Đông Đồ Ăn Dặm Chuẩn Y Khoa ❄️
Mẹ đi làm bận rộn hoàn toàn có thể nấu sẵn trữ đông nếu tuân thủ đúng 3 bước trong video này.
Lưu lại và follow @andammeDau ngay!
#andammeDau #andam #mebim #nuoiconkhoahoc","Quy tắc bảo quản và rã đông đồ ăn dặm chuẩn an toàn | Ăn dặm mẹ Dâu #Shorts
#Shorts #andammeDau #capdongdoandam"
16,10,22:00 - Tâm lý bàn ăn,Tâm lý & Chữa lành,Nuôi Con Không Phải Cuộc Chiến #16,Mỗi bữa ăn của con là niềm vui hay đang là một cuộc chiến căng thẳng trong gia đình mẹ?,"Thông điệp: Bố mẹ quyết định con ăn gì và ở đâu; Con quyết định con ăn bao nhiêu. Tôn trọng nhu cầu của con, không ép ăn, không so sánh cân nặng với con nhà người ta.",Một em bé vui vẻ ăn ngoan là đích đến hạnh phúc nhất. Ăn dặm mẹ Dâu luôn đồng hành cùng mẹ!,"Nuôi con là hạnh phúc, đừng biến bữa ăn thành cuộc chiến mẹ ơi! 👉 Follow Ăn dặm mẹ Dâu để tìm lại niềm vui chăm con nhé!
#andammeDau #andam #nuoiconkhongphailacuocchien #tamlymebim #mevabe","Thông Điệp Yêu Thương Gửi Mẹ Bỉm Sữa Cuối Ngày ❤️
Mỗi em bé là một cá thể độc lập với tốc độ lớn riêng. Mẹ đang làm rất tốt rồi, hãy ôm con thật chặt tối nay nhé.
Follow @andammeDau để cùng nhau nuôi con nhàn tênh!
#andammeDau #andam #chamsoccon #nuoiconkhoahoc","Nuôi con không phải là cuộc chiến | Ăn dặm mẹ Dâu #Shorts
#Shorts #andammeDau #nuoiconkhoahoc"
17,1,06:30 - Món chính sáng,Thực đơn chính,Cháo Dinh Dưỡng Ngày 17 Cho Bé,Sáng nay nấu gì cho con nhanh mà đủ 4 nhóm chất? Mẹ nấu ngay món cháo ngày 17 này nhé.,Bước 1: Nấu cháo trắng tỷ lệ phù hợp tháng tuổi. Bước 2: Thêm đạm tươi băm nhuyễn mịn. Bước 3: Cho rau củ thái nhỏ nấu chín mềm. Bước 4: Tắt bếp và thêm 5ml dầu ăn dặm.,Lưu lại thực đơn ngày hôm nay và theo dõi Ăn dặm mẹ Dâu để xem món tiếp theo!,"Gợi ý bữa sáng dinh dưỡng ngày 17 cho bé ăn dặm ngon miệng! 👉 Follow Ăn dặm mẹ Dâu ngay!
#andammeDau #andam #thucdonandam #monngonchobe #mevabe","Thực Đơn Bữa Sáng Ngày 17 Đủ 4 Nhóm Chất 🥣
Bữa sáng cung cấp năng lượng cho cả ngày hoạt động của bé. Mẹ tham khảo ngay công thức trong video nhé.
Follow @andammeDau để nhận thực đơn mỗi ngày!
#andammeDau #andam #nuoiconkhoahoc #chamsoccon","Món cháo dinh dưỡng bữa sáng ngày 17 cho bé | Ăn dặm mẹ Dâu #Shorts
#Shorts #andammeDau #andam"
17,2,08:30 - Check nhanh thực phẩm,Check thực phẩm 15s,Bé Mấy Tháng Ăn Được Món Này?,Bé mấy tháng thì bắt đầu ăn được nguyên liệu này? Xem ngay 15 giây để không cho con ăn sai thời điểm!,"Nguyên tắc: Rau củ ngọt từ 6 tháng, thịt đỏ từ 7 tháng, tôm cá từ 8 tháng, lòng trắng trứng sau 9 tháng, hải sản vỏ cứng sau 10 tháng và sữa tươi sau 1 tuổi.",Mẹ đang phân vân món nào hãy để lại bình luận phía dưới nhé. Follow Ăn dặm mẹ Dâu ngay!,"Check nhanh thời điểm ăn an toàn cho bé! Tránh cho con ăn quá sớm hại dạ dày nhé! 👉 Follow Ăn dặm mẹ Dâu!
#andammeDau #andam #checkthucpham #mebimthongthai #chamsoccon","Bé Mấy Tháng Ăn Được Món Này? Check Nhanh Cùng Mẹ Dâu ⏱️
Cho bé ăn đúng độ tuổi giúp phòng ngừa dị ứng và bảo vệ hệ tiêu hóa non nớt.
Follow @andammeDau để tra cứu thực phẩm mỗi ngày!
#andammeDau #andam #suckhoebe #nuoiconkhoahoc","Check nhanh độ tuổi ăn dặm an toàn cho bé | Ăn dặm mẹ Dâu #Shorts
#Shorts #andammeDau #checkthucpham"
17,3,10:30 - Kỹ năng tăng thô,Kỹ năng & Tăng thô,Mẹo Tăng Thô An Toàn Ngày 17,Bé lười nhai hay nôn trớ khi tăng thô? Mẹ áp dụng ngay kỹ thuật tập cơ hàm này.,Kỹ thuật 1: Giảm tỷ lệ nước trong cháo từ từ. Kỹ thuật 2: Hấp rau củ mềm dạng que cho bé tự cầm cắn bằng nướu. Kỹ thuật 3: Kiên nhẫn giới thiệu món mới ít nhất 5 đến 7 lần.,Tăng thô đúng cách giúp con phát triển ngôn ngữ và cơ hàm tốt hơn. Theo dõi Ăn dặm mẹ Dâu ngay!,"Mẹo tăng độ thô an toàn cho bé không lo nôn trớ! Tập nhai chuẩn khoa học! 👉 Follow Ăn dặm mẹ Dâu!
#andammeDau #andam #tangdotho #tapnhai #blwvietnam","Kỹ Thuật Tăng Thô Không Nôn Trớ Cho Bé Ăn Dặm 👶
Cửa sổ vàng tập nhai là 7-9 tháng, đừng xay nhuyễn quá lâu mẹ nhé.
Lưu lại và follow @andammeDau ngay!
#andammeDau #andam #chamsoccon #nuoiconkhoahoc","Mẹo tăng độ thô và tập nhai an toàn cho bé | Ăn dặm mẹ Dâu #Shorts
#Shorts #andammeDau #tangdotho"
17,4,12:00 - Giải mã lầm tưởng,Khoa học & Lầm tưởng,Giải Mã Lầm Tưởng Ăn Dặm #17,Những quan niệm truyền miệng sai lầm khi nấu ăn dặm đang làm hại sức khỏe của bé!,Sự thật y khoa: Không nêm mắm muối dưới 1 tuổi; Không ninh xương lấy nước thay thịt; Không rơ lưỡi bằng mật ong; Không ép ăn khi con đã quay đầu.,Nuôi con bằng tri thức và tình yêu thương mẹ nhé. Theo dõi Ăn dặm mẹ Dâu để cập nhật kiến thức chuẩn!,"Giải mã lầm tưởng kinh điển khi nuôi con ăn dặm! Mẹ bỉm thông thái nhất định phải biết! 👉 Follow Ăn dặm mẹ Dâu!
#andammeDau #andam #khoahocandam #lamtuongandam #mevabe","Sự Thật Y Khoa: Những Lầm Tưởng Khi Cho Bé Ăn Dặm 🚫
Hãy từ bỏ những thói quen truyền miệng thiếu khoa học để bảo vệ con yêu.
Follow @andammeDau ngay hôm nay!
#andammeDau #andam #nuoiconkhoahoc #mebimthongthai","Giải mã lầm tưởng tai hại khi cho bé ăn dặm | Ăn dặm mẹ Dâu #Shorts
#Shorts #andammeDau #khoahocandam"
17,5,14:30 - Bữa phụ & Bánh,Bữa phụ dinh dưỡng,Món Bánh Ăn Dặm Ngày 17,"Bữa phụ chiều thơm lừng cho bé mà không cần lò nướng, làm trong 10 phút!","Nguyên liệu: Chuối tiêu chín, yến mạch cán dẹt và lòng đỏ trứng gà. Cách làm: Xay mịn hỗn hợp, áp chảo lửa nhỏ 3 phút mỗi mặt cho bánh vàng ruộm mềm xốp.",Bánh ngọt tự nhiên bé cầm ăn cực thích. Bấm theo dõi Ăn dặm mẹ Dâu để xem thêm nhiều món bánh ngon!,"Công thức bánh ăn dặm thơm ngon cho bữa phụ chiều của bé! Siêu dễ làm tại nhà! 👉 Follow Ăn dặm mẹ Dâu!
#andammeDau #andam #banhandam #buaphuchobe #monngonchobe","Bánh Ăn Dặm Bữa Phụ Cho Bé Siêu Dễ Làm 🥞
Bữa phụ cách bữa chính 2 tiếng giúp bổ sung năng lượng mà không làm đầy bụng.
Lưu lại và follow @andammeDau ngay!
#andammeDau #andam #buaphu #chamsoccon","Cách làm bánh ăn dặm bữa phụ nhanh gọn cho bé | Ăn dặm mẹ Dâu #Shorts
#Shorts #andammeDau #banhandam"
17,6,16:30 - Tiêu hóa & Biếng ăn,Tiêu hóa SOS,Cứu Cánh Tiêu Hóa Cho Bé #17,"Bé bị táo bón, phân sống hoặc đột ngột biếng ăn? Mẹ xử lý ngay theo hướng dẫn này.","Bước 1: Bổ sung chất xơ hòa tan từ mồng tơi, khoai lang, thanh long đỏ. Bước 2: Massage bụng theo chiều kim đồng hồ 5 phút mỗi ngày. Bước 3: Cho uống đủ nước và duy trì cữ sữa chuẩn.",Hệ tiêu hóa khỏe thì con mới tăng cân đều đặn mẹ nhé. Theo dõi Ăn dặm mẹ Dâu ngay!,"Giải cứu bé bị táo bón, khó tiêu cực nhanh! Mẹo dân gian kết hợp khoa học! 👉 Follow Ăn dặm mẹ Dâu!
#andammeDau #andam #taobon #tieuhoakhoe #mevabe","Xử Lý Táo Bón Và Rối Loạn Tiêu Hóa Ở Trẻ Ăn Dặm 🚼
Đừng vội thụt tháo, hãy điều chỉnh từ chế độ ăn giàu chất xơ và massage bụng cho bé nhé.
Follow @andammeDau để xem chi tiết!
#andammeDau #andam #suckhoebe #chamsoccon","Mẹo trị táo bón và ổn định tiêu hóa cho bé ăn dặm | Ăn dặm mẹ Dâu #Shorts
#Shorts #andammeDau #taobon"
17,7,18:30 - Món chính tối,Thực đơn tối,Món Cháo Tối Ấm Bụng Ngày 17,"Bữa tối nhẹ nhàng, ấm bụng giúp bé no lâu và ngủ xuyên đêm không quấy khóc.","Gợi ý: Súp gà hạt sen bí đỏ sánh mịn hoặc cháo cá hồi cải bó xôi. Nấu chín nhừ, dễ tiêu hóa, không gây đầy bụng trước giờ đi ngủ.",Cho bé ăn tối trước giờ ngủ ít nhất 1.5 đến 2 tiếng mẹ nhé. Theo dõi Ăn dặm mẹ Dâu ngay!,"Thực đơn bữa tối ấm bụng giúp bé ngủ ngon sâu giấc cả đêm! 👉 Follow Ăn dặm mẹ Dâu!
#andammeDau #andam #thucdontoi #chaobochobe #mevabe","Món Cháo Tối Nhẹ Bụng Giúp Bé Ngủ Xuyên Đêm 🌙
Bữa tối không nên cho ăn quá no hoặc quá nhiều đạm khó tiêu. Mẹ tham khảo công thức trong video nhé.
Lưu lại và follow @andammeDau ngay!
#andammeDau #andam #monngonchobe #chamsoccon","Thực đơn cháo tối ấm bụng cho bé ngủ sâu giấc | Ăn dặm mẹ Dâu #Shorts
#Shorts #andammeDau #thucdonandam"
17,8,20:00 - Bổ sung Vi chất,Vi chất chuẩn RNI,Bổ Sung Vi Chất Đúng Liều #17,"Uống D3K2, Sắt, Canxi thế nào để hấp thu 100% mà không bị nóng trong hay táo bón?","Quy tắc: D3K2 uống buổi sáng cùng chất béo. Sắt uống lúc bụng đói cách xa cữ sữa. Canxi chỉ uống sáng hoặc trưa, không uống tối. Kẽm uống sau ăn 30 phút.",Đúng thời điểm và đúng liều lượng là chìa khóa phát triển chiều cao. Theo dõi Ăn dặm mẹ Dâu ngay!,"Thời điểm vàng bổ sung vi chất cho bé phát triển chiều cao vượt trội! 👉 Follow Ăn dặm mẹ Dâu!
#andammeDau #andam #d3k2 #bosungcanxi #vichatchobe","Thời Điểm Vàng Bổ Sung Vitamin D3K2, Sắt, Canxi Cho Bé 💊
Uống sai thời điểm không những không hấp thu mà còn gây lắng đọng thận. Mẹ xem kỹ hướng dẫn nhé.
Follow @andammeDau ngay hôm nay!
#andammeDau #andam #nuoiconkhoahoc #suckhoebe","Bảng thời điểm vàng bổ sung vi chất cho trẻ nhỏ | Ăn dặm mẹ Dâu #Shorts
#Shorts #andammeDau #vichatchobe"
17,9,21:00 - Bảo quản & Dụng cụ,Bảo quản & Dụng cụ,Mẹo Trữ Đông Thực Phẩm Ngày 17,Bảo quản đồ ăn dặm sai cách khiến vi khuẩn sinh sôi gấp 10 lần! Mẹ xem ngay quy tắc an toàn.,Lưu ý: Thức ăn nấu xong để nguội chia khay trữ đông ngay. Ngăn mát dùng trong 24 đến 48 giờ. Ngăn đông dùng trong 2 tuần. Tuyệt đối không tái cấp đông đồ đã rã đông.,Vệ sinh an toàn là nền tảng cho sức khỏe của con. Bấm theo dõi Ăn dặm mẹ Dâu ngay!,"Quy tắc cấp đông và rã đông đồ ăn dặm chuẩn vi sinh giữ trọn 95% vitamin! 👉 Follow Ăn dặm mẹ Dâu!
#andammeDau #andam #capdongdoandam #meovatmebim #chamsoccon","Quy Tắc Cấp Đông Đồ Ăn Dặm Chuẩn Y Khoa ❄️
Mẹ đi làm bận rộn hoàn toàn có thể nấu sẵn trữ đông nếu tuân thủ đúng 3 bước trong video này.
Lưu lại và follow @andammeDau ngay!
#andammeDau #andam #mebim #nuoiconkhoahoc","Quy tắc bảo quản và rã đông đồ ăn dặm chuẩn an toàn | Ăn dặm mẹ Dâu #Shorts
#Shorts #andammeDau #capdongdoandam"
17,10,22:00 - Tâm lý bàn ăn,Tâm lý & Chữa lành,Nuôi Con Không Phải Cuộc Chiến #17,Mỗi bữa ăn của con là niềm vui hay đang là một cuộc chiến căng thẳng trong gia đình mẹ?,"Thông điệp: Bố mẹ quyết định con ăn gì và ở đâu; Con quyết định con ăn bao nhiêu. Tôn trọng nhu cầu của con, không ép ăn, không so sánh cân nặng với con nhà người ta.",Một em bé vui vẻ ăn ngoan là đích đến hạnh phúc nhất. Ăn dặm mẹ Dâu luôn đồng hành cùng mẹ!,"Nuôi con là hạnh phúc, đừng biến bữa ăn thành cuộc chiến mẹ ơi! 👉 Follow Ăn dặm mẹ Dâu để tìm lại niềm vui chăm con nhé!
#andammeDau #andam #nuoiconkhongphailacuocchien #tamlymebim #mevabe","Thông Điệp Yêu Thương Gửi Mẹ Bỉm Sữa Cuối Ngày ❤️
Mỗi em bé là một cá thể độc lập với tốc độ lớn riêng. Mẹ đang làm rất tốt rồi, hãy ôm con thật chặt tối nay nhé.
Follow @andammeDau để cùng nhau nuôi con nhàn tênh!
#andammeDau #andam #chamsoccon #nuoiconkhoahoc","Nuôi con không phải là cuộc chiến | Ăn dặm mẹ Dâu #Shorts
#Shorts #andammeDau #nuoiconkhoahoc"
18,1,06:30 - Món chính sáng,Thực đơn chính,Cháo Dinh Dưỡng Ngày 18 Cho Bé,Sáng nay nấu gì cho con nhanh mà đủ 4 nhóm chất? Mẹ nấu ngay món cháo ngày 18 này nhé.,Bước 1: Nấu cháo trắng tỷ lệ phù hợp tháng tuổi. Bước 2: Thêm đạm tươi băm nhuyễn mịn. Bước 3: Cho rau củ thái nhỏ nấu chín mềm. Bước 4: Tắt bếp và thêm 5ml dầu ăn dặm.,Lưu lại thực đơn ngày hôm nay và theo dõi Ăn dặm mẹ Dâu để xem món tiếp theo!,"Gợi ý bữa sáng dinh dưỡng ngày 18 cho bé ăn dặm ngon miệng! 👉 Follow Ăn dặm mẹ Dâu ngay!
#andammeDau #andam #thucdonandam #monngonchobe #mevabe","Thực Đơn Bữa Sáng Ngày 18 Đủ 4 Nhóm Chất 🥣
Bữa sáng cung cấp năng lượng cho cả ngày hoạt động của bé. Mẹ tham khảo ngay công thức trong video nhé.
Follow @andammeDau để nhận thực đơn mỗi ngày!
#andammeDau #andam #nuoiconkhoahoc #chamsoccon","Món cháo dinh dưỡng bữa sáng ngày 18 cho bé | Ăn dặm mẹ Dâu #Shorts
#Shorts #andammeDau #andam"
18,2,08:30 - Check nhanh thực phẩm,Check thực phẩm 15s,Bé Mấy Tháng Ăn Được Món Này?,Bé mấy tháng thì bắt đầu ăn được nguyên liệu này? Xem ngay 15 giây để không cho con ăn sai thời điểm!,"Nguyên tắc: Rau củ ngọt từ 6 tháng, thịt đỏ từ 7 tháng, tôm cá từ 8 tháng, lòng trắng trứng sau 9 tháng, hải sản vỏ cứng sau 10 tháng và sữa tươi sau 1 tuổi.",Mẹ đang phân vân món nào hãy để lại bình luận phía dưới nhé. Follow Ăn dặm mẹ Dâu ngay!,"Check nhanh thời điểm ăn an toàn cho bé! Tránh cho con ăn quá sớm hại dạ dày nhé! 👉 Follow Ăn dặm mẹ Dâu!
#andammeDau #andam #checkthucpham #mebimthongthai #chamsoccon","Bé Mấy Tháng Ăn Được Món Này? Check Nhanh Cùng Mẹ Dâu ⏱️
Cho bé ăn đúng độ tuổi giúp phòng ngừa dị ứng và bảo vệ hệ tiêu hóa non nớt.
Follow @andammeDau để tra cứu thực phẩm mỗi ngày!
#andammeDau #andam #suckhoebe #nuoiconkhoahoc","Check nhanh độ tuổi ăn dặm an toàn cho bé | Ăn dặm mẹ Dâu #Shorts
#Shorts #andammeDau #checkthucpham"
18,3,10:30 - Kỹ năng tăng thô,Kỹ năng & Tăng thô,Mẹo Tăng Thô An Toàn Ngày 18,Bé lười nhai hay nôn trớ khi tăng thô? Mẹ áp dụng ngay kỹ thuật tập cơ hàm này.,Kỹ thuật 1: Giảm tỷ lệ nước trong cháo từ từ. Kỹ thuật 2: Hấp rau củ mềm dạng que cho bé tự cầm cắn bằng nướu. Kỹ thuật 3: Kiên nhẫn giới thiệu món mới ít nhất 5 đến 7 lần.,Tăng thô đúng cách giúp con phát triển ngôn ngữ và cơ hàm tốt hơn. Theo dõi Ăn dặm mẹ Dâu ngay!,"Mẹo tăng độ thô an toàn cho bé không lo nôn trớ! Tập nhai chuẩn khoa học! 👉 Follow Ăn dặm mẹ Dâu!
#andammeDau #andam #tangdotho #tapnhai #blwvietnam","Kỹ Thuật Tăng Thô Không Nôn Trớ Cho Bé Ăn Dặm 👶
Cửa sổ vàng tập nhai là 7-9 tháng, đừng xay nhuyễn quá lâu mẹ nhé.
Lưu lại và follow @andammeDau ngay!
#andammeDau #andam #chamsoccon #nuoiconkhoahoc","Mẹo tăng độ thô và tập nhai an toàn cho bé | Ăn dặm mẹ Dâu #Shorts
#Shorts #andammeDau #tangdotho"
18,4,12:00 - Giải mã lầm tưởng,Khoa học & Lầm tưởng,Giải Mã Lầm Tưởng Ăn Dặm #18,Những quan niệm truyền miệng sai lầm khi nấu ăn dặm đang làm hại sức khỏe của bé!,Sự thật y khoa: Không nêm mắm muối dưới 1 tuổi; Không ninh xương lấy nước thay thịt; Không rơ lưỡi bằng mật ong; Không ép ăn khi con đã quay đầu.,Nuôi con bằng tri thức và tình yêu thương mẹ nhé. Theo dõi Ăn dặm mẹ Dâu để cập nhật kiến thức chuẩn!,"Giải mã lầm tưởng kinh điển khi nuôi con ăn dặm! Mẹ bỉm thông thái nhất định phải biết! 👉 Follow Ăn dặm mẹ Dâu!
#andammeDau #andam #khoahocandam #lamtuongandam #mevabe","Sự Thật Y Khoa: Những Lầm Tưởng Khi Cho Bé Ăn Dặm 🚫
Hãy từ bỏ những thói quen truyền miệng thiếu khoa học để bảo vệ con yêu.
Follow @andammeDau ngay hôm nay!
#andammeDau #andam #nuoiconkhoahoc #mebimthongthai","Giải mã lầm tưởng tai hại khi cho bé ăn dặm | Ăn dặm mẹ Dâu #Shorts
#Shorts #andammeDau #khoahocandam"
18,5,14:30 - Bữa phụ & Bánh,Bữa phụ dinh dưỡng,Món Bánh Ăn Dặm Ngày 18,"Bữa phụ chiều thơm lừng cho bé mà không cần lò nướng, làm trong 10 phút!","Nguyên liệu: Chuối tiêu chín, yến mạch cán dẹt và lòng đỏ trứng gà. Cách làm: Xay mịn hỗn hợp, áp chảo lửa nhỏ 3 phút mỗi mặt cho bánh vàng ruộm mềm xốp.",Bánh ngọt tự nhiên bé cầm ăn cực thích. Bấm theo dõi Ăn dặm mẹ Dâu để xem thêm nhiều món bánh ngon!,"Công thức bánh ăn dặm thơm ngon cho bữa phụ chiều của bé! Siêu dễ làm tại nhà! 👉 Follow Ăn dặm mẹ Dâu!
#andammeDau #andam #banhandam #buaphuchobe #monngonchobe","Bánh Ăn Dặm Bữa Phụ Cho Bé Siêu Dễ Làm 🥞
Bữa phụ cách bữa chính 2 tiếng giúp bổ sung năng lượng mà không làm đầy bụng.
Lưu lại và follow @andammeDau ngay!
#andammeDau #andam #buaphu #chamsoccon","Cách làm bánh ăn dặm bữa phụ nhanh gọn cho bé | Ăn dặm mẹ Dâu #Shorts
#Shorts #andammeDau #banhandam"
18,6,16:30 - Tiêu hóa & Biếng ăn,Tiêu hóa SOS,Cứu Cánh Tiêu Hóa Cho Bé #18,"Bé bị táo bón, phân sống hoặc đột ngột biếng ăn? Mẹ xử lý ngay theo hướng dẫn này.","Bước 1: Bổ sung chất xơ hòa tan từ mồng tơi, khoai lang, thanh long đỏ. Bước 2: Massage bụng theo chiều kim đồng hồ 5 phút mỗi ngày. Bước 3: Cho uống đủ nước và duy trì cữ sữa chuẩn.",Hệ tiêu hóa khỏe thì con mới tăng cân đều đặn mẹ nhé. Theo dõi Ăn dặm mẹ Dâu ngay!,"Giải cứu bé bị táo bón, khó tiêu cực nhanh! Mẹo dân gian kết hợp khoa học! 👉 Follow Ăn dặm mẹ Dâu!
#andammeDau #andam #taobon #tieuhoakhoe #mevabe","Xử Lý Táo Bón Và Rối Loạn Tiêu Hóa Ở Trẻ Ăn Dặm 🚼
Đừng vội thụt tháo, hãy điều chỉnh từ chế độ ăn giàu chất xơ và massage bụng cho bé nhé.
Follow @andammeDau để xem chi tiết!
#andammeDau #andam #suckhoebe #chamsoccon","Mẹo trị táo bón và ổn định tiêu hóa cho bé ăn dặm | Ăn dặm mẹ Dâu #Shorts
#Shorts #andammeDau #taobon"
18,7,18:30 - Món chính tối,Thực đơn tối,Món Cháo Tối Ấm Bụng Ngày 18,"Bữa tối nhẹ nhàng, ấm bụng giúp bé no lâu và ngủ xuyên đêm không quấy khóc.","Gợi ý: Súp gà hạt sen bí đỏ sánh mịn hoặc cháo cá hồi cải bó xôi. Nấu chín nhừ, dễ tiêu hóa, không gây đầy bụng trước giờ đi ngủ.",Cho bé ăn tối trước giờ ngủ ít nhất 1.5 đến 2 tiếng mẹ nhé. Theo dõi Ăn dặm mẹ Dâu ngay!,"Thực đơn bữa tối ấm bụng giúp bé ngủ ngon sâu giấc cả đêm! 👉 Follow Ăn dặm mẹ Dâu!
#andammeDau #andam #thucdontoi #chaobochobe #mevabe","Món Cháo Tối Nhẹ Bụng Giúp Bé Ngủ Xuyên Đêm 🌙
Bữa tối không nên cho ăn quá no hoặc quá nhiều đạm khó tiêu. Mẹ tham khảo công thức trong video nhé.
Lưu lại và follow @andammeDau ngay!
#andammeDau #andam #monngonchobe #chamsoccon","Thực đơn cháo tối ấm bụng cho bé ngủ sâu giấc | Ăn dặm mẹ Dâu #Shorts
#Shorts #andammeDau #thucdonandam"
18,8,20:00 - Bổ sung Vi chất,Vi chất chuẩn RNI,Bổ Sung Vi Chất Đúng Liều #18,"Uống D3K2, Sắt, Canxi thế nào để hấp thu 100% mà không bị nóng trong hay táo bón?","Quy tắc: D3K2 uống buổi sáng cùng chất béo. Sắt uống lúc bụng đói cách xa cữ sữa. Canxi chỉ uống sáng hoặc trưa, không uống tối. Kẽm uống sau ăn 30 phút.",Đúng thời điểm và đúng liều lượng là chìa khóa phát triển chiều cao. Theo dõi Ăn dặm mẹ Dâu ngay!,"Thời điểm vàng bổ sung vi chất cho bé phát triển chiều cao vượt trội! 👉 Follow Ăn dặm mẹ Dâu!
#andammeDau #andam #d3k2 #bosungcanxi #vichatchobe","Thời Điểm Vàng Bổ Sung Vitamin D3K2, Sắt, Canxi Cho Bé 💊
Uống sai thời điểm không những không hấp thu mà còn gây lắng đọng thận. Mẹ xem kỹ hướng dẫn nhé.
Follow @andammeDau ngay hôm nay!
#andammeDau #andam #nuoiconkhoahoc #suckhoebe","Bảng thời điểm vàng bổ sung vi chất cho trẻ nhỏ | Ăn dặm mẹ Dâu #Shorts
#Shorts #andammeDau #vichatchobe"
18,9,21:00 - Bảo quản & Dụng cụ,Bảo quản & Dụng cụ,Mẹo Trữ Đông Thực Phẩm Ngày 18,Bảo quản đồ ăn dặm sai cách khiến vi khuẩn sinh sôi gấp 10 lần! Mẹ xem ngay quy tắc an toàn.,Lưu ý: Thức ăn nấu xong để nguội chia khay trữ đông ngay. Ngăn mát dùng trong 24 đến 48 giờ. Ngăn đông dùng trong 2 tuần. Tuyệt đối không tái cấp đông đồ đã rã đông.,Vệ sinh an toàn là nền tảng cho sức khỏe của con. Bấm theo dõi Ăn dặm mẹ Dâu ngay!,"Quy tắc cấp đông và rã đông đồ ăn dặm chuẩn vi sinh giữ trọn 95% vitamin! 👉 Follow Ăn dặm mẹ Dâu!
#andammeDau #andam #capdongdoandam #meovatmebim #chamsoccon","Quy Tắc Cấp Đông Đồ Ăn Dặm Chuẩn Y Khoa ❄️
Mẹ đi làm bận rộn hoàn toàn có thể nấu sẵn trữ đông nếu tuân thủ đúng 3 bước trong video này.
Lưu lại và follow @andammeDau ngay!
#andammeDau #andam #mebim #nuoiconkhoahoc","Quy tắc bảo quản và rã đông đồ ăn dặm chuẩn an toàn | Ăn dặm mẹ Dâu #Shorts
#Shorts #andammeDau #capdongdoandam"
18,10,22:00 - Tâm lý bàn ăn,Tâm lý & Chữa lành,Nuôi Con Không Phải Cuộc Chiến #18,Mỗi bữa ăn của con là niềm vui hay đang là một cuộc chiến căng thẳng trong gia đình mẹ?,"Thông điệp: Bố mẹ quyết định con ăn gì và ở đâu; Con quyết định con ăn bao nhiêu. Tôn trọng nhu cầu của con, không ép ăn, không so sánh cân nặng với con nhà người ta.",Một em bé vui vẻ ăn ngoan là đích đến hạnh phúc nhất. Ăn dặm mẹ Dâu luôn đồng hành cùng mẹ!,"Nuôi con là hạnh phúc, đừng biến bữa ăn thành cuộc chiến mẹ ơi! 👉 Follow Ăn dặm mẹ Dâu để tìm lại niềm vui chăm con nhé!
#andammeDau #andam #nuoiconkhongphailacuocchien #tamlymebim #mevabe","Thông Điệp Yêu Thương Gửi Mẹ Bỉm Sữa Cuối Ngày ❤️
Mỗi em bé là một cá thể độc lập với tốc độ lớn riêng. Mẹ đang làm rất tốt rồi, hãy ôm con thật chặt tối nay nhé.
Follow @andammeDau để cùng nhau nuôi con nhàn tênh!
#andammeDau #andam #chamsoccon #nuoiconkhoahoc","Nuôi con không phải là cuộc chiến | Ăn dặm mẹ Dâu #Shorts
#Shorts #andammeDau #nuoiconkhoahoc"
19,1,06:30 - Món chính sáng,Thực đơn chính,Cháo Dinh Dưỡng Ngày 19 Cho Bé,Sáng nay nấu gì cho con nhanh mà đủ 4 nhóm chất? Mẹ nấu ngay món cháo ngày 19 này nhé.,Bước 1: Nấu cháo trắng tỷ lệ phù hợp tháng tuổi. Bước 2: Thêm đạm tươi băm nhuyễn mịn. Bước 3: Cho rau củ thái nhỏ nấu chín mềm. Bước 4: Tắt bếp và thêm 5ml dầu ăn dặm.,Lưu lại thực đơn ngày hôm nay và theo dõi Ăn dặm mẹ Dâu để xem món tiếp theo!,"Gợi ý bữa sáng dinh dưỡng ngày 19 cho bé ăn dặm ngon miệng! 👉 Follow Ăn dặm mẹ Dâu ngay!
#andammeDau #andam #thucdonandam #monngonchobe #mevabe","Thực Đơn Bữa Sáng Ngày 19 Đủ 4 Nhóm Chất 🥣
Bữa sáng cung cấp năng lượng cho cả ngày hoạt động của bé. Mẹ tham khảo ngay công thức trong video nhé.
Follow @andammeDau để nhận thực đơn mỗi ngày!
#andammeDau #andam #nuoiconkhoahoc #chamsoccon","Món cháo dinh dưỡng bữa sáng ngày 19 cho bé | Ăn dặm mẹ Dâu #Shorts
#Shorts #andammeDau #andam"
19,2,08:30 - Check nhanh thực phẩm,Check thực phẩm 15s,Bé Mấy Tháng Ăn Được Món Này?,Bé mấy tháng thì bắt đầu ăn được nguyên liệu này? Xem ngay 15 giây để không cho con ăn sai thời điểm!,"Nguyên tắc: Rau củ ngọt từ 6 tháng, thịt đỏ từ 7 tháng, tôm cá từ 8 tháng, lòng trắng trứng sau 9 tháng, hải sản vỏ cứng sau 10 tháng và sữa tươi sau 1 tuổi.",Mẹ đang phân vân món nào hãy để lại bình luận phía dưới nhé. Follow Ăn dặm mẹ Dâu ngay!,"Check nhanh thời điểm ăn an toàn cho bé! Tránh cho con ăn quá sớm hại dạ dày nhé! 👉 Follow Ăn dặm mẹ Dâu!
#andammeDau #andam #checkthucpham #mebimthongthai #chamsoccon","Bé Mấy Tháng Ăn Được Món Này? Check Nhanh Cùng Mẹ Dâu ⏱️
Cho bé ăn đúng độ tuổi giúp phòng ngừa dị ứng và bảo vệ hệ tiêu hóa non nớt.
Follow @andammeDau để tra cứu thực phẩm mỗi ngày!
#andammeDau #andam #suckhoebe #nuoiconkhoahoc","Check nhanh độ tuổi ăn dặm an toàn cho bé | Ăn dặm mẹ Dâu #Shorts
#Shorts #andammeDau #checkthucpham"
19,3,10:30 - Kỹ năng tăng thô,Kỹ năng & Tăng thô,Mẹo Tăng Thô An Toàn Ngày 19,Bé lười nhai hay nôn trớ khi tăng thô? Mẹ áp dụng ngay kỹ thuật tập cơ hàm này.,Kỹ thuật 1: Giảm tỷ lệ nước trong cháo từ từ. Kỹ thuật 2: Hấp rau củ mềm dạng que cho bé tự cầm cắn bằng nướu. Kỹ thuật 3: Kiên nhẫn giới thiệu món mới ít nhất 5 đến 7 lần.,Tăng thô đúng cách giúp con phát triển ngôn ngữ và cơ hàm tốt hơn. Theo dõi Ăn dặm mẹ Dâu ngay!,"Mẹo tăng độ thô an toàn cho bé không lo nôn trớ! Tập nhai chuẩn khoa học! 👉 Follow Ăn dặm mẹ Dâu!
#andammeDau #andam #tangdotho #tapnhai #blwvietnam","Kỹ Thuật Tăng Thô Không Nôn Trớ Cho Bé Ăn Dặm 👶
Cửa sổ vàng tập nhai là 7-9 tháng, đừng xay nhuyễn quá lâu mẹ nhé.
Lưu lại và follow @andammeDau ngay!
#andammeDau #andam #chamsoccon #nuoiconkhoahoc","Mẹo tăng độ thô và tập nhai an toàn cho bé | Ăn dặm mẹ Dâu #Shorts
#Shorts #andammeDau #tangdotho"
19,4,12:00 - Giải mã lầm tưởng,Khoa học & Lầm tưởng,Giải Mã Lầm Tưởng Ăn Dặm #19,Những quan niệm truyền miệng sai lầm khi nấu ăn dặm đang làm hại sức khỏe của bé!,Sự thật y khoa: Không nêm mắm muối dưới 1 tuổi; Không ninh xương lấy nước thay thịt; Không rơ lưỡi bằng mật ong; Không ép ăn khi con đã quay đầu.,Nuôi con bằng tri thức và tình yêu thương mẹ nhé. Theo dõi Ăn dặm mẹ Dâu để cập nhật kiến thức chuẩn!,"Giải mã lầm tưởng kinh điển khi nuôi con ăn dặm! Mẹ bỉm thông thái nhất định phải biết! 👉 Follow Ăn dặm mẹ Dâu!
#andammeDau #andam #khoahocandam #lamtuongandam #mevabe","Sự Thật Y Khoa: Những Lầm Tưởng Khi Cho Bé Ăn Dặm 🚫
Hãy từ bỏ những thói quen truyền miệng thiếu khoa học để bảo vệ con yêu.
Follow @andammeDau ngay hôm nay!
#andammeDau #andam #nuoiconkhoahoc #mebimthongthai","Giải mã lầm tưởng tai hại khi cho bé ăn dặm | Ăn dặm mẹ Dâu #Shorts
#Shorts #andammeDau #khoahocandam"
19,5,14:30 - Bữa phụ & Bánh,Bữa phụ dinh dưỡng,Món Bánh Ăn Dặm Ngày 19,"Bữa phụ chiều thơm lừng cho bé mà không cần lò nướng, làm trong 10 phút!","Nguyên liệu: Chuối tiêu chín, yến mạch cán dẹt và lòng đỏ trứng gà. Cách làm: Xay mịn hỗn hợp, áp chảo lửa nhỏ 3 phút mỗi mặt cho bánh vàng ruộm mềm xốp.",Bánh ngọt tự nhiên bé cầm ăn cực thích. Bấm theo dõi Ăn dặm mẹ Dâu để xem thêm nhiều món bánh ngon!,"Công thức bánh ăn dặm thơm ngon cho bữa phụ chiều của bé! Siêu dễ làm tại nhà! 👉 Follow Ăn dặm mẹ Dâu!
#andammeDau #andam #banhandam #buaphuchobe #monngonchobe","Bánh Ăn Dặm Bữa Phụ Cho Bé Siêu Dễ Làm 🥞
Bữa phụ cách bữa chính 2 tiếng giúp bổ sung năng lượng mà không làm đầy bụng.
Lưu lại và follow @andammeDau ngay!
#andammeDau #andam #buaphu #chamsoccon","Cách làm bánh ăn dặm bữa phụ nhanh gọn cho bé | Ăn dặm mẹ Dâu #Shorts
#Shorts #andammeDau #banhandam"
19,6,16:30 - Tiêu hóa & Biếng ăn,Tiêu hóa SOS,Cứu Cánh Tiêu Hóa Cho Bé #19,"Bé bị táo bón, phân sống hoặc đột ngột biếng ăn? Mẹ xử lý ngay theo hướng dẫn này.","Bước 1: Bổ sung chất xơ hòa tan từ mồng tơi, khoai lang, thanh long đỏ. Bước 2: Massage bụng theo chiều kim đồng hồ 5 phút mỗi ngày. Bước 3: Cho uống đủ nước và duy trì cữ sữa chuẩn.",Hệ tiêu hóa khỏe thì con mới tăng cân đều đặn mẹ nhé. Theo dõi Ăn dặm mẹ Dâu ngay!,"Giải cứu bé bị táo bón, khó tiêu cực nhanh! Mẹo dân gian kết hợp khoa học! 👉 Follow Ăn dặm mẹ Dâu!
#andammeDau #andam #taobon #tieuhoakhoe #mevabe","Xử Lý Táo Bón Và Rối Loạn Tiêu Hóa Ở Trẻ Ăn Dặm 🚼
Đừng vội thụt tháo, hãy điều chỉnh từ chế độ ăn giàu chất xơ và massage bụng cho bé nhé.
Follow @andammeDau để xem chi tiết!
#andammeDau #andam #suckhoebe #chamsoccon","Mẹo trị táo bón và ổn định tiêu hóa cho bé ăn dặm | Ăn dặm mẹ Dâu #Shorts
#Shorts #andammeDau #taobon"
19,7,18:30 - Món chính tối,Thực đơn tối,Món Cháo Tối Ấm Bụng Ngày 19,"Bữa tối nhẹ nhàng, ấm bụng giúp bé no lâu và ngủ xuyên đêm không quấy khóc.","Gợi ý: Súp gà hạt sen bí đỏ sánh mịn hoặc cháo cá hồi cải bó xôi. Nấu chín nhừ, dễ tiêu hóa, không gây đầy bụng trước giờ đi ngủ.",Cho bé ăn tối trước giờ ngủ ít nhất 1.5 đến 2 tiếng mẹ nhé. Theo dõi Ăn dặm mẹ Dâu ngay!,"Thực đơn bữa tối ấm bụng giúp bé ngủ ngon sâu giấc cả đêm! 👉 Follow Ăn dặm mẹ Dâu!
#andammeDau #andam #thucdontoi #chaobochobe #mevabe","Món Cháo Tối Nhẹ Bụng Giúp Bé Ngủ Xuyên Đêm 🌙
Bữa tối không nên cho ăn quá no hoặc quá nhiều đạm khó tiêu. Mẹ tham khảo công thức trong video nhé.
Lưu lại và follow @andammeDau ngay!
#andammeDau #andam #monngonchobe #chamsoccon","Thực đơn cháo tối ấm bụng cho bé ngủ sâu giấc | Ăn dặm mẹ Dâu #Shorts
#Shorts #andammeDau #thucdonandam"
19,8,20:00 - Bổ sung Vi chất,Vi chất chuẩn RNI,Bổ Sung Vi Chất Đúng Liều #19,"Uống D3K2, Sắt, Canxi thế nào để hấp thu 100% mà không bị nóng trong hay táo bón?","Quy tắc: D3K2 uống buổi sáng cùng chất béo. Sắt uống lúc bụng đói cách xa cữ sữa. Canxi chỉ uống sáng hoặc trưa, không uống tối. Kẽm uống sau ăn 30 phút.",Đúng thời điểm và đúng liều lượng là chìa khóa phát triển chiều cao. Theo dõi Ăn dặm mẹ Dâu ngay!,"Thời điểm vàng bổ sung vi chất cho bé phát triển chiều cao vượt trội! 👉 Follow Ăn dặm mẹ Dâu!
#andammeDau #andam #d3k2 #bosungcanxi #vichatchobe","Thời Điểm Vàng Bổ Sung Vitamin D3K2, Sắt, Canxi Cho Bé 💊
Uống sai thời điểm không những không hấp thu mà còn gây lắng đọng thận. Mẹ xem kỹ hướng dẫn nhé.
Follow @andammeDau ngay hôm nay!
#andammeDau #andam #nuoiconkhoahoc #suckhoebe","Bảng thời điểm vàng bổ sung vi chất cho trẻ nhỏ | Ăn dặm mẹ Dâu #Shorts
#Shorts #andammeDau #vichatchobe"
19,9,21:00 - Bảo quản & Dụng cụ,Bảo quản & Dụng cụ,Mẹo Trữ Đông Thực Phẩm Ngày 19,Bảo quản đồ ăn dặm sai cách khiến vi khuẩn sinh sôi gấp 10 lần! Mẹ xem ngay quy tắc an toàn.,Lưu ý: Thức ăn nấu xong để nguội chia khay trữ đông ngay. Ngăn mát dùng trong 24 đến 48 giờ. Ngăn đông dùng trong 2 tuần. Tuyệt đối không tái cấp đông đồ đã rã đông.,Vệ sinh an toàn là nền tảng cho sức khỏe của con. Bấm theo dõi Ăn dặm mẹ Dâu ngay!,"Quy tắc cấp đông và rã đông đồ ăn dặm chuẩn vi sinh giữ trọn 95% vitamin! 👉 Follow Ăn dặm mẹ Dâu!
#andammeDau #andam #capdongdoandam #meovatmebim #chamsoccon","Quy Tắc Cấp Đông Đồ Ăn Dặm Chuẩn Y Khoa ❄️
Mẹ đi làm bận rộn hoàn toàn có thể nấu sẵn trữ đông nếu tuân thủ đúng 3 bước trong video này.
Lưu lại và follow @andammeDau ngay!
#andammeDau #andam #mebim #nuoiconkhoahoc","Quy tắc bảo quản và rã đông đồ ăn dặm chuẩn an toàn | Ăn dặm mẹ Dâu #Shorts
#Shorts #andammeDau #capdongdoandam"
19,10,22:00 - Tâm lý bàn ăn,Tâm lý & Chữa lành,Nuôi Con Không Phải Cuộc Chiến #19,Mỗi bữa ăn của con là niềm vui hay đang là một cuộc chiến căng thẳng trong gia đình mẹ?,"Thông điệp: Bố mẹ quyết định con ăn gì và ở đâu; Con quyết định con ăn bao nhiêu. Tôn trọng nhu cầu của con, không ép ăn, không so sánh cân nặng với con nhà người ta.",Một em bé vui vẻ ăn ngoan là đích đến hạnh phúc nhất. Ăn dặm mẹ Dâu luôn đồng hành cùng mẹ!,"Nuôi con là hạnh phúc, đừng biến bữa ăn thành cuộc chiến mẹ ơi! 👉 Follow Ăn dặm mẹ Dâu để tìm lại niềm vui chăm con nhé!
#andammeDau #andam #nuoiconkhongphailacuocchien #tamlymebim #mevabe","Thông Điệp Yêu Thương Gửi Mẹ Bỉm Sữa Cuối Ngày ❤️
Mỗi em bé là một cá thể độc lập với tốc độ lớn riêng. Mẹ đang làm rất tốt rồi, hãy ôm con thật chặt tối nay nhé.
Follow @andammeDau để cùng nhau nuôi con nhàn tênh!
#andammeDau #andam #chamsoccon #nuoiconkhoahoc","Nuôi con không phải là cuộc chiến | Ăn dặm mẹ Dâu #Shorts
#Shorts #andammeDau #nuoiconkhoahoc"
20,1,06:30 - Món chính sáng,Thực đơn chính,Cháo Dinh Dưỡng Ngày 20 Cho Bé,Sáng nay nấu gì cho con nhanh mà đủ 4 nhóm chất? Mẹ nấu ngay món cháo ngày 20 này nhé.,Bước 1: Nấu cháo trắng tỷ lệ phù hợp tháng tuổi. Bước 2: Thêm đạm tươi băm nhuyễn mịn. Bước 3: Cho rau củ thái nhỏ nấu chín mềm. Bước 4: Tắt bếp và thêm 5ml dầu ăn dặm.,Lưu lại thực đơn ngày hôm nay và theo dõi Ăn dặm mẹ Dâu để xem món tiếp theo!,"Gợi ý bữa sáng dinh dưỡng ngày 20 cho bé ăn dặm ngon miệng! 👉 Follow Ăn dặm mẹ Dâu ngay!
#andammeDau #andam #thucdonandam #monngonchobe #mevabe","Thực Đơn Bữa Sáng Ngày 20 Đủ 4 Nhóm Chất 🥣
Bữa sáng cung cấp năng lượng cho cả ngày hoạt động của bé. Mẹ tham khảo ngay công thức trong video nhé.
Follow @andammeDau để nhận thực đơn mỗi ngày!
#andammeDau #andam #nuoiconkhoahoc #chamsoccon","Món cháo dinh dưỡng bữa sáng ngày 20 cho bé | Ăn dặm mẹ Dâu #Shorts
#Shorts #andammeDau #andam"
20,2,08:30 - Check nhanh thực phẩm,Check thực phẩm 15s,Bé Mấy Tháng Ăn Được Món Này?,Bé mấy tháng thì bắt đầu ăn được nguyên liệu này? Xem ngay 15 giây để không cho con ăn sai thời điểm!,"Nguyên tắc: Rau củ ngọt từ 6 tháng, thịt đỏ từ 7 tháng, tôm cá từ 8 tháng, lòng trắng trứng sau 9 tháng, hải sản vỏ cứng sau 10 tháng và sữa tươi sau 1 tuổi.",Mẹ đang phân vân món nào hãy để lại bình luận phía dưới nhé. Follow Ăn dặm mẹ Dâu ngay!,"Check nhanh thời điểm ăn an toàn cho bé! Tránh cho con ăn quá sớm hại dạ dày nhé! 👉 Follow Ăn dặm mẹ Dâu!
#andammeDau #andam #checkthucpham #mebimthongthai #chamsoccon","Bé Mấy Tháng Ăn Được Món Này? Check Nhanh Cùng Mẹ Dâu ⏱️
Cho bé ăn đúng độ tuổi giúp phòng ngừa dị ứng và bảo vệ hệ tiêu hóa non nớt.
Follow @andammeDau để tra cứu thực phẩm mỗi ngày!
#andammeDau #andam #suckhoebe #nuoiconkhoahoc","Check nhanh độ tuổi ăn dặm an toàn cho bé | Ăn dặm mẹ Dâu #Shorts
#Shorts #andammeDau #checkthucpham"
20,3,10:30 - Kỹ năng tăng thô,Kỹ năng & Tăng thô,Mẹo Tăng Thô An Toàn Ngày 20,Bé lười nhai hay nôn trớ khi tăng thô? Mẹ áp dụng ngay kỹ thuật tập cơ hàm này.,Kỹ thuật 1: Giảm tỷ lệ nước trong cháo từ từ. Kỹ thuật 2: Hấp rau củ mềm dạng que cho bé tự cầm cắn bằng nướu. Kỹ thuật 3: Kiên nhẫn giới thiệu món mới ít nhất 5 đến 7 lần.,Tăng thô đúng cách giúp con phát triển ngôn ngữ và cơ hàm tốt hơn. Theo dõi Ăn dặm mẹ Dâu ngay!,"Mẹo tăng độ thô an toàn cho bé không lo nôn trớ! Tập nhai chuẩn khoa học! 👉 Follow Ăn dặm mẹ Dâu!
#andammeDau #andam #tangdotho #tapnhai #blwvietnam","Kỹ Thuật Tăng Thô Không Nôn Trớ Cho Bé Ăn Dặm 👶
Cửa sổ vàng tập nhai là 7-9 tháng, đừng xay nhuyễn quá lâu mẹ nhé.
Lưu lại và follow @andammeDau ngay!
#andammeDau #andam #chamsoccon #nuoiconkhoahoc","Mẹo tăng độ thô và tập nhai an toàn cho bé | Ăn dặm mẹ Dâu #Shorts
#Shorts #andammeDau #tangdotho"
20,4,12:00 - Giải mã lầm tưởng,Khoa học & Lầm tưởng,Giải Mã Lầm Tưởng Ăn Dặm #20,Những quan niệm truyền miệng sai lầm khi nấu ăn dặm đang làm hại sức khỏe của bé!,Sự thật y khoa: Không nêm mắm muối dưới 1 tuổi; Không ninh xương lấy nước thay thịt; Không rơ lưỡi bằng mật ong; Không ép ăn khi con đã quay đầu.,Nuôi con bằng tri thức và tình yêu thương mẹ nhé. Theo dõi Ăn dặm mẹ Dâu để cập nhật kiến thức chuẩn!,"Giải mã lầm tưởng kinh điển khi nuôi con ăn dặm! Mẹ bỉm thông thái nhất định phải biết! 👉 Follow Ăn dặm mẹ Dâu!
#andammeDau #andam #khoahocandam #lamtuongandam #mevabe","Sự Thật Y Khoa: Những Lầm Tưởng Khi Cho Bé Ăn Dặm 🚫
Hãy từ bỏ những thói quen truyền miệng thiếu khoa học để bảo vệ con yêu.
Follow @andammeDau ngay hôm nay!
#andammeDau #andam #nuoiconkhoahoc #mebimthongthai","Giải mã lầm tưởng tai hại khi cho bé ăn dặm | Ăn dặm mẹ Dâu #Shorts
#Shorts #andammeDau #khoahocandam"
20,5,14:30 - Bữa phụ & Bánh,Bữa phụ dinh dưỡng,Món Bánh Ăn Dặm Ngày 20,"Bữa phụ chiều thơm lừng cho bé mà không cần lò nướng, làm trong 10 phút!","Nguyên liệu: Chuối tiêu chín, yến mạch cán dẹt và lòng đỏ trứng gà. Cách làm: Xay mịn hỗn hợp, áp chảo lửa nhỏ 3 phút mỗi mặt cho bánh vàng ruộm mềm xốp.",Bánh ngọt tự nhiên bé cầm ăn cực thích. Bấm theo dõi Ăn dặm mẹ Dâu để xem thêm nhiều món bánh ngon!,"Công thức bánh ăn dặm thơm ngon cho bữa phụ chiều của bé! Siêu dễ làm tại nhà! 👉 Follow Ăn dặm mẹ Dâu!
#andammeDau #andam #banhandam #buaphuchobe #monngonchobe","Bánh Ăn Dặm Bữa Phụ Cho Bé Siêu Dễ Làm 🥞
Bữa phụ cách bữa chính 2 tiếng giúp bổ sung năng lượng mà không làm đầy bụng.
Lưu lại và follow @andammeDau ngay!
#andammeDau #andam #buaphu #chamsoccon","Cách làm bánh ăn dặm bữa phụ nhanh gọn cho bé | Ăn dặm mẹ Dâu #Shorts
#Shorts #andammeDau #banhandam"
20,6,16:30 - Tiêu hóa & Biếng ăn,Tiêu hóa SOS,Cứu Cánh Tiêu Hóa Cho Bé #20,"Bé bị táo bón, phân sống hoặc đột ngột biếng ăn? Mẹ xử lý ngay theo hướng dẫn này.","Bước 1: Bổ sung chất xơ hòa tan từ mồng tơi, khoai lang, thanh long đỏ. Bước 2: Massage bụng theo chiều kim đồng hồ 5 phút mỗi ngày. Bước 3: Cho uống đủ nước và duy trì cữ sữa chuẩn.",Hệ tiêu hóa khỏe thì con mới tăng cân đều đặn mẹ nhé. Theo dõi Ăn dặm mẹ Dâu ngay!,"Giải cứu bé bị táo bón, khó tiêu cực nhanh! Mẹo dân gian kết hợp khoa học! 👉 Follow Ăn dặm mẹ Dâu!
#andammeDau #andam #taobon #tieuhoakhoe #mevabe","Xử Lý Táo Bón Và Rối Loạn Tiêu Hóa Ở Trẻ Ăn Dặm 🚼
Đừng vội thụt tháo, hãy điều chỉnh từ chế độ ăn giàu chất xơ và massage bụng cho bé nhé.
Follow @andammeDau để xem chi tiết!
#andammeDau #andam #suckhoebe #chamsoccon","Mẹo trị táo bón và ổn định tiêu hóa cho bé ăn dặm | Ăn dặm mẹ Dâu #Shorts
#Shorts #andammeDau #taobon"
20,7,18:30 - Món chính tối,Thực đơn tối,Món Cháo Tối Ấm Bụng Ngày 20,"Bữa tối nhẹ nhàng, ấm bụng giúp bé no lâu và ngủ xuyên đêm không quấy khóc.","Gợi ý: Súp gà hạt sen bí đỏ sánh mịn hoặc cháo cá hồi cải bó xôi. Nấu chín nhừ, dễ tiêu hóa, không gây đầy bụng trước giờ đi ngủ.",Cho bé ăn tối trước giờ ngủ ít nhất 1.5 đến 2 tiếng mẹ nhé. Theo dõi Ăn dặm mẹ Dâu ngay!,"Thực đơn bữa tối ấm bụng giúp bé ngủ ngon sâu giấc cả đêm! 👉 Follow Ăn dặm mẹ Dâu!
#andammeDau #andam #thucdontoi #chaobochobe #mevabe","Món Cháo Tối Nhẹ Bụng Giúp Bé Ngủ Xuyên Đêm 🌙
Bữa tối không nên cho ăn quá no hoặc quá nhiều đạm khó tiêu. Mẹ tham khảo công thức trong video nhé.
Lưu lại và follow @andammeDau ngay!
#andammeDau #andam #monngonchobe #chamsoccon","Thực đơn cháo tối ấm bụng cho bé ngủ sâu giấc | Ăn dặm mẹ Dâu #Shorts
#Shorts #andammeDau #thucdonandam"
20,8,20:00 - Bổ sung Vi chất,Vi chất chuẩn RNI,Bổ Sung Vi Chất Đúng Liều #20,"Uống D3K2, Sắt, Canxi thế nào để hấp thu 100% mà không bị nóng trong hay táo bón?","Quy tắc: D3K2 uống buổi sáng cùng chất béo. Sắt uống lúc bụng đói cách xa cữ sữa. Canxi chỉ uống sáng hoặc trưa, không uống tối. Kẽm uống sau ăn 30 phút.",Đúng thời điểm và đúng liều lượng là chìa khóa phát triển chiều cao. Theo dõi Ăn dặm mẹ Dâu ngay!,"Thời điểm vàng bổ sung vi chất cho bé phát triển chiều cao vượt trội! 👉 Follow Ăn dặm mẹ Dâu!
#andammeDau #andam #d3k2 #bosungcanxi #vichatchobe","Thời Điểm Vàng Bổ Sung Vitamin D3K2, Sắt, Canxi Cho Bé 💊
Uống sai thời điểm không những không hấp thu mà còn gây lắng đọng thận. Mẹ xem kỹ hướng dẫn nhé.
Follow @andammeDau ngay hôm nay!
#andammeDau #andam #nuoiconkhoahoc #suckhoebe","Bảng thời điểm vàng bổ sung vi chất cho trẻ nhỏ | Ăn dặm mẹ Dâu #Shorts
#Shorts #andammeDau #vichatchobe"
20,9,21:00 - Bảo quản & Dụng cụ,Bảo quản & Dụng cụ,Mẹo Trữ Đông Thực Phẩm Ngày 20,Bảo quản đồ ăn dặm sai cách khiến vi khuẩn sinh sôi gấp 10 lần! Mẹ xem ngay quy tắc an toàn.,Lưu ý: Thức ăn nấu xong để nguội chia khay trữ đông ngay. Ngăn mát dùng trong 24 đến 48 giờ. Ngăn đông dùng trong 2 tuần. Tuyệt đối không tái cấp đông đồ đã rã đông.,Vệ sinh an toàn là nền tảng cho sức khỏe của con. Bấm theo dõi Ăn dặm mẹ Dâu ngay!,"Quy tắc cấp đông và rã đông đồ ăn dặm chuẩn vi sinh giữ trọn 95% vitamin! 👉 Follow Ăn dặm mẹ Dâu!
#andammeDau #andam #capdongdoandam #meovatmebim #chamsoccon","Quy Tắc Cấp Đông Đồ Ăn Dặm Chuẩn Y Khoa ❄️
Mẹ đi làm bận rộn hoàn toàn có thể nấu sẵn trữ đông nếu tuân thủ đúng 3 bước trong video này.
Lưu lại và follow @andammeDau ngay!
#andammeDau #andam #mebim #nuoiconkhoahoc","Quy tắc bảo quản và rã đông đồ ăn dặm chuẩn an toàn | Ăn dặm mẹ Dâu #Shorts
#Shorts #andammeDau #capdongdoandam"
20,10,22:00 - Tâm lý bàn ăn,Tâm lý & Chữa lành,Nuôi Con Không Phải Cuộc Chiến #20,Mỗi bữa ăn của con là niềm vui hay đang là một cuộc chiến căng thẳng trong gia đình mẹ?,"Thông điệp: Bố mẹ quyết định con ăn gì và ở đâu; Con quyết định con ăn bao nhiêu. Tôn trọng nhu cầu của con, không ép ăn, không so sánh cân nặng với con nhà người ta.",Một em bé vui vẻ ăn ngoan là đích đến hạnh phúc nhất. Ăn dặm mẹ Dâu luôn đồng hành cùng mẹ!,"Nuôi con là hạnh phúc, đừng biến bữa ăn thành cuộc chiến mẹ ơi! 👉 Follow Ăn dặm mẹ Dâu để tìm lại niềm vui chăm con nhé!
#andammeDau #andam #nuoiconkhongphailacuocchien #tamlymebim #mevabe","Thông Điệp Yêu Thương Gửi Mẹ Bỉm Sữa Cuối Ngày ❤️
Mỗi em bé là một cá thể độc lập với tốc độ lớn riêng. Mẹ đang làm rất tốt rồi, hãy ôm con thật chặt tối nay nhé.
Follow @andammeDau để cùng nhau nuôi con nhàn tênh!
#andammeDau #andam #chamsoccon #nuoiconkhoahoc","Nuôi con không phải là cuộc chiến | Ăn dặm mẹ Dâu #Shorts
#Shorts #andammeDau #nuoiconkhoahoc"
21,1,06:30 - Món chính sáng,Thực đơn chính,Cháo Dinh Dưỡng Ngày 21 Cho Bé,Sáng nay nấu gì cho con nhanh mà đủ 4 nhóm chất? Mẹ nấu ngay món cháo ngày 21 này nhé.,Bước 1: Nấu cháo trắng tỷ lệ phù hợp tháng tuổi. Bước 2: Thêm đạm tươi băm nhuyễn mịn. Bước 3: Cho rau củ thái nhỏ nấu chín mềm. Bước 4: Tắt bếp và thêm 5ml dầu ăn dặm.,Lưu lại thực đơn ngày hôm nay và theo dõi Ăn dặm mẹ Dâu để xem món tiếp theo!,"Gợi ý bữa sáng dinh dưỡng ngày 21 cho bé ăn dặm ngon miệng! 👉 Follow Ăn dặm mẹ Dâu ngay!
#andammeDau #andam #thucdonandam #monngonchobe #mevabe","Thực Đơn Bữa Sáng Ngày 21 Đủ 4 Nhóm Chất 🥣
Bữa sáng cung cấp năng lượng cho cả ngày hoạt động của bé. Mẹ tham khảo ngay công thức trong video nhé.
Follow @andammeDau để nhận thực đơn mỗi ngày!
#andammeDau #andam #nuoiconkhoahoc #chamsoccon","Món cháo dinh dưỡng bữa sáng ngày 21 cho bé | Ăn dặm mẹ Dâu #Shorts
#Shorts #andammeDau #andam"
21,2,08:30 - Check nhanh thực phẩm,Check thực phẩm 15s,Bé Mấy Tháng Ăn Được Món Này?,Bé mấy tháng thì bắt đầu ăn được nguyên liệu này? Xem ngay 15 giây để không cho con ăn sai thời điểm!,"Nguyên tắc: Rau củ ngọt từ 6 tháng, thịt đỏ từ 7 tháng, tôm cá từ 8 tháng, lòng trắng trứng sau 9 tháng, hải sản vỏ cứng sau 10 tháng và sữa tươi sau 1 tuổi.",Mẹ đang phân vân món nào hãy để lại bình luận phía dưới nhé. Follow Ăn dặm mẹ Dâu ngay!,"Check nhanh thời điểm ăn an toàn cho bé! Tránh cho con ăn quá sớm hại dạ dày nhé! 👉 Follow Ăn dặm mẹ Dâu!
#andammeDau #andam #checkthucpham #mebimthongthai #chamsoccon","Bé Mấy Tháng Ăn Được Món Này? Check Nhanh Cùng Mẹ Dâu ⏱️
Cho bé ăn đúng độ tuổi giúp phòng ngừa dị ứng và bảo vệ hệ tiêu hóa non nớt.
Follow @andammeDau để tra cứu thực phẩm mỗi ngày!
#andammeDau #andam #suckhoebe #nuoiconkhoahoc","Check nhanh độ tuổi ăn dặm an toàn cho bé | Ăn dặm mẹ Dâu #Shorts
#Shorts #andammeDau #checkthucpham"
21,3,10:30 - Kỹ năng tăng thô,Kỹ năng & Tăng thô,Mẹo Tăng Thô An Toàn Ngày 21,Bé lười nhai hay nôn trớ khi tăng thô? Mẹ áp dụng ngay kỹ thuật tập cơ hàm này.,Kỹ thuật 1: Giảm tỷ lệ nước trong cháo từ từ. Kỹ thuật 2: Hấp rau củ mềm dạng que cho bé tự cầm cắn bằng nướu. Kỹ thuật 3: Kiên nhẫn giới thiệu món mới ít nhất 5 đến 7 lần.,Tăng thô đúng cách giúp con phát triển ngôn ngữ và cơ hàm tốt hơn. Theo dõi Ăn dặm mẹ Dâu ngay!,"Mẹo tăng độ thô an toàn cho bé không lo nôn trớ! Tập nhai chuẩn khoa học! 👉 Follow Ăn dặm mẹ Dâu!
#andammeDau #andam #tangdotho #tapnhai #blwvietnam","Kỹ Thuật Tăng Thô Không Nôn Trớ Cho Bé Ăn Dặm 👶
Cửa sổ vàng tập nhai là 7-9 tháng, đừng xay nhuyễn quá lâu mẹ nhé.
Lưu lại và follow @andammeDau ngay!
#andammeDau #andam #chamsoccon #nuoiconkhoahoc","Mẹo tăng độ thô và tập nhai an toàn cho bé | Ăn dặm mẹ Dâu #Shorts
#Shorts #andammeDau #tangdotho"
21,4,12:00 - Giải mã lầm tưởng,Khoa học & Lầm tưởng,Giải Mã Lầm Tưởng Ăn Dặm #21,Những quan niệm truyền miệng sai lầm khi nấu ăn dặm đang làm hại sức khỏe của bé!,Sự thật y khoa: Không nêm mắm muối dưới 1 tuổi; Không ninh xương lấy nước thay thịt; Không rơ lưỡi bằng mật ong; Không ép ăn khi con đã quay đầu.,Nuôi con bằng tri thức và tình yêu thương mẹ nhé. Theo dõi Ăn dặm mẹ Dâu để cập nhật kiến thức chuẩn!,"Giải mã lầm tưởng kinh điển khi nuôi con ăn dặm! Mẹ bỉm thông thái nhất định phải biết! 👉 Follow Ăn dặm mẹ Dâu!
#andammeDau #andam #khoahocandam #lamtuongandam #mevabe","Sự Thật Y Khoa: Những Lầm Tưởng Khi Cho Bé Ăn Dặm 🚫
Hãy từ bỏ những thói quen truyền miệng thiếu khoa học để bảo vệ con yêu.
Follow @andammeDau ngay hôm nay!
#andammeDau #andam #nuoiconkhoahoc #mebimthongthai","Giải mã lầm tưởng tai hại khi cho bé ăn dặm | Ăn dặm mẹ Dâu #Shorts
#Shorts #andammeDau #khoahocandam"
21,5,14:30 - Bữa phụ & Bánh,Bữa phụ dinh dưỡng,Món Bánh Ăn Dặm Ngày 21,"Bữa phụ chiều thơm lừng cho bé mà không cần lò nướng, làm trong 10 phút!","Nguyên liệu: Chuối tiêu chín, yến mạch cán dẹt và lòng đỏ trứng gà. Cách làm: Xay mịn hỗn hợp, áp chảo lửa nhỏ 3 phút mỗi mặt cho bánh vàng ruộm mềm xốp.",Bánh ngọt tự nhiên bé cầm ăn cực thích. Bấm theo dõi Ăn dặm mẹ Dâu để xem thêm nhiều món bánh ngon!,"Công thức bánh ăn dặm thơm ngon cho bữa phụ chiều của bé! Siêu dễ làm tại nhà! 👉 Follow Ăn dặm mẹ Dâu!
#andammeDau #andam #banhandam #buaphuchobe #monngonchobe","Bánh Ăn Dặm Bữa Phụ Cho Bé Siêu Dễ Làm 🥞
Bữa phụ cách bữa chính 2 tiếng giúp bổ sung năng lượng mà không làm đầy bụng.
Lưu lại và follow @andammeDau ngay!
#andammeDau #andam #buaphu #chamsoccon","Cách làm bánh ăn dặm bữa phụ nhanh gọn cho bé | Ăn dặm mẹ Dâu #Shorts
#Shorts #andammeDau #banhandam"
21,6,16:30 - Tiêu hóa & Biếng ăn,Tiêu hóa SOS,Cứu Cánh Tiêu Hóa Cho Bé #21,"Bé bị táo bón, phân sống hoặc đột ngột biếng ăn? Mẹ xử lý ngay theo hướng dẫn này.","Bước 1: Bổ sung chất xơ hòa tan từ mồng tơi, khoai lang, thanh long đỏ. Bước 2: Massage bụng theo chiều kim đồng hồ 5 phút mỗi ngày. Bước 3: Cho uống đủ nước và duy trì cữ sữa chuẩn.",Hệ tiêu hóa khỏe thì con mới tăng cân đều đặn mẹ nhé. Theo dõi Ăn dặm mẹ Dâu ngay!,"Giải cứu bé bị táo bón, khó tiêu cực nhanh! Mẹo dân gian kết hợp khoa học! 👉 Follow Ăn dặm mẹ Dâu!
#andammeDau #andam #taobon #tieuhoakhoe #mevabe","Xử Lý Táo Bón Và Rối Loạn Tiêu Hóa Ở Trẻ Ăn Dặm 🚼
Đừng vội thụt tháo, hãy điều chỉnh từ chế độ ăn giàu chất xơ và massage bụng cho bé nhé.
Follow @andammeDau để xem chi tiết!
#andammeDau #andam #suckhoebe #chamsoccon","Mẹo trị táo bón và ổn định tiêu hóa cho bé ăn dặm | Ăn dặm mẹ Dâu #Shorts
#Shorts #andammeDau #taobon"
21,7,18:30 - Món chính tối,Thực đơn tối,Món Cháo Tối Ấm Bụng Ngày 21,"Bữa tối nhẹ nhàng, ấm bụng giúp bé no lâu và ngủ xuyên đêm không quấy khóc.","Gợi ý: Súp gà hạt sen bí đỏ sánh mịn hoặc cháo cá hồi cải bó xôi. Nấu chín nhừ, dễ tiêu hóa, không gây đầy bụng trước giờ đi ngủ.",Cho bé ăn tối trước giờ ngủ ít nhất 1.5 đến 2 tiếng mẹ nhé. Theo dõi Ăn dặm mẹ Dâu ngay!,"Thực đơn bữa tối ấm bụng giúp bé ngủ ngon sâu giấc cả đêm! 👉 Follow Ăn dặm mẹ Dâu!
#andammeDau #andam #thucdontoi #chaobochobe #mevabe","Món Cháo Tối Nhẹ Bụng Giúp Bé Ngủ Xuyên Đêm 🌙
Bữa tối không nên cho ăn quá no hoặc quá nhiều đạm khó tiêu. Mẹ tham khảo công thức trong video nhé.
Lưu lại và follow @andammeDau ngay!
#andammeDau #andam #monngonchobe #chamsoccon","Thực đơn cháo tối ấm bụng cho bé ngủ sâu giấc | Ăn dặm mẹ Dâu #Shorts
#Shorts #andammeDau #thucdonandam"
21,8,20:00 - Bổ sung Vi chất,Vi chất chuẩn RNI,Bổ Sung Vi Chất Đúng Liều #21,"Uống D3K2, Sắt, Canxi thế nào để hấp thu 100% mà không bị nóng trong hay táo bón?","Quy tắc: D3K2 uống buổi sáng cùng chất béo. Sắt uống lúc bụng đói cách xa cữ sữa. Canxi chỉ uống sáng hoặc trưa, không uống tối. Kẽm uống sau ăn 30 phút.",Đúng thời điểm và đúng liều lượng là chìa khóa phát triển chiều cao. Theo dõi Ăn dặm mẹ Dâu ngay!,"Thời điểm vàng bổ sung vi chất cho bé phát triển chiều cao vượt trội! 👉 Follow Ăn dặm mẹ Dâu!
#andammeDau #andam #d3k2 #bosungcanxi #vichatchobe","Thời Điểm Vàng Bổ Sung Vitamin D3K2, Sắt, Canxi Cho Bé 💊
Uống sai thời điểm không những không hấp thu mà còn gây lắng đọng thận. Mẹ xem kỹ hướng dẫn nhé.
Follow @andammeDau ngay hôm nay!
#andammeDau #andam #nuoiconkhoahoc #suckhoebe","Bảng thời điểm vàng bổ sung vi chất cho trẻ nhỏ | Ăn dặm mẹ Dâu #Shorts
#Shorts #andammeDau #vichatchobe"
21,9,21:00 - Bảo quản & Dụng cụ,Bảo quản & Dụng cụ,Mẹo Trữ Đông Thực Phẩm Ngày 21,Bảo quản đồ ăn dặm sai cách khiến vi khuẩn sinh sôi gấp 10 lần! Mẹ xem ngay quy tắc an toàn.,Lưu ý: Thức ăn nấu xong để nguội chia khay trữ đông ngay. Ngăn mát dùng trong 24 đến 48 giờ. Ngăn đông dùng trong 2 tuần. Tuyệt đối không tái cấp đông đồ đã rã đông.,Vệ sinh an toàn là nền tảng cho sức khỏe của con. Bấm theo dõi Ăn dặm mẹ Dâu ngay!,"Quy tắc cấp đông và rã đông đồ ăn dặm chuẩn vi sinh giữ trọn 95% vitamin! 👉 Follow Ăn dặm mẹ Dâu!
#andammeDau #andam #capdongdoandam #meovatmebim #chamsoccon","Quy Tắc Cấp Đông Đồ Ăn Dặm Chuẩn Y Khoa ❄️
Mẹ đi làm bận rộn hoàn toàn có thể nấu sẵn trữ đông nếu tuân thủ đúng 3 bước trong video này.
Lưu lại và follow @andammeDau ngay!
#andammeDau #andam #mebim #nuoiconkhoahoc","Quy tắc bảo quản và rã đông đồ ăn dặm chuẩn an toàn | Ăn dặm mẹ Dâu #Shorts
#Shorts #andammeDau #capdongdoandam"
21,10,22:00 - Tâm lý bàn ăn,Tâm lý & Chữa lành,Nuôi Con Không Phải Cuộc Chiến #21,Mỗi bữa ăn của con là niềm vui hay đang là một cuộc chiến căng thẳng trong gia đình mẹ?,"Thông điệp: Bố mẹ quyết định con ăn gì và ở đâu; Con quyết định con ăn bao nhiêu. Tôn trọng nhu cầu của con, không ép ăn, không so sánh cân nặng với con nhà người ta.",Một em bé vui vẻ ăn ngoan là đích đến hạnh phúc nhất. Ăn dặm mẹ Dâu luôn đồng hành cùng mẹ!,"Nuôi con là hạnh phúc, đừng biến bữa ăn thành cuộc chiến mẹ ơi! 👉 Follow Ăn dặm mẹ Dâu để tìm lại niềm vui chăm con nhé!
#andammeDau #andam #nuoiconkhongphailacuocchien #tamlymebim #mevabe","Thông Điệp Yêu Thương Gửi Mẹ Bỉm Sữa Cuối Ngày ❤️
Mỗi em bé là một cá thể độc lập với tốc độ lớn riêng. Mẹ đang làm rất tốt rồi, hãy ôm con thật chặt tối nay nhé.
Follow @andammeDau để cùng nhau nuôi con nhàn tênh!
#andammeDau #andam #chamsoccon #nuoiconkhoahoc","Nuôi con không phải là cuộc chiến | Ăn dặm mẹ Dâu #Shorts
#Shorts #andammeDau #nuoiconkhoahoc"
22,1,06:30 - Món chính sáng,Thực đơn chính,Cháo Dinh Dưỡng Ngày 22 Cho Bé,Sáng nay nấu gì cho con nhanh mà đủ 4 nhóm chất? Mẹ nấu ngay món cháo ngày 22 này nhé.,Bước 1: Nấu cháo trắng tỷ lệ phù hợp tháng tuổi. Bước 2: Thêm đạm tươi băm nhuyễn mịn. Bước 3: Cho rau củ thái nhỏ nấu chín mềm. Bước 4: Tắt bếp và thêm 5ml dầu ăn dặm.,Lưu lại thực đơn ngày hôm nay và theo dõi Ăn dặm mẹ Dâu để xem món tiếp theo!,"Gợi ý bữa sáng dinh dưỡng ngày 22 cho bé ăn dặm ngon miệng! 👉 Follow Ăn dặm mẹ Dâu ngay!
#andammeDau #andam #thucdonandam #monngonchobe #mevabe","Thực Đơn Bữa Sáng Ngày 22 Đủ 4 Nhóm Chất 🥣
Bữa sáng cung cấp năng lượng cho cả ngày hoạt động của bé. Mẹ tham khảo ngay công thức trong video nhé.
Follow @andammeDau để nhận thực đơn mỗi ngày!
#andammeDau #andam #nuoiconkhoahoc #chamsoccon","Món cháo dinh dưỡng bữa sáng ngày 22 cho bé | Ăn dặm mẹ Dâu #Shorts
#Shorts #andammeDau #andam"
22,2,08:30 - Check nhanh thực phẩm,Check thực phẩm 15s,Bé Mấy Tháng Ăn Được Món Này?,Bé mấy tháng thì bắt đầu ăn được nguyên liệu này? Xem ngay 15 giây để không cho con ăn sai thời điểm!,"Nguyên tắc: Rau củ ngọt từ 6 tháng, thịt đỏ từ 7 tháng, tôm cá từ 8 tháng, lòng trắng trứng sau 9 tháng, hải sản vỏ cứng sau 10 tháng và sữa tươi sau 1 tuổi.",Mẹ đang phân vân món nào hãy để lại bình luận phía dưới nhé. Follow Ăn dặm mẹ Dâu ngay!,"Check nhanh thời điểm ăn an toàn cho bé! Tránh cho con ăn quá sớm hại dạ dày nhé! 👉 Follow Ăn dặm mẹ Dâu!
#andammeDau #andam #checkthucpham #mebimthongthai #chamsoccon","Bé Mấy Tháng Ăn Được Món Này? Check Nhanh Cùng Mẹ Dâu ⏱️
Cho bé ăn đúng độ tuổi giúp phòng ngừa dị ứng và bảo vệ hệ tiêu hóa non nớt.
Follow @andammeDau để tra cứu thực phẩm mỗi ngày!
#andammeDau #andam #suckhoebe #nuoiconkhoahoc","Check nhanh độ tuổi ăn dặm an toàn cho bé | Ăn dặm mẹ Dâu #Shorts
#Shorts #andammeDau #checkthucpham"
22,3,10:30 - Kỹ năng tăng thô,Kỹ năng & Tăng thô,Mẹo Tăng Thô An Toàn Ngày 22,Bé lười nhai hay nôn trớ khi tăng thô? Mẹ áp dụng ngay kỹ thuật tập cơ hàm này.,Kỹ thuật 1: Giảm tỷ lệ nước trong cháo từ từ. Kỹ thuật 2: Hấp rau củ mềm dạng que cho bé tự cầm cắn bằng nướu. Kỹ thuật 3: Kiên nhẫn giới thiệu món mới ít nhất 5 đến 7 lần.,Tăng thô đúng cách giúp con phát triển ngôn ngữ và cơ hàm tốt hơn. Theo dõi Ăn dặm mẹ Dâu ngay!,"Mẹo tăng độ thô an toàn cho bé không lo nôn trớ! Tập nhai chuẩn khoa học! 👉 Follow Ăn dặm mẹ Dâu!
#andammeDau #andam #tangdotho #tapnhai #blwvietnam","Kỹ Thuật Tăng Thô Không Nôn Trớ Cho Bé Ăn Dặm 👶
Cửa sổ vàng tập nhai là 7-9 tháng, đừng xay nhuyễn quá lâu mẹ nhé.
Lưu lại và follow @andammeDau ngay!
#andammeDau #andam #chamsoccon #nuoiconkhoahoc","Mẹo tăng độ thô và tập nhai an toàn cho bé | Ăn dặm mẹ Dâu #Shorts
#Shorts #andammeDau #tangdotho"
22,4,12:00 - Giải mã lầm tưởng,Khoa học & Lầm tưởng,Giải Mã Lầm Tưởng Ăn Dặm #22,Những quan niệm truyền miệng sai lầm khi nấu ăn dặm đang làm hại sức khỏe của bé!,Sự thật y khoa: Không nêm mắm muối dưới 1 tuổi; Không ninh xương lấy nước thay thịt; Không rơ lưỡi bằng mật ong; Không ép ăn khi con đã quay đầu.,Nuôi con bằng tri thức và tình yêu thương mẹ nhé. Theo dõi Ăn dặm mẹ Dâu để cập nhật kiến thức chuẩn!,"Giải mã lầm tưởng kinh điển khi nuôi con ăn dặm! Mẹ bỉm thông thái nhất định phải biết! 👉 Follow Ăn dặm mẹ Dâu!
#andammeDau #andam #khoahocandam #lamtuongandam #mevabe","Sự Thật Y Khoa: Những Lầm Tưởng Khi Cho Bé Ăn Dặm 🚫
Hãy từ bỏ những thói quen truyền miệng thiếu khoa học để bảo vệ con yêu.
Follow @andammeDau ngay hôm nay!
#andammeDau #andam #nuoiconkhoahoc #mebimthongthai","Giải mã lầm tưởng tai hại khi cho bé ăn dặm | Ăn dặm mẹ Dâu #Shorts
#Shorts #andammeDau #khoahocandam"
22,5,14:30 - Bữa phụ & Bánh,Bữa phụ dinh dưỡng,Món Bánh Ăn Dặm Ngày 22,"Bữa phụ chiều thơm lừng cho bé mà không cần lò nướng, làm trong 10 phút!","Nguyên liệu: Chuối tiêu chín, yến mạch cán dẹt và lòng đỏ trứng gà. Cách làm: Xay mịn hỗn hợp, áp chảo lửa nhỏ 3 phút mỗi mặt cho bánh vàng ruộm mềm xốp.",Bánh ngọt tự nhiên bé cầm ăn cực thích. Bấm theo dõi Ăn dặm mẹ Dâu để xem thêm nhiều món bánh ngon!,"Công thức bánh ăn dặm thơm ngon cho bữa phụ chiều của bé! Siêu dễ làm tại nhà! 👉 Follow Ăn dặm mẹ Dâu!
#andammeDau #andam #banhandam #buaphuchobe #monngonchobe","Bánh Ăn Dặm Bữa Phụ Cho Bé Siêu Dễ Làm 🥞
Bữa phụ cách bữa chính 2 tiếng giúp bổ sung năng lượng mà không làm đầy bụng.
Lưu lại và follow @andammeDau ngay!
#andammeDau #andam #buaphu #chamsoccon","Cách làm bánh ăn dặm bữa phụ nhanh gọn cho bé | Ăn dặm mẹ Dâu #Shorts
#Shorts #andammeDau #banhandam"
22,6,16:30 - Tiêu hóa & Biếng ăn,Tiêu hóa SOS,Cứu Cánh Tiêu Hóa Cho Bé #22,"Bé bị táo bón, phân sống hoặc đột ngột biếng ăn? Mẹ xử lý ngay theo hướng dẫn này.","Bước 1: Bổ sung chất xơ hòa tan từ mồng tơi, khoai lang, thanh long đỏ. Bước 2: Massage bụng theo chiều kim đồng hồ 5 phút mỗi ngày. Bước 3: Cho uống đủ nước và duy trì cữ sữa chuẩn.",Hệ tiêu hóa khỏe thì con mới tăng cân đều đặn mẹ nhé. Theo dõi Ăn dặm mẹ Dâu ngay!,"Giải cứu bé bị táo bón, khó tiêu cực nhanh! Mẹo dân gian kết hợp khoa học! 👉 Follow Ăn dặm mẹ Dâu!
#andammeDau #andam #taobon #tieuhoakhoe #mevabe","Xử Lý Táo Bón Và Rối Loạn Tiêu Hóa Ở Trẻ Ăn Dặm 🚼
Đừng vội thụt tháo, hãy điều chỉnh từ chế độ ăn giàu chất xơ và massage bụng cho bé nhé.
Follow @andammeDau để xem chi tiết!
#andammeDau #andam #suckhoebe #chamsoccon","Mẹo trị táo bón và ổn định tiêu hóa cho bé ăn dặm | Ăn dặm mẹ Dâu #Shorts
#Shorts #andammeDau #taobon"
22,7,18:30 - Món chính tối,Thực đơn tối,Món Cháo Tối Ấm Bụng Ngày 22,"Bữa tối nhẹ nhàng, ấm bụng giúp bé no lâu và ngủ xuyên đêm không quấy khóc.","Gợi ý: Súp gà hạt sen bí đỏ sánh mịn hoặc cháo cá hồi cải bó xôi. Nấu chín nhừ, dễ tiêu hóa, không gây đầy bụng trước giờ đi ngủ.",Cho bé ăn tối trước giờ ngủ ít nhất 1.5 đến 2 tiếng mẹ nhé. Theo dõi Ăn dặm mẹ Dâu ngay!,"Thực đơn bữa tối ấm bụng giúp bé ngủ ngon sâu giấc cả đêm! 👉 Follow Ăn dặm mẹ Dâu!
#andammeDau #andam #thucdontoi #chaobochobe #mevabe","Món Cháo Tối Nhẹ Bụng Giúp Bé Ngủ Xuyên Đêm 🌙
Bữa tối không nên cho ăn quá no hoặc quá nhiều đạm khó tiêu. Mẹ tham khảo công thức trong video nhé.
Lưu lại và follow @andammeDau ngay!
#andammeDau #andam #monngonchobe #chamsoccon","Thực đơn cháo tối ấm bụng cho bé ngủ sâu giấc | Ăn dặm mẹ Dâu #Shorts
#Shorts #andammeDau #thucdonandam"
22,8,20:00 - Bổ sung Vi chất,Vi chất chuẩn RNI,Bổ Sung Vi Chất Đúng Liều #22,"Uống D3K2, Sắt, Canxi thế nào để hấp thu 100% mà không bị nóng trong hay táo bón?","Quy tắc: D3K2 uống buổi sáng cùng chất béo. Sắt uống lúc bụng đói cách xa cữ sữa. Canxi chỉ uống sáng hoặc trưa, không uống tối. Kẽm uống sau ăn 30 phút.",Đúng thời điểm và đúng liều lượng là chìa khóa phát triển chiều cao. Theo dõi Ăn dặm mẹ Dâu ngay!,"Thời điểm vàng bổ sung vi chất cho bé phát triển chiều cao vượt trội! 👉 Follow Ăn dặm mẹ Dâu!
#andammeDau #andam #d3k2 #bosungcanxi #vichatchobe","Thời Điểm Vàng Bổ Sung Vitamin D3K2, Sắt, Canxi Cho Bé 💊
Uống sai thời điểm không những không hấp thu mà còn gây lắng đọng thận. Mẹ xem kỹ hướng dẫn nhé.
Follow @andammeDau ngay hôm nay!
#andammeDau #andam #nuoiconkhoahoc #suckhoebe","Bảng thời điểm vàng bổ sung vi chất cho trẻ nhỏ | Ăn dặm mẹ Dâu #Shorts
#Shorts #andammeDau #vichatchobe"
22,9,21:00 - Bảo quản & Dụng cụ,Bảo quản & Dụng cụ,Mẹo Trữ Đông Thực Phẩm Ngày 22,Bảo quản đồ ăn dặm sai cách khiến vi khuẩn sinh sôi gấp 10 lần! Mẹ xem ngay quy tắc an toàn.,Lưu ý: Thức ăn nấu xong để nguội chia khay trữ đông ngay. Ngăn mát dùng trong 24 đến 48 giờ. Ngăn đông dùng trong 2 tuần. Tuyệt đối không tái cấp đông đồ đã rã đông.,Vệ sinh an toàn là nền tảng cho sức khỏe của con. Bấm theo dõi Ăn dặm mẹ Dâu ngay!,"Quy tắc cấp đông và rã đông đồ ăn dặm chuẩn vi sinh giữ trọn 95% vitamin! 👉 Follow Ăn dặm mẹ Dâu!
#andammeDau #andam #capdongdoandam #meovatmebim #chamsoccon","Quy Tắc Cấp Đông Đồ Ăn Dặm Chuẩn Y Khoa ❄️
Mẹ đi làm bận rộn hoàn toàn có thể nấu sẵn trữ đông nếu tuân thủ đúng 3 bước trong video này.
Lưu lại và follow @andammeDau ngay!
#andammeDau #andam #mebim #nuoiconkhoahoc","Quy tắc bảo quản và rã đông đồ ăn dặm chuẩn an toàn | Ăn dặm mẹ Dâu #Shorts
#Shorts #andammeDau #capdongdoandam"
22,10,22:00 - Tâm lý bàn ăn,Tâm lý & Chữa lành,Nuôi Con Không Phải Cuộc Chiến #22,Mỗi bữa ăn của con là niềm vui hay đang là một cuộc chiến căng thẳng trong gia đình mẹ?,"Thông điệp: Bố mẹ quyết định con ăn gì và ở đâu; Con quyết định con ăn bao nhiêu. Tôn trọng nhu cầu của con, không ép ăn, không so sánh cân nặng với con nhà người ta.",Một em bé vui vẻ ăn ngoan là đích đến hạnh phúc nhất. Ăn dặm mẹ Dâu luôn đồng hành cùng mẹ!,"Nuôi con là hạnh phúc, đừng biến bữa ăn thành cuộc chiến mẹ ơi! 👉 Follow Ăn dặm mẹ Dâu để tìm lại niềm vui chăm con nhé!
#andammeDau #andam #nuoiconkhongphailacuocchien #tamlymebim #mevabe","Thông Điệp Yêu Thương Gửi Mẹ Bỉm Sữa Cuối Ngày ❤️
Mỗi em bé là một cá thể độc lập với tốc độ lớn riêng. Mẹ đang làm rất tốt rồi, hãy ôm con thật chặt tối nay nhé.
Follow @andammeDau để cùng nhau nuôi con nhàn tênh!
#andammeDau #andam #chamsoccon #nuoiconkhoahoc","Nuôi con không phải là cuộc chiến | Ăn dặm mẹ Dâu #Shorts
#Shorts #andammeDau #nuoiconkhoahoc"
23,1,06:30 - Món chính sáng,Thực đơn chính,Cháo Dinh Dưỡng Ngày 23 Cho Bé,Sáng nay nấu gì cho con nhanh mà đủ 4 nhóm chất? Mẹ nấu ngay món cháo ngày 23 này nhé.,Bước 1: Nấu cháo trắng tỷ lệ phù hợp tháng tuổi. Bước 2: Thêm đạm tươi băm nhuyễn mịn. Bước 3: Cho rau củ thái nhỏ nấu chín mềm. Bước 4: Tắt bếp và thêm 5ml dầu ăn dặm.,Lưu lại thực đơn ngày hôm nay và theo dõi Ăn dặm mẹ Dâu để xem món tiếp theo!,"Gợi ý bữa sáng dinh dưỡng ngày 23 cho bé ăn dặm ngon miệng! 👉 Follow Ăn dặm mẹ Dâu ngay!
#andammeDau #andam #thucdonandam #monngonchobe #mevabe","Thực Đơn Bữa Sáng Ngày 23 Đủ 4 Nhóm Chất 🥣
Bữa sáng cung cấp năng lượng cho cả ngày hoạt động của bé. Mẹ tham khảo ngay công thức trong video nhé.
Follow @andammeDau để nhận thực đơn mỗi ngày!
#andammeDau #andam #nuoiconkhoahoc #chamsoccon","Món cháo dinh dưỡng bữa sáng ngày 23 cho bé | Ăn dặm mẹ Dâu #Shorts
#Shorts #andammeDau #andam"
23,2,08:30 - Check nhanh thực phẩm,Check thực phẩm 15s,Bé Mấy Tháng Ăn Được Món Này?,Bé mấy tháng thì bắt đầu ăn được nguyên liệu này? Xem ngay 15 giây để không cho con ăn sai thời điểm!,"Nguyên tắc: Rau củ ngọt từ 6 tháng, thịt đỏ từ 7 tháng, tôm cá từ 8 tháng, lòng trắng trứng sau 9 tháng, hải sản vỏ cứng sau 10 tháng và sữa tươi sau 1 tuổi.",Mẹ đang phân vân món nào hãy để lại bình luận phía dưới nhé. Follow Ăn dặm mẹ Dâu ngay!,"Check nhanh thời điểm ăn an toàn cho bé! Tránh cho con ăn quá sớm hại dạ dày nhé! 👉 Follow Ăn dặm mẹ Dâu!
#andammeDau #andam #checkthucpham #mebimthongthai #chamsoccon","Bé Mấy Tháng Ăn Được Món Này? Check Nhanh Cùng Mẹ Dâu ⏱️
Cho bé ăn đúng độ tuổi giúp phòng ngừa dị ứng và bảo vệ hệ tiêu hóa non nớt.
Follow @andammeDau để tra cứu thực phẩm mỗi ngày!
#andammeDau #andam #suckhoebe #nuoiconkhoahoc","Check nhanh độ tuổi ăn dặm an toàn cho bé | Ăn dặm mẹ Dâu #Shorts
#Shorts #andammeDau #checkthucpham"
23,3,10:30 - Kỹ năng tăng thô,Kỹ năng & Tăng thô,Mẹo Tăng Thô An Toàn Ngày 23,Bé lười nhai hay nôn trớ khi tăng thô? Mẹ áp dụng ngay kỹ thuật tập cơ hàm này.,Kỹ thuật 1: Giảm tỷ lệ nước trong cháo từ từ. Kỹ thuật 2: Hấp rau củ mềm dạng que cho bé tự cầm cắn bằng nướu. Kỹ thuật 3: Kiên nhẫn giới thiệu món mới ít nhất 5 đến 7 lần.,Tăng thô đúng cách giúp con phát triển ngôn ngữ và cơ hàm tốt hơn. Theo dõi Ăn dặm mẹ Dâu ngay!,"Mẹo tăng độ thô an toàn cho bé không lo nôn trớ! Tập nhai chuẩn khoa học! 👉 Follow Ăn dặm mẹ Dâu!
#andammeDau #andam #tangdotho #tapnhai #blwvietnam","Kỹ Thuật Tăng Thô Không Nôn Trớ Cho Bé Ăn Dặm 👶
Cửa sổ vàng tập nhai là 7-9 tháng, đừng xay nhuyễn quá lâu mẹ nhé.
Lưu lại và follow @andammeDau ngay!
#andammeDau #andam #chamsoccon #nuoiconkhoahoc","Mẹo tăng độ thô và tập nhai an toàn cho bé | Ăn dặm mẹ Dâu #Shorts
#Shorts #andammeDau #tangdotho"
23,4,12:00 - Giải mã lầm tưởng,Khoa học & Lầm tưởng,Giải Mã Lầm Tưởng Ăn Dặm #23,Những quan niệm truyền miệng sai lầm khi nấu ăn dặm đang làm hại sức khỏe của bé!,Sự thật y khoa: Không nêm mắm muối dưới 1 tuổi; Không ninh xương lấy nước thay thịt; Không rơ lưỡi bằng mật ong; Không ép ăn khi con đã quay đầu.,Nuôi con bằng tri thức và tình yêu thương mẹ nhé. Theo dõi Ăn dặm mẹ Dâu để cập nhật kiến thức chuẩn!,"Giải mã lầm tưởng kinh điển khi nuôi con ăn dặm! Mẹ bỉm thông thái nhất định phải biết! 👉 Follow Ăn dặm mẹ Dâu!
#andammeDau #andam #khoahocandam #lamtuongandam #mevabe","Sự Thật Y Khoa: Những Lầm Tưởng Khi Cho Bé Ăn Dặm 🚫
Hãy từ bỏ những thói quen truyền miệng thiếu khoa học để bảo vệ con yêu.
Follow @andammeDau ngay hôm nay!
#andammeDau #andam #nuoiconkhoahoc #mebimthongthai","Giải mã lầm tưởng tai hại khi cho bé ăn dặm | Ăn dặm mẹ Dâu #Shorts
#Shorts #andammeDau #khoahocandam"
23,5,14:30 - Bữa phụ & Bánh,Bữa phụ dinh dưỡng,Món Bánh Ăn Dặm Ngày 23,"Bữa phụ chiều thơm lừng cho bé mà không cần lò nướng, làm trong 10 phút!","Nguyên liệu: Chuối tiêu chín, yến mạch cán dẹt và lòng đỏ trứng gà. Cách làm: Xay mịn hỗn hợp, áp chảo lửa nhỏ 3 phút mỗi mặt cho bánh vàng ruộm mềm xốp.",Bánh ngọt tự nhiên bé cầm ăn cực thích. Bấm theo dõi Ăn dặm mẹ Dâu để xem thêm nhiều món bánh ngon!,"Công thức bánh ăn dặm thơm ngon cho bữa phụ chiều của bé! Siêu dễ làm tại nhà! 👉 Follow Ăn dặm mẹ Dâu!
#andammeDau #andam #banhandam #buaphuchobe #monngonchobe","Bánh Ăn Dặm Bữa Phụ Cho Bé Siêu Dễ Làm 🥞
Bữa phụ cách bữa chính 2 tiếng giúp bổ sung năng lượng mà không làm đầy bụng.
Lưu lại và follow @andammeDau ngay!
#andammeDau #andam #buaphu #chamsoccon","Cách làm bánh ăn dặm bữa phụ nhanh gọn cho bé | Ăn dặm mẹ Dâu #Shorts
#Shorts #andammeDau #banhandam"
23,6,16:30 - Tiêu hóa & Biếng ăn,Tiêu hóa SOS,Cứu Cánh Tiêu Hóa Cho Bé #23,"Bé bị táo bón, phân sống hoặc đột ngột biếng ăn? Mẹ xử lý ngay theo hướng dẫn này.","Bước 1: Bổ sung chất xơ hòa tan từ mồng tơi, khoai lang, thanh long đỏ. Bước 2: Massage bụng theo chiều kim đồng hồ 5 phút mỗi ngày. Bước 3: Cho uống đủ nước và duy trì cữ sữa chuẩn.",Hệ tiêu hóa khỏe thì con mới tăng cân đều đặn mẹ nhé. Theo dõi Ăn dặm mẹ Dâu ngay!,"Giải cứu bé bị táo bón, khó tiêu cực nhanh! Mẹo dân gian kết hợp khoa học! 👉 Follow Ăn dặm mẹ Dâu!
#andammeDau #andam #taobon #tieuhoakhoe #mevabe","Xử Lý Táo Bón Và Rối Loạn Tiêu Hóa Ở Trẻ Ăn Dặm 🚼
Đừng vội thụt tháo, hãy điều chỉnh từ chế độ ăn giàu chất xơ và massage bụng cho bé nhé.
Follow @andammeDau để xem chi tiết!
#andammeDau #andam #suckhoebe #chamsoccon","Mẹo trị táo bón và ổn định tiêu hóa cho bé ăn dặm | Ăn dặm mẹ Dâu #Shorts
#Shorts #andammeDau #taobon"
23,7,18:30 - Món chính tối,Thực đơn tối,Món Cháo Tối Ấm Bụng Ngày 23,"Bữa tối nhẹ nhàng, ấm bụng giúp bé no lâu và ngủ xuyên đêm không quấy khóc.","Gợi ý: Súp gà hạt sen bí đỏ sánh mịn hoặc cháo cá hồi cải bó xôi. Nấu chín nhừ, dễ tiêu hóa, không gây đầy bụng trước giờ đi ngủ.",Cho bé ăn tối trước giờ ngủ ít nhất 1.5 đến 2 tiếng mẹ nhé. Theo dõi Ăn dặm mẹ Dâu ngay!,"Thực đơn bữa tối ấm bụng giúp bé ngủ ngon sâu giấc cả đêm! 👉 Follow Ăn dặm mẹ Dâu!
#andammeDau #andam #thucdontoi #chaobochobe #mevabe","Món Cháo Tối Nhẹ Bụng Giúp Bé Ngủ Xuyên Đêm 🌙
Bữa tối không nên cho ăn quá no hoặc quá nhiều đạm khó tiêu. Mẹ tham khảo công thức trong video nhé.
Lưu lại và follow @andammeDau ngay!
#andammeDau #andam #monngonchobe #chamsoccon","Thực đơn cháo tối ấm bụng cho bé ngủ sâu giấc | Ăn dặm mẹ Dâu #Shorts
#Shorts #andammeDau #thucdonandam"
23,8,20:00 - Bổ sung Vi chất,Vi chất chuẩn RNI,Bổ Sung Vi Chất Đúng Liều #23,"Uống D3K2, Sắt, Canxi thế nào để hấp thu 100% mà không bị nóng trong hay táo bón?","Quy tắc: D3K2 uống buổi sáng cùng chất béo. Sắt uống lúc bụng đói cách xa cữ sữa. Canxi chỉ uống sáng hoặc trưa, không uống tối. Kẽm uống sau ăn 30 phút.",Đúng thời điểm và đúng liều lượng là chìa khóa phát triển chiều cao. Theo dõi Ăn dặm mẹ Dâu ngay!,"Thời điểm vàng bổ sung vi chất cho bé phát triển chiều cao vượt trội! 👉 Follow Ăn dặm mẹ Dâu!
#andammeDau #andam #d3k2 #bosungcanxi #vichatchobe","Thời Điểm Vàng Bổ Sung Vitamin D3K2, Sắt, Canxi Cho Bé 💊
Uống sai thời điểm không những không hấp thu mà còn gây lắng đọng thận. Mẹ xem kỹ hướng dẫn nhé.
Follow @andammeDau ngay hôm nay!
#andammeDau #andam #nuoiconkhoahoc #suckhoebe","Bảng thời điểm vàng bổ sung vi chất cho trẻ nhỏ | Ăn dặm mẹ Dâu #Shorts
#Shorts #andammeDau #vichatchobe"
23,9,21:00 - Bảo quản & Dụng cụ,Bảo quản & Dụng cụ,Mẹo Trữ Đông Thực Phẩm Ngày 23,Bảo quản đồ ăn dặm sai cách khiến vi khuẩn sinh sôi gấp 10 lần! Mẹ xem ngay quy tắc an toàn.,Lưu ý: Thức ăn nấu xong để nguội chia khay trữ đông ngay. Ngăn mát dùng trong 24 đến 48 giờ. Ngăn đông dùng trong 2 tuần. Tuyệt đối không tái cấp đông đồ đã rã đông.,Vệ sinh an toàn là nền tảng cho sức khỏe của con. Bấm theo dõi Ăn dặm mẹ Dâu ngay!,"Quy tắc cấp đông và rã đông đồ ăn dặm chuẩn vi sinh giữ trọn 95% vitamin! 👉 Follow Ăn dặm mẹ Dâu!
#andammeDau #andam #capdongdoandam #meovatmebim #chamsoccon","Quy Tắc Cấp Đông Đồ Ăn Dặm Chuẩn Y Khoa ❄️
Mẹ đi làm bận rộn hoàn toàn có thể nấu sẵn trữ đông nếu tuân thủ đúng 3 bước trong video này.
Lưu lại và follow @andammeDau ngay!
#andammeDau #andam #mebim #nuoiconkhoahoc","Quy tắc bảo quản và rã đông đồ ăn dặm chuẩn an toàn | Ăn dặm mẹ Dâu #Shorts
#Shorts #andammeDau #capdongdoandam"
23,10,22:00 - Tâm lý bàn ăn,Tâm lý & Chữa lành,Nuôi Con Không Phải Cuộc Chiến #23,Mỗi bữa ăn của con là niềm vui hay đang là một cuộc chiến căng thẳng trong gia đình mẹ?,"Thông điệp: Bố mẹ quyết định con ăn gì và ở đâu; Con quyết định con ăn bao nhiêu. Tôn trọng nhu cầu của con, không ép ăn, không so sánh cân nặng với con nhà người ta.",Một em bé vui vẻ ăn ngoan là đích đến hạnh phúc nhất. Ăn dặm mẹ Dâu luôn đồng hành cùng mẹ!,"Nuôi con là hạnh phúc, đừng biến bữa ăn thành cuộc chiến mẹ ơi! 👉 Follow Ăn dặm mẹ Dâu để tìm lại niềm vui chăm con nhé!
#andammeDau #andam #nuoiconkhongphailacuocchien #tamlymebim #mevabe","Thông Điệp Yêu Thương Gửi Mẹ Bỉm Sữa Cuối Ngày ❤️
Mỗi em bé là một cá thể độc lập với tốc độ lớn riêng. Mẹ đang làm rất tốt rồi, hãy ôm con thật chặt tối nay nhé.
Follow @andammeDau để cùng nhau nuôi con nhàn tênh!
#andammeDau #andam #chamsoccon #nuoiconkhoahoc","Nuôi con không phải là cuộc chiến | Ăn dặm mẹ Dâu #Shorts
#Shorts #andammeDau #nuoiconkhoahoc"
24,1,06:30 - Món chính sáng,Thực đơn chính,Cháo Dinh Dưỡng Ngày 24 Cho Bé,Sáng nay nấu gì cho con nhanh mà đủ 4 nhóm chất? Mẹ nấu ngay món cháo ngày 24 này nhé.,Bước 1: Nấu cháo trắng tỷ lệ phù hợp tháng tuổi. Bước 2: Thêm đạm tươi băm nhuyễn mịn. Bước 3: Cho rau củ thái nhỏ nấu chín mềm. Bước 4: Tắt bếp và thêm 5ml dầu ăn dặm.,Lưu lại thực đơn ngày hôm nay và theo dõi Ăn dặm mẹ Dâu để xem món tiếp theo!,"Gợi ý bữa sáng dinh dưỡng ngày 24 cho bé ăn dặm ngon miệng! 👉 Follow Ăn dặm mẹ Dâu ngay!
#andammeDau #andam #thucdonandam #monngonchobe #mevabe","Thực Đơn Bữa Sáng Ngày 24 Đủ 4 Nhóm Chất 🥣
Bữa sáng cung cấp năng lượng cho cả ngày hoạt động của bé. Mẹ tham khảo ngay công thức trong video nhé.
Follow @andammeDau để nhận thực đơn mỗi ngày!
#andammeDau #andam #nuoiconkhoahoc #chamsoccon","Món cháo dinh dưỡng bữa sáng ngày 24 cho bé | Ăn dặm mẹ Dâu #Shorts
#Shorts #andammeDau #andam"
24,2,08:30 - Check nhanh thực phẩm,Check thực phẩm 15s,Bé Mấy Tháng Ăn Được Món Này?,Bé mấy tháng thì bắt đầu ăn được nguyên liệu này? Xem ngay 15 giây để không cho con ăn sai thời điểm!,"Nguyên tắc: Rau củ ngọt từ 6 tháng, thịt đỏ từ 7 tháng, tôm cá từ 8 tháng, lòng trắng trứng sau 9 tháng, hải sản vỏ cứng sau 10 tháng và sữa tươi sau 1 tuổi.",Mẹ đang phân vân món nào hãy để lại bình luận phía dưới nhé. Follow Ăn dặm mẹ Dâu ngay!,"Check nhanh thời điểm ăn an toàn cho bé! Tránh cho con ăn quá sớm hại dạ dày nhé! 👉 Follow Ăn dặm mẹ Dâu!
#andammeDau #andam #checkthucpham #mebimthongthai #chamsoccon","Bé Mấy Tháng Ăn Được Món Này? Check Nhanh Cùng Mẹ Dâu ⏱️
Cho bé ăn đúng độ tuổi giúp phòng ngừa dị ứng và bảo vệ hệ tiêu hóa non nớt.
Follow @andammeDau để tra cứu thực phẩm mỗi ngày!
#andammeDau #andam #suckhoebe #nuoiconkhoahoc","Check nhanh độ tuổi ăn dặm an toàn cho bé | Ăn dặm mẹ Dâu #Shorts
#Shorts #andammeDau #checkthucpham"
24,3,10:30 - Kỹ năng tăng thô,Kỹ năng & Tăng thô,Mẹo Tăng Thô An Toàn Ngày 24,Bé lười nhai hay nôn trớ khi tăng thô? Mẹ áp dụng ngay kỹ thuật tập cơ hàm này.,Kỹ thuật 1: Giảm tỷ lệ nước trong cháo từ từ. Kỹ thuật 2: Hấp rau củ mềm dạng que cho bé tự cầm cắn bằng nướu. Kỹ thuật 3: Kiên nhẫn giới thiệu món mới ít nhất 5 đến 7 lần.,Tăng thô đúng cách giúp con phát triển ngôn ngữ và cơ hàm tốt hơn. Theo dõi Ăn dặm mẹ Dâu ngay!,"Mẹo tăng độ thô an toàn cho bé không lo nôn trớ! Tập nhai chuẩn khoa học! 👉 Follow Ăn dặm mẹ Dâu!
#andammeDau #andam #tangdotho #tapnhai #blwvietnam","Kỹ Thuật Tăng Thô Không Nôn Trớ Cho Bé Ăn Dặm 👶
Cửa sổ vàng tập nhai là 7-9 tháng, đừng xay nhuyễn quá lâu mẹ nhé.
Lưu lại và follow @andammeDau ngay!
#andammeDau #andam #chamsoccon #nuoiconkhoahoc","Mẹo tăng độ thô và tập nhai an toàn cho bé | Ăn dặm mẹ Dâu #Shorts
#Shorts #andammeDau #tangdotho"
24,4,12:00 - Giải mã lầm tưởng,Khoa học & Lầm tưởng,Giải Mã Lầm Tưởng Ăn Dặm #24,Những quan niệm truyền miệng sai lầm khi nấu ăn dặm đang làm hại sức khỏe của bé!,Sự thật y khoa: Không nêm mắm muối dưới 1 tuổi; Không ninh xương lấy nước thay thịt; Không rơ lưỡi bằng mật ong; Không ép ăn khi con đã quay đầu.,Nuôi con bằng tri thức và tình yêu thương mẹ nhé. Theo dõi Ăn dặm mẹ Dâu để cập nhật kiến thức chuẩn!,"Giải mã lầm tưởng kinh điển khi nuôi con ăn dặm! Mẹ bỉm thông thái nhất định phải biết! 👉 Follow Ăn dặm mẹ Dâu!
#andammeDau #andam #khoahocandam #lamtuongandam #mevabe","Sự Thật Y Khoa: Những Lầm Tưởng Khi Cho Bé Ăn Dặm 🚫
Hãy từ bỏ những thói quen truyền miệng thiếu khoa học để bảo vệ con yêu.
Follow @andammeDau ngay hôm nay!
#andammeDau #andam #nuoiconkhoahoc #mebimthongthai","Giải mã lầm tưởng tai hại khi cho bé ăn dặm | Ăn dặm mẹ Dâu #Shorts
#Shorts #andammeDau #khoahocandam"
24,5,14:30 - Bữa phụ & Bánh,Bữa phụ dinh dưỡng,Món Bánh Ăn Dặm Ngày 24,"Bữa phụ chiều thơm lừng cho bé mà không cần lò nướng, làm trong 10 phút!","Nguyên liệu: Chuối tiêu chín, yến mạch cán dẹt và lòng đỏ trứng gà. Cách làm: Xay mịn hỗn hợp, áp chảo lửa nhỏ 3 phút mỗi mặt cho bánh vàng ruộm mềm xốp.",Bánh ngọt tự nhiên bé cầm ăn cực thích. Bấm theo dõi Ăn dặm mẹ Dâu để xem thêm nhiều món bánh ngon!,"Công thức bánh ăn dặm thơm ngon cho bữa phụ chiều của bé! Siêu dễ làm tại nhà! 👉 Follow Ăn dặm mẹ Dâu!
#andammeDau #andam #banhandam #buaphuchobe #monngonchobe","Bánh Ăn Dặm Bữa Phụ Cho Bé Siêu Dễ Làm 🥞
Bữa phụ cách bữa chính 2 tiếng giúp bổ sung năng lượng mà không làm đầy bụng.
Lưu lại và follow @andammeDau ngay!
#andammeDau #andam #buaphu #chamsoccon","Cách làm bánh ăn dặm bữa phụ nhanh gọn cho bé | Ăn dặm mẹ Dâu #Shorts
#Shorts #andammeDau #banhandam"
24,6,16:30 - Tiêu hóa & Biếng ăn,Tiêu hóa SOS,Cứu Cánh Tiêu Hóa Cho Bé #24,"Bé bị táo bón, phân sống hoặc đột ngột biếng ăn? Mẹ xử lý ngay theo hướng dẫn này.","Bước 1: Bổ sung chất xơ hòa tan từ mồng tơi, khoai lang, thanh long đỏ. Bước 2: Massage bụng theo chiều kim đồng hồ 5 phút mỗi ngày. Bước 3: Cho uống đủ nước và duy trì cữ sữa chuẩn.",Hệ tiêu hóa khỏe thì con mới tăng cân đều đặn mẹ nhé. Theo dõi Ăn dặm mẹ Dâu ngay!,"Giải cứu bé bị táo bón, khó tiêu cực nhanh! Mẹo dân gian kết hợp khoa học! 👉 Follow Ăn dặm mẹ Dâu!
#andammeDau #andam #taobon #tieuhoakhoe #mevabe","Xử Lý Táo Bón Và Rối Loạn Tiêu Hóa Ở Trẻ Ăn Dặm 🚼
Đừng vội thụt tháo, hãy điều chỉnh từ chế độ ăn giàu chất xơ và massage bụng cho bé nhé.
Follow @andammeDau để xem chi tiết!
#andammeDau #andam #suckhoebe #chamsoccon","Mẹo trị táo bón và ổn định tiêu hóa cho bé ăn dặm | Ăn dặm mẹ Dâu #Shorts
#Shorts #andammeDau #taobon"
24,7,18:30 - Món chính tối,Thực đơn tối,Món Cháo Tối Ấm Bụng Ngày 24,"Bữa tối nhẹ nhàng, ấm bụng giúp bé no lâu và ngủ xuyên đêm không quấy khóc.","Gợi ý: Súp gà hạt sen bí đỏ sánh mịn hoặc cháo cá hồi cải bó xôi. Nấu chín nhừ, dễ tiêu hóa, không gây đầy bụng trước giờ đi ngủ.",Cho bé ăn tối trước giờ ngủ ít nhất 1.5 đến 2 tiếng mẹ nhé. Theo dõi Ăn dặm mẹ Dâu ngay!,"Thực đơn bữa tối ấm bụng giúp bé ngủ ngon sâu giấc cả đêm! 👉 Follow Ăn dặm mẹ Dâu!
#andammeDau #andam #thucdontoi #chaobochobe #mevabe","Món Cháo Tối Nhẹ Bụng Giúp Bé Ngủ Xuyên Đêm 🌙
Bữa tối không nên cho ăn quá no hoặc quá nhiều đạm khó tiêu. Mẹ tham khảo công thức trong video nhé.
Lưu lại và follow @andammeDau ngay!
#andammeDau #andam #monngonchobe #chamsoccon","Thực đơn cháo tối ấm bụng cho bé ngủ sâu giấc | Ăn dặm mẹ Dâu #Shorts
#Shorts #andammeDau #thucdonandam"
24,8,20:00 - Bổ sung Vi chất,Vi chất chuẩn RNI,Bổ Sung Vi Chất Đúng Liều #24,"Uống D3K2, Sắt, Canxi thế nào để hấp thu 100% mà không bị nóng trong hay táo bón?","Quy tắc: D3K2 uống buổi sáng cùng chất béo. Sắt uống lúc bụng đói cách xa cữ sữa. Canxi chỉ uống sáng hoặc trưa, không uống tối. Kẽm uống sau ăn 30 phút.",Đúng thời điểm và đúng liều lượng là chìa khóa phát triển chiều cao. Theo dõi Ăn dặm mẹ Dâu ngay!,"Thời điểm vàng bổ sung vi chất cho bé phát triển chiều cao vượt trội! 👉 Follow Ăn dặm mẹ Dâu!
#andammeDau #andam #d3k2 #bosungcanxi #vichatchobe","Thời Điểm Vàng Bổ Sung Vitamin D3K2, Sắt, Canxi Cho Bé 💊
Uống sai thời điểm không những không hấp thu mà còn gây lắng đọng thận. Mẹ xem kỹ hướng dẫn nhé.
Follow @andammeDau ngay hôm nay!
#andammeDau #andam #nuoiconkhoahoc #suckhoebe","Bảng thời điểm vàng bổ sung vi chất cho trẻ nhỏ | Ăn dặm mẹ Dâu #Shorts
#Shorts #andammeDau #vichatchobe"
24,9,21:00 - Bảo quản & Dụng cụ,Bảo quản & Dụng cụ,Mẹo Trữ Đông Thực Phẩm Ngày 24,Bảo quản đồ ăn dặm sai cách khiến vi khuẩn sinh sôi gấp 10 lần! Mẹ xem ngay quy tắc an toàn.,Lưu ý: Thức ăn nấu xong để nguội chia khay trữ đông ngay. Ngăn mát dùng trong 24 đến 48 giờ. Ngăn đông dùng trong 2 tuần. Tuyệt đối không tái cấp đông đồ đã rã đông.,Vệ sinh an toàn là nền tảng cho sức khỏe của con. Bấm theo dõi Ăn dặm mẹ Dâu ngay!,"Quy tắc cấp đông và rã đông đồ ăn dặm chuẩn vi sinh giữ trọn 95% vitamin! 👉 Follow Ăn dặm mẹ Dâu!
#andammeDau #andam #capdongdoandam #meovatmebim #chamsoccon","Quy Tắc Cấp Đông Đồ Ăn Dặm Chuẩn Y Khoa ❄️
Mẹ đi làm bận rộn hoàn toàn có thể nấu sẵn trữ đông nếu tuân thủ đúng 3 bước trong video này.
Lưu lại và follow @andammeDau ngay!
#andammeDau #andam #mebim #nuoiconkhoahoc","Quy tắc bảo quản và rã đông đồ ăn dặm chuẩn an toàn | Ăn dặm mẹ Dâu #Shorts
#Shorts #andammeDau #capdongdoandam"
24,10,22:00 - Tâm lý bàn ăn,Tâm lý & Chữa lành,Nuôi Con Không Phải Cuộc Chiến #24,Mỗi bữa ăn của con là niềm vui hay đang là một cuộc chiến căng thẳng trong gia đình mẹ?,"Thông điệp: Bố mẹ quyết định con ăn gì và ở đâu; Con quyết định con ăn bao nhiêu. Tôn trọng nhu cầu của con, không ép ăn, không so sánh cân nặng với con nhà người ta.",Một em bé vui vẻ ăn ngoan là đích đến hạnh phúc nhất. Ăn dặm mẹ Dâu luôn đồng hành cùng mẹ!,"Nuôi con là hạnh phúc, đừng biến bữa ăn thành cuộc chiến mẹ ơi! 👉 Follow Ăn dặm mẹ Dâu để tìm lại niềm vui chăm con nhé!
#andammeDau #andam #nuoiconkhongphailacuocchien #tamlymebim #mevabe","Thông Điệp Yêu Thương Gửi Mẹ Bỉm Sữa Cuối Ngày ❤️
Mỗi em bé là một cá thể độc lập với tốc độ lớn riêng. Mẹ đang làm rất tốt rồi, hãy ôm con thật chặt tối nay nhé.
Follow @andammeDau để cùng nhau nuôi con nhàn tênh!
#andammeDau #andam #chamsoccon #nuoiconkhoahoc","Nuôi con không phải là cuộc chiến | Ăn dặm mẹ Dâu #Shorts
#Shorts #andammeDau #nuoiconkhoahoc"
25,1,06:30 - Món chính sáng,Thực đơn chính,Cháo Dinh Dưỡng Ngày 25 Cho Bé,Sáng nay nấu gì cho con nhanh mà đủ 4 nhóm chất? Mẹ nấu ngay món cháo ngày 25 này nhé.,Bước 1: Nấu cháo trắng tỷ lệ phù hợp tháng tuổi. Bước 2: Thêm đạm tươi băm nhuyễn mịn. Bước 3: Cho rau củ thái nhỏ nấu chín mềm. Bước 4: Tắt bếp và thêm 5ml dầu ăn dặm.,Lưu lại thực đơn ngày hôm nay và theo dõi Ăn dặm mẹ Dâu để xem món tiếp theo!,"Gợi ý bữa sáng dinh dưỡng ngày 25 cho bé ăn dặm ngon miệng! 👉 Follow Ăn dặm mẹ Dâu ngay!
#andammeDau #andam #thucdonandam #monngonchobe #mevabe","Thực Đơn Bữa Sáng Ngày 25 Đủ 4 Nhóm Chất 🥣
Bữa sáng cung cấp năng lượng cho cả ngày hoạt động của bé. Mẹ tham khảo ngay công thức trong video nhé.
Follow @andammeDau để nhận thực đơn mỗi ngày!
#andammeDau #andam #nuoiconkhoahoc #chamsoccon","Món cháo dinh dưỡng bữa sáng ngày 25 cho bé | Ăn dặm mẹ Dâu #Shorts
#Shorts #andammeDau #andam"
25,2,08:30 - Check nhanh thực phẩm,Check thực phẩm 15s,Bé Mấy Tháng Ăn Được Món Này?,Bé mấy tháng thì bắt đầu ăn được nguyên liệu này? Xem ngay 15 giây để không cho con ăn sai thời điểm!,"Nguyên tắc: Rau củ ngọt từ 6 tháng, thịt đỏ từ 7 tháng, tôm cá từ 8 tháng, lòng trắng trứng sau 9 tháng, hải sản vỏ cứng sau 10 tháng và sữa tươi sau 1 tuổi.",Mẹ đang phân vân món nào hãy để lại bình luận phía dưới nhé. Follow Ăn dặm mẹ Dâu ngay!,"Check nhanh thời điểm ăn an toàn cho bé! Tránh cho con ăn quá sớm hại dạ dày nhé! 👉 Follow Ăn dặm mẹ Dâu!
#andammeDau #andam #checkthucpham #mebimthongthai #chamsoccon","Bé Mấy Tháng Ăn Được Món Này? Check Nhanh Cùng Mẹ Dâu ⏱️
Cho bé ăn đúng độ tuổi giúp phòng ngừa dị ứng và bảo vệ hệ tiêu hóa non nớt.
Follow @andammeDau để tra cứu thực phẩm mỗi ngày!
#andammeDau #andam #suckhoebe #nuoiconkhoahoc","Check nhanh độ tuổi ăn dặm an toàn cho bé | Ăn dặm mẹ Dâu #Shorts
#Shorts #andammeDau #checkthucpham"
25,3,10:30 - Kỹ năng tăng thô,Kỹ năng & Tăng thô,Mẹo Tăng Thô An Toàn Ngày 25,Bé lười nhai hay nôn trớ khi tăng thô? Mẹ áp dụng ngay kỹ thuật tập cơ hàm này.,Kỹ thuật 1: Giảm tỷ lệ nước trong cháo từ từ. Kỹ thuật 2: Hấp rau củ mềm dạng que cho bé tự cầm cắn bằng nướu. Kỹ thuật 3: Kiên nhẫn giới thiệu món mới ít nhất 5 đến 7 lần.,Tăng thô đúng cách giúp con phát triển ngôn ngữ và cơ hàm tốt hơn. Theo dõi Ăn dặm mẹ Dâu ngay!,"Mẹo tăng độ thô an toàn cho bé không lo nôn trớ! Tập nhai chuẩn khoa học! 👉 Follow Ăn dặm mẹ Dâu!
#andammeDau #andam #tangdotho #tapnhai #blwvietnam","Kỹ Thuật Tăng Thô Không Nôn Trớ Cho Bé Ăn Dặm 👶
Cửa sổ vàng tập nhai là 7-9 tháng, đừng xay nhuyễn quá lâu mẹ nhé.
Lưu lại và follow @andammeDau ngay!
#andammeDau #andam #chamsoccon #nuoiconkhoahoc","Mẹo tăng độ thô và tập nhai an toàn cho bé | Ăn dặm mẹ Dâu #Shorts
#Shorts #andammeDau #tangdotho"
25,4,12:00 - Giải mã lầm tưởng,Khoa học & Lầm tưởng,Giải Mã Lầm Tưởng Ăn Dặm #25,Những quan niệm truyền miệng sai lầm khi nấu ăn dặm đang làm hại sức khỏe của bé!,Sự thật y khoa: Không nêm mắm muối dưới 1 tuổi; Không ninh xương lấy nước thay thịt; Không rơ lưỡi bằng mật ong; Không ép ăn khi con đã quay đầu.,Nuôi con bằng tri thức và tình yêu thương mẹ nhé. Theo dõi Ăn dặm mẹ Dâu để cập nhật kiến thức chuẩn!,"Giải mã lầm tưởng kinh điển khi nuôi con ăn dặm! Mẹ bỉm thông thái nhất định phải biết! 👉 Follow Ăn dặm mẹ Dâu!
#andammeDau #andam #khoahocandam #lamtuongandam #mevabe","Sự Thật Y Khoa: Những Lầm Tưởng Khi Cho Bé Ăn Dặm 🚫
Hãy từ bỏ những thói quen truyền miệng thiếu khoa học để bảo vệ con yêu.
Follow @andammeDau ngay hôm nay!
#andammeDau #andam #nuoiconkhoahoc #mebimthongthai","Giải mã lầm tưởng tai hại khi cho bé ăn dặm | Ăn dặm mẹ Dâu #Shorts
#Shorts #andammeDau #khoahocandam"
25,5,14:30 - Bữa phụ & Bánh,Bữa phụ dinh dưỡng,Món Bánh Ăn Dặm Ngày 25,"Bữa phụ chiều thơm lừng cho bé mà không cần lò nướng, làm trong 10 phút!","Nguyên liệu: Chuối tiêu chín, yến mạch cán dẹt và lòng đỏ trứng gà. Cách làm: Xay mịn hỗn hợp, áp chảo lửa nhỏ 3 phút mỗi mặt cho bánh vàng ruộm mềm xốp.",Bánh ngọt tự nhiên bé cầm ăn cực thích. Bấm theo dõi Ăn dặm mẹ Dâu để xem thêm nhiều món bánh ngon!,"Công thức bánh ăn dặm thơm ngon cho bữa phụ chiều của bé! Siêu dễ làm tại nhà! 👉 Follow Ăn dặm mẹ Dâu!
#andammeDau #andam #banhandam #buaphuchobe #monngonchobe","Bánh Ăn Dặm Bữa Phụ Cho Bé Siêu Dễ Làm 🥞
Bữa phụ cách bữa chính 2 tiếng giúp bổ sung năng lượng mà không làm đầy bụng.
Lưu lại và follow @andammeDau ngay!
#andammeDau #andam #buaphu #chamsoccon","Cách làm bánh ăn dặm bữa phụ nhanh gọn cho bé | Ăn dặm mẹ Dâu #Shorts
#Shorts #andammeDau #banhandam"
25,6,16:30 - Tiêu hóa & Biếng ăn,Tiêu hóa SOS,Cứu Cánh Tiêu Hóa Cho Bé #25,"Bé bị táo bón, phân sống hoặc đột ngột biếng ăn? Mẹ xử lý ngay theo hướng dẫn này.","Bước 1: Bổ sung chất xơ hòa tan từ mồng tơi, khoai lang, thanh long đỏ. Bước 2: Massage bụng theo chiều kim đồng hồ 5 phút mỗi ngày. Bước 3: Cho uống đủ nước và duy trì cữ sữa chuẩn.",Hệ tiêu hóa khỏe thì con mới tăng cân đều đặn mẹ nhé. Theo dõi Ăn dặm mẹ Dâu ngay!,"Giải cứu bé bị táo bón, khó tiêu cực nhanh! Mẹo dân gian kết hợp khoa học! 👉 Follow Ăn dặm mẹ Dâu!
#andammeDau #andam #taobon #tieuhoakhoe #mevabe","Xử Lý Táo Bón Và Rối Loạn Tiêu Hóa Ở Trẻ Ăn Dặm 🚼
Đừng vội thụt tháo, hãy điều chỉnh từ chế độ ăn giàu chất xơ và massage bụng cho bé nhé.
Follow @andammeDau để xem chi tiết!
#andammeDau #andam #suckhoebe #chamsoccon","Mẹo trị táo bón và ổn định tiêu hóa cho bé ăn dặm | Ăn dặm mẹ Dâu #Shorts
#Shorts #andammeDau #taobon"
25,7,18:30 - Món chính tối,Thực đơn tối,Món Cháo Tối Ấm Bụng Ngày 25,"Bữa tối nhẹ nhàng, ấm bụng giúp bé no lâu và ngủ xuyên đêm không quấy khóc.","Gợi ý: Súp gà hạt sen bí đỏ sánh mịn hoặc cháo cá hồi cải bó xôi. Nấu chín nhừ, dễ tiêu hóa, không gây đầy bụng trước giờ đi ngủ.",Cho bé ăn tối trước giờ ngủ ít nhất 1.5 đến 2 tiếng mẹ nhé. Theo dõi Ăn dặm mẹ Dâu ngay!,"Thực đơn bữa tối ấm bụng giúp bé ngủ ngon sâu giấc cả đêm! 👉 Follow Ăn dặm mẹ Dâu!
#andammeDau #andam #thucdontoi #chaobochobe #mevabe","Món Cháo Tối Nhẹ Bụng Giúp Bé Ngủ Xuyên Đêm 🌙
Bữa tối không nên cho ăn quá no hoặc quá nhiều đạm khó tiêu. Mẹ tham khảo công thức trong video nhé.
Lưu lại và follow @andammeDau ngay!
#andammeDau #andam #monngonchobe #chamsoccon","Thực đơn cháo tối ấm bụng cho bé ngủ sâu giấc | Ăn dặm mẹ Dâu #Shorts
#Shorts #andammeDau #thucdonandam"
25,8,20:00 - Bổ sung Vi chất,Vi chất chuẩn RNI,Bổ Sung Vi Chất Đúng Liều #25,"Uống D3K2, Sắt, Canxi thế nào để hấp thu 100% mà không bị nóng trong hay táo bón?","Quy tắc: D3K2 uống buổi sáng cùng chất béo. Sắt uống lúc bụng đói cách xa cữ sữa. Canxi chỉ uống sáng hoặc trưa, không uống tối. Kẽm uống sau ăn 30 phút.",Đúng thời điểm và đúng liều lượng là chìa khóa phát triển chiều cao. Theo dõi Ăn dặm mẹ Dâu ngay!,"Thời điểm vàng bổ sung vi chất cho bé phát triển chiều cao vượt trội! 👉 Follow Ăn dặm mẹ Dâu!
#andammeDau #andam #d3k2 #bosungcanxi #vichatchobe","Thời Điểm Vàng Bổ Sung Vitamin D3K2, Sắt, Canxi Cho Bé 💊
Uống sai thời điểm không những không hấp thu mà còn gây lắng đọng thận. Mẹ xem kỹ hướng dẫn nhé.
Follow @andammeDau ngay hôm nay!
#andammeDau #andam #nuoiconkhoahoc #suckhoebe","Bảng thời điểm vàng bổ sung vi chất cho trẻ nhỏ | Ăn dặm mẹ Dâu #Shorts
#Shorts #andammeDau #vichatchobe"
25,9,21:00 - Bảo quản & Dụng cụ,Bảo quản & Dụng cụ,Mẹo Trữ Đông Thực Phẩm Ngày 25,Bảo quản đồ ăn dặm sai cách khiến vi khuẩn sinh sôi gấp 10 lần! Mẹ xem ngay quy tắc an toàn.,Lưu ý: Thức ăn nấu xong để nguội chia khay trữ đông ngay. Ngăn mát dùng trong 24 đến 48 giờ. Ngăn đông dùng trong 2 tuần. Tuyệt đối không tái cấp đông đồ đã rã đông.,Vệ sinh an toàn là nền tảng cho sức khỏe của con. Bấm theo dõi Ăn dặm mẹ Dâu ngay!,"Quy tắc cấp đông và rã đông đồ ăn dặm chuẩn vi sinh giữ trọn 95% vitamin! 👉 Follow Ăn dặm mẹ Dâu!
#andammeDau #andam #capdongdoandam #meovatmebim #chamsoccon","Quy Tắc Cấp Đông Đồ Ăn Dặm Chuẩn Y Khoa ❄️
Mẹ đi làm bận rộn hoàn toàn có thể nấu sẵn trữ đông nếu tuân thủ đúng 3 bước trong video này.
Lưu lại và follow @andammeDau ngay!
#andammeDau #andam #mebim #nuoiconkhoahoc","Quy tắc bảo quản và rã đông đồ ăn dặm chuẩn an toàn | Ăn dặm mẹ Dâu #Shorts
#Shorts #andammeDau #capdongdoandam"
25,10,22:00 - Tâm lý bàn ăn,Tâm lý & Chữa lành,Nuôi Con Không Phải Cuộc Chiến #25,Mỗi bữa ăn của con là niềm vui hay đang là một cuộc chiến căng thẳng trong gia đình mẹ?,"Thông điệp: Bố mẹ quyết định con ăn gì và ở đâu; Con quyết định con ăn bao nhiêu. Tôn trọng nhu cầu của con, không ép ăn, không so sánh cân nặng với con nhà người ta.",Một em bé vui vẻ ăn ngoan là đích đến hạnh phúc nhất. Ăn dặm mẹ Dâu luôn đồng hành cùng mẹ!,"Nuôi con là hạnh phúc, đừng biến bữa ăn thành cuộc chiến mẹ ơi! 👉 Follow Ăn dặm mẹ Dâu để tìm lại niềm vui chăm con nhé!
#andammeDau #andam #nuoiconkhongphailacuocchien #tamlymebim #mevabe","Thông Điệp Yêu Thương Gửi Mẹ Bỉm Sữa Cuối Ngày ❤️
Mỗi em bé là một cá thể độc lập với tốc độ lớn riêng. Mẹ đang làm rất tốt rồi, hãy ôm con thật chặt tối nay nhé.
Follow @andammeDau để cùng nhau nuôi con nhàn tênh!
#andammeDau #andam #chamsoccon #nuoiconkhoahoc","Nuôi con không phải là cuộc chiến | Ăn dặm mẹ Dâu #Shorts
#Shorts #andammeDau #nuoiconkhoahoc"
26,1,06:30 - Món chính sáng,Thực đơn chính,Cháo Dinh Dưỡng Ngày 26 Cho Bé,Sáng nay nấu gì cho con nhanh mà đủ 4 nhóm chất? Mẹ nấu ngay món cháo ngày 26 này nhé.,Bước 1: Nấu cháo trắng tỷ lệ phù hợp tháng tuổi. Bước 2: Thêm đạm tươi băm nhuyễn mịn. Bước 3: Cho rau củ thái nhỏ nấu chín mềm. Bước 4: Tắt bếp và thêm 5ml dầu ăn dặm.,Lưu lại thực đơn ngày hôm nay và theo dõi Ăn dặm mẹ Dâu để xem món tiếp theo!,"Gợi ý bữa sáng dinh dưỡng ngày 26 cho bé ăn dặm ngon miệng! 👉 Follow Ăn dặm mẹ Dâu ngay!
#andammeDau #andam #thucdonandam #monngonchobe #mevabe","Thực Đơn Bữa Sáng Ngày 26 Đủ 4 Nhóm Chất 🥣
Bữa sáng cung cấp năng lượng cho cả ngày hoạt động của bé. Mẹ tham khảo ngay công thức trong video nhé.
Follow @andammeDau để nhận thực đơn mỗi ngày!
#andammeDau #andam #nuoiconkhoahoc #chamsoccon","Món cháo dinh dưỡng bữa sáng ngày 26 cho bé | Ăn dặm mẹ Dâu #Shorts
#Shorts #andammeDau #andam"
26,2,08:30 - Check nhanh thực phẩm,Check thực phẩm 15s,Bé Mấy Tháng Ăn Được Món Này?,Bé mấy tháng thì bắt đầu ăn được nguyên liệu này? Xem ngay 15 giây để không cho con ăn sai thời điểm!,"Nguyên tắc: Rau củ ngọt từ 6 tháng, thịt đỏ từ 7 tháng, tôm cá từ 8 tháng, lòng trắng trứng sau 9 tháng, hải sản vỏ cứng sau 10 tháng và sữa tươi sau 1 tuổi.",Mẹ đang phân vân món nào hãy để lại bình luận phía dưới nhé. Follow Ăn dặm mẹ Dâu ngay!,"Check nhanh thời điểm ăn an toàn cho bé! Tránh cho con ăn quá sớm hại dạ dày nhé! 👉 Follow Ăn dặm mẹ Dâu!
#andammeDau #andam #checkthucpham #mebimthongthai #chamsoccon","Bé Mấy Tháng Ăn Được Món Này? Check Nhanh Cùng Mẹ Dâu ⏱️
Cho bé ăn đúng độ tuổi giúp phòng ngừa dị ứng và bảo vệ hệ tiêu hóa non nớt.
Follow @andammeDau để tra cứu thực phẩm mỗi ngày!
#andammeDau #andam #suckhoebe #nuoiconkhoahoc","Check nhanh độ tuổi ăn dặm an toàn cho bé | Ăn dặm mẹ Dâu #Shorts
#Shorts #andammeDau #checkthucpham"
26,3,10:30 - Kỹ năng tăng thô,Kỹ năng & Tăng thô,Mẹo Tăng Thô An Toàn Ngày 26,Bé lười nhai hay nôn trớ khi tăng thô? Mẹ áp dụng ngay kỹ thuật tập cơ hàm này.,Kỹ thuật 1: Giảm tỷ lệ nước trong cháo từ từ. Kỹ thuật 2: Hấp rau củ mềm dạng que cho bé tự cầm cắn bằng nướu. Kỹ thuật 3: Kiên nhẫn giới thiệu món mới ít nhất 5 đến 7 lần.,Tăng thô đúng cách giúp con phát triển ngôn ngữ và cơ hàm tốt hơn. Theo dõi Ăn dặm mẹ Dâu ngay!,"Mẹo tăng độ thô an toàn cho bé không lo nôn trớ! Tập nhai chuẩn khoa học! 👉 Follow Ăn dặm mẹ Dâu!
#andammeDau #andam #tangdotho #tapnhai #blwvietnam","Kỹ Thuật Tăng Thô Không Nôn Trớ Cho Bé Ăn Dặm 👶
Cửa sổ vàng tập nhai là 7-9 tháng, đừng xay nhuyễn quá lâu mẹ nhé.
Lưu lại và follow @andammeDau ngay!
#andammeDau #andam #chamsoccon #nuoiconkhoahoc","Mẹo tăng độ thô và tập nhai an toàn cho bé | Ăn dặm mẹ Dâu #Shorts
#Shorts #andammeDau #tangdotho"
26,4,12:00 - Giải mã lầm tưởng,Khoa học & Lầm tưởng,Giải Mã Lầm Tưởng Ăn Dặm #26,Những quan niệm truyền miệng sai lầm khi nấu ăn dặm đang làm hại sức khỏe của bé!,Sự thật y khoa: Không nêm mắm muối dưới 1 tuổi; Không ninh xương lấy nước thay thịt; Không rơ lưỡi bằng mật ong; Không ép ăn khi con đã quay đầu.,Nuôi con bằng tri thức và tình yêu thương mẹ nhé. Theo dõi Ăn dặm mẹ Dâu để cập nhật kiến thức chuẩn!,"Giải mã lầm tưởng kinh điển khi nuôi con ăn dặm! Mẹ bỉm thông thái nhất định phải biết! 👉 Follow Ăn dặm mẹ Dâu!
#andammeDau #andam #khoahocandam #lamtuongandam #mevabe","Sự Thật Y Khoa: Những Lầm Tưởng Khi Cho Bé Ăn Dặm 🚫
Hãy từ bỏ những thói quen truyền miệng thiếu khoa học để bảo vệ con yêu.
Follow @andammeDau ngay hôm nay!
#andammeDau #andam #nuoiconkhoahoc #mebimthongthai","Giải mã lầm tưởng tai hại khi cho bé ăn dặm | Ăn dặm mẹ Dâu #Shorts
#Shorts #andammeDau #khoahocandam"
26,5,14:30 - Bữa phụ & Bánh,Bữa phụ dinh dưỡng,Món Bánh Ăn Dặm Ngày 26,"Bữa phụ chiều thơm lừng cho bé mà không cần lò nướng, làm trong 10 phút!","Nguyên liệu: Chuối tiêu chín, yến mạch cán dẹt và lòng đỏ trứng gà. Cách làm: Xay mịn hỗn hợp, áp chảo lửa nhỏ 3 phút mỗi mặt cho bánh vàng ruộm mềm xốp.",Bánh ngọt tự nhiên bé cầm ăn cực thích. Bấm theo dõi Ăn dặm mẹ Dâu để xem thêm nhiều món bánh ngon!,"Công thức bánh ăn dặm thơm ngon cho bữa phụ chiều của bé! Siêu dễ làm tại nhà! 👉 Follow Ăn dặm mẹ Dâu!
#andammeDau #andam #banhandam #buaphuchobe #monngonchobe","Bánh Ăn Dặm Bữa Phụ Cho Bé Siêu Dễ Làm 🥞
Bữa phụ cách bữa chính 2 tiếng giúp bổ sung năng lượng mà không làm đầy bụng.
Lưu lại và follow @andammeDau ngay!
#andammeDau #andam #buaphu #chamsoccon","Cách làm bánh ăn dặm bữa phụ nhanh gọn cho bé | Ăn dặm mẹ Dâu #Shorts
#Shorts #andammeDau #banhandam"
26,6,16:30 - Tiêu hóa & Biếng ăn,Tiêu hóa SOS,Cứu Cánh Tiêu Hóa Cho Bé #26,"Bé bị táo bón, phân sống hoặc đột ngột biếng ăn? Mẹ xử lý ngay theo hướng dẫn này.","Bước 1: Bổ sung chất xơ hòa tan từ mồng tơi, khoai lang, thanh long đỏ. Bước 2: Massage bụng theo chiều kim đồng hồ 5 phút mỗi ngày. Bước 3: Cho uống đủ nước và duy trì cữ sữa chuẩn.",Hệ tiêu hóa khỏe thì con mới tăng cân đều đặn mẹ nhé. Theo dõi Ăn dặm mẹ Dâu ngay!,"Giải cứu bé bị táo bón, khó tiêu cực nhanh! Mẹo dân gian kết hợp khoa học! 👉 Follow Ăn dặm mẹ Dâu!
#andammeDau #andam #taobon #tieuhoakhoe #mevabe","Xử Lý Táo Bón Và Rối Loạn Tiêu Hóa Ở Trẻ Ăn Dặm 🚼
Đừng vội thụt tháo, hãy điều chỉnh từ chế độ ăn giàu chất xơ và massage bụng cho bé nhé.
Follow @andammeDau để xem chi tiết!
#andammeDau #andam #suckhoebe #chamsoccon","Mẹo trị táo bón và ổn định tiêu hóa cho bé ăn dặm | Ăn dặm mẹ Dâu #Shorts
#Shorts #andammeDau #taobon"
26,7,18:30 - Món chính tối,Thực đơn tối,Món Cháo Tối Ấm Bụng Ngày 26,"Bữa tối nhẹ nhàng, ấm bụng giúp bé no lâu và ngủ xuyên đêm không quấy khóc.","Gợi ý: Súp gà hạt sen bí đỏ sánh mịn hoặc cháo cá hồi cải bó xôi. Nấu chín nhừ, dễ tiêu hóa, không gây đầy bụng trước giờ đi ngủ.",Cho bé ăn tối trước giờ ngủ ít nhất 1.5 đến 2 tiếng mẹ nhé. Theo dõi Ăn dặm mẹ Dâu ngay!,"Thực đơn bữa tối ấm bụng giúp bé ngủ ngon sâu giấc cả đêm! 👉 Follow Ăn dặm mẹ Dâu!
#andammeDau #andam #thucdontoi #chaobochobe #mevabe","Món Cháo Tối Nhẹ Bụng Giúp Bé Ngủ Xuyên Đêm 🌙
Bữa tối không nên cho ăn quá no hoặc quá nhiều đạm khó tiêu. Mẹ tham khảo công thức trong video nhé.
Lưu lại và follow @andammeDau ngay!
#andammeDau #andam #monngonchobe #chamsoccon","Thực đơn cháo tối ấm bụng cho bé ngủ sâu giấc | Ăn dặm mẹ Dâu #Shorts
#Shorts #andammeDau #thucdonandam"
26,8,20:00 - Bổ sung Vi chất,Vi chất chuẩn RNI,Bổ Sung Vi Chất Đúng Liều #26,"Uống D3K2, Sắt, Canxi thế nào để hấp thu 100% mà không bị nóng trong hay táo bón?","Quy tắc: D3K2 uống buổi sáng cùng chất béo. Sắt uống lúc bụng đói cách xa cữ sữa. Canxi chỉ uống sáng hoặc trưa, không uống tối. Kẽm uống sau ăn 30 phút.",Đúng thời điểm và đúng liều lượng là chìa khóa phát triển chiều cao. Theo dõi Ăn dặm mẹ Dâu ngay!,"Thời điểm vàng bổ sung vi chất cho bé phát triển chiều cao vượt trội! 👉 Follow Ăn dặm mẹ Dâu!
#andammeDau #andam #d3k2 #bosungcanxi #vichatchobe","Thời Điểm Vàng Bổ Sung Vitamin D3K2, Sắt, Canxi Cho Bé 💊
Uống sai thời điểm không những không hấp thu mà còn gây lắng đọng thận. Mẹ xem kỹ hướng dẫn nhé.
Follow @andammeDau ngay hôm nay!
#andammeDau #andam #nuoiconkhoahoc #suckhoebe","Bảng thời điểm vàng bổ sung vi chất cho trẻ nhỏ | Ăn dặm mẹ Dâu #Shorts
#Shorts #andammeDau #vichatchobe"
26,9,21:00 - Bảo quản & Dụng cụ,Bảo quản & Dụng cụ,Mẹo Trữ Đông Thực Phẩm Ngày 26,Bảo quản đồ ăn dặm sai cách khiến vi khuẩn sinh sôi gấp 10 lần! Mẹ xem ngay quy tắc an toàn.,Lưu ý: Thức ăn nấu xong để nguội chia khay trữ đông ngay. Ngăn mát dùng trong 24 đến 48 giờ. Ngăn đông dùng trong 2 tuần. Tuyệt đối không tái cấp đông đồ đã rã đông.,Vệ sinh an toàn là nền tảng cho sức khỏe của con. Bấm theo dõi Ăn dặm mẹ Dâu ngay!,"Quy tắc cấp đông và rã đông đồ ăn dặm chuẩn vi sinh giữ trọn 95% vitamin! 👉 Follow Ăn dặm mẹ Dâu!
#andammeDau #andam #capdongdoandam #meovatmebim #chamsoccon","Quy Tắc Cấp Đông Đồ Ăn Dặm Chuẩn Y Khoa ❄️
Mẹ đi làm bận rộn hoàn toàn có thể nấu sẵn trữ đông nếu tuân thủ đúng 3 bước trong video này.
Lưu lại và follow @andammeDau ngay!
#andammeDau #andam #mebim #nuoiconkhoahoc","Quy tắc bảo quản và rã đông đồ ăn dặm chuẩn an toàn | Ăn dặm mẹ Dâu #Shorts
#Shorts #andammeDau #capdongdoandam"
26,10,22:00 - Tâm lý bàn ăn,Tâm lý & Chữa lành,Nuôi Con Không Phải Cuộc Chiến #26,Mỗi bữa ăn của con là niềm vui hay đang là một cuộc chiến căng thẳng trong gia đình mẹ?,"Thông điệp: Bố mẹ quyết định con ăn gì và ở đâu; Con quyết định con ăn bao nhiêu. Tôn trọng nhu cầu của con, không ép ăn, không so sánh cân nặng với con nhà người ta.",Một em bé vui vẻ ăn ngoan là đích đến hạnh phúc nhất. Ăn dặm mẹ Dâu luôn đồng hành cùng mẹ!,"Nuôi con là hạnh phúc, đừng biến bữa ăn thành cuộc chiến mẹ ơi! 👉 Follow Ăn dặm mẹ Dâu để tìm lại niềm vui chăm con nhé!
#andammeDau #andam #nuoiconkhongphailacuocchien #tamlymebim #mevabe","Thông Điệp Yêu Thương Gửi Mẹ Bỉm Sữa Cuối Ngày ❤️
Mỗi em bé là một cá thể độc lập với tốc độ lớn riêng. Mẹ đang làm rất tốt rồi, hãy ôm con thật chặt tối nay nhé.
Follow @andammeDau để cùng nhau nuôi con nhàn tênh!
#andammeDau #andam #chamsoccon #nuoiconkhoahoc","Nuôi con không phải là cuộc chiến | Ăn dặm mẹ Dâu #Shorts
#Shorts #andammeDau #nuoiconkhoahoc"
27,1,06:30 - Món chính sáng,Thực đơn chính,Cháo Dinh Dưỡng Ngày 27 Cho Bé,Sáng nay nấu gì cho con nhanh mà đủ 4 nhóm chất? Mẹ nấu ngay món cháo ngày 27 này nhé.,Bước 1: Nấu cháo trắng tỷ lệ phù hợp tháng tuổi. Bước 2: Thêm đạm tươi băm nhuyễn mịn. Bước 3: Cho rau củ thái nhỏ nấu chín mềm. Bước 4: Tắt bếp và thêm 5ml dầu ăn dặm.,Lưu lại thực đơn ngày hôm nay và theo dõi Ăn dặm mẹ Dâu để xem món tiếp theo!,"Gợi ý bữa sáng dinh dưỡng ngày 27 cho bé ăn dặm ngon miệng! 👉 Follow Ăn dặm mẹ Dâu ngay!
#andammeDau #andam #thucdonandam #monngonchobe #mevabe","Thực Đơn Bữa Sáng Ngày 27 Đủ 4 Nhóm Chất 🥣
Bữa sáng cung cấp năng lượng cho cả ngày hoạt động của bé. Mẹ tham khảo ngay công thức trong video nhé.
Follow @andammeDau để nhận thực đơn mỗi ngày!
#andammeDau #andam #nuoiconkhoahoc #chamsoccon","Món cháo dinh dưỡng bữa sáng ngày 27 cho bé | Ăn dặm mẹ Dâu #Shorts
#Shorts #andammeDau #andam"
27,2,08:30 - Check nhanh thực phẩm,Check thực phẩm 15s,Bé Mấy Tháng Ăn Được Món Này?,Bé mấy tháng thì bắt đầu ăn được nguyên liệu này? Xem ngay 15 giây để không cho con ăn sai thời điểm!,"Nguyên tắc: Rau củ ngọt từ 6 tháng, thịt đỏ từ 7 tháng, tôm cá từ 8 tháng, lòng trắng trứng sau 9 tháng, hải sản vỏ cứng sau 10 tháng và sữa tươi sau 1 tuổi.",Mẹ đang phân vân món nào hãy để lại bình luận phía dưới nhé. Follow Ăn dặm mẹ Dâu ngay!,"Check nhanh thời điểm ăn an toàn cho bé! Tránh cho con ăn quá sớm hại dạ dày nhé! 👉 Follow Ăn dặm mẹ Dâu!
#andammeDau #andam #checkthucpham #mebimthongthai #chamsoccon","Bé Mấy Tháng Ăn Được Món Này? Check Nhanh Cùng Mẹ Dâu ⏱️
Cho bé ăn đúng độ tuổi giúp phòng ngừa dị ứng và bảo vệ hệ tiêu hóa non nớt.
Follow @andammeDau để tra cứu thực phẩm mỗi ngày!
#andammeDau #andam #suckhoebe #nuoiconkhoahoc","Check nhanh độ tuổi ăn dặm an toàn cho bé | Ăn dặm mẹ Dâu #Shorts
#Shorts #andammeDau #checkthucpham"
27,3,10:30 - Kỹ năng tăng thô,Kỹ năng & Tăng thô,Mẹo Tăng Thô An Toàn Ngày 27,Bé lười nhai hay nôn trớ khi tăng thô? Mẹ áp dụng ngay kỹ thuật tập cơ hàm này.,Kỹ thuật 1: Giảm tỷ lệ nước trong cháo từ từ. Kỹ thuật 2: Hấp rau củ mềm dạng que cho bé tự cầm cắn bằng nướu. Kỹ thuật 3: Kiên nhẫn giới thiệu món mới ít nhất 5 đến 7 lần.,Tăng thô đúng cách giúp con phát triển ngôn ngữ và cơ hàm tốt hơn. Theo dõi Ăn dặm mẹ Dâu ngay!,"Mẹo tăng độ thô an toàn cho bé không lo nôn trớ! Tập nhai chuẩn khoa học! 👉 Follow Ăn dặm mẹ Dâu!
#andammeDau #andam #tangdotho #tapnhai #blwvietnam","Kỹ Thuật Tăng Thô Không Nôn Trớ Cho Bé Ăn Dặm 👶
Cửa sổ vàng tập nhai là 7-9 tháng, đừng xay nhuyễn quá lâu mẹ nhé.
Lưu lại và follow @andammeDau ngay!
#andammeDau #andam #chamsoccon #nuoiconkhoahoc","Mẹo tăng độ thô và tập nhai an toàn cho bé | Ăn dặm mẹ Dâu #Shorts
#Shorts #andammeDau #tangdotho"
27,4,12:00 - Giải mã lầm tưởng,Khoa học & Lầm tưởng,Giải Mã Lầm Tưởng Ăn Dặm #27,Những quan niệm truyền miệng sai lầm khi nấu ăn dặm đang làm hại sức khỏe của bé!,Sự thật y khoa: Không nêm mắm muối dưới 1 tuổi; Không ninh xương lấy nước thay thịt; Không rơ lưỡi bằng mật ong; Không ép ăn khi con đã quay đầu.,Nuôi con bằng tri thức và tình yêu thương mẹ nhé. Theo dõi Ăn dặm mẹ Dâu để cập nhật kiến thức chuẩn!,"Giải mã lầm tưởng kinh điển khi nuôi con ăn dặm! Mẹ bỉm thông thái nhất định phải biết! 👉 Follow Ăn dặm mẹ Dâu!
#andammeDau #andam #khoahocandam #lamtuongandam #mevabe","Sự Thật Y Khoa: Những Lầm Tưởng Khi Cho Bé Ăn Dặm 🚫
Hãy từ bỏ những thói quen truyền miệng thiếu khoa học để bảo vệ con yêu.
Follow @andammeDau ngay hôm nay!
#andammeDau #andam #nuoiconkhoahoc #mebimthongthai","Giải mã lầm tưởng tai hại khi cho bé ăn dặm | Ăn dặm mẹ Dâu #Shorts
#Shorts #andammeDau #khoahocandam"
27,5,14:30 - Bữa phụ & Bánh,Bữa phụ dinh dưỡng,Món Bánh Ăn Dặm Ngày 27,"Bữa phụ chiều thơm lừng cho bé mà không cần lò nướng, làm trong 10 phút!","Nguyên liệu: Chuối tiêu chín, yến mạch cán dẹt và lòng đỏ trứng gà. Cách làm: Xay mịn hỗn hợp, áp chảo lửa nhỏ 3 phút mỗi mặt cho bánh vàng ruộm mềm xốp.",Bánh ngọt tự nhiên bé cầm ăn cực thích. Bấm theo dõi Ăn dặm mẹ Dâu để xem thêm nhiều món bánh ngon!,"Công thức bánh ăn dặm thơm ngon cho bữa phụ chiều của bé! Siêu dễ làm tại nhà! 👉 Follow Ăn dặm mẹ Dâu!
#andammeDau #andam #banhandam #buaphuchobe #monngonchobe","Bánh Ăn Dặm Bữa Phụ Cho Bé Siêu Dễ Làm 🥞
Bữa phụ cách bữa chính 2 tiếng giúp bổ sung năng lượng mà không làm đầy bụng.
Lưu lại và follow @andammeDau ngay!
#andammeDau #andam #buaphu #chamsoccon","Cách làm bánh ăn dặm bữa phụ nhanh gọn cho bé | Ăn dặm mẹ Dâu #Shorts
#Shorts #andammeDau #banhandam"
27,6,16:30 - Tiêu hóa & Biếng ăn,Tiêu hóa SOS,Cứu Cánh Tiêu Hóa Cho Bé #27,"Bé bị táo bón, phân sống hoặc đột ngột biếng ăn? Mẹ xử lý ngay theo hướng dẫn này.","Bước 1: Bổ sung chất xơ hòa tan từ mồng tơi, khoai lang, thanh long đỏ. Bước 2: Massage bụng theo chiều kim đồng hồ 5 phút mỗi ngày. Bước 3: Cho uống đủ nước và duy trì cữ sữa chuẩn.",Hệ tiêu hóa khỏe thì con mới tăng cân đều đặn mẹ nhé. Theo dõi Ăn dặm mẹ Dâu ngay!,"Giải cứu bé bị táo bón, khó tiêu cực nhanh! Mẹo dân gian kết hợp khoa học! 👉 Follow Ăn dặm mẹ Dâu!
#andammeDau #andam #taobon #tieuhoakhoe #mevabe","Xử Lý Táo Bón Và Rối Loạn Tiêu Hóa Ở Trẻ Ăn Dặm 🚼
Đừng vội thụt tháo, hãy điều chỉnh từ chế độ ăn giàu chất xơ và massage bụng cho bé nhé.
Follow @andammeDau để xem chi tiết!
#andammeDau #andam #suckhoebe #chamsoccon","Mẹo trị táo bón và ổn định tiêu hóa cho bé ăn dặm | Ăn dặm mẹ Dâu #Shorts
#Shorts #andammeDau #taobon"
27,7,18:30 - Món chính tối,Thực đơn tối,Món Cháo Tối Ấm Bụng Ngày 27,"Bữa tối nhẹ nhàng, ấm bụng giúp bé no lâu và ngủ xuyên đêm không quấy khóc.","Gợi ý: Súp gà hạt sen bí đỏ sánh mịn hoặc cháo cá hồi cải bó xôi. Nấu chín nhừ, dễ tiêu hóa, không gây đầy bụng trước giờ đi ngủ.",Cho bé ăn tối trước giờ ngủ ít nhất 1.5 đến 2 tiếng mẹ nhé. Theo dõi Ăn dặm mẹ Dâu ngay!,"Thực đơn bữa tối ấm bụng giúp bé ngủ ngon sâu giấc cả đêm! 👉 Follow Ăn dặm mẹ Dâu!
#andammeDau #andam #thucdontoi #chaobochobe #mevabe","Món Cháo Tối Nhẹ Bụng Giúp Bé Ngủ Xuyên Đêm 🌙
Bữa tối không nên cho ăn quá no hoặc quá nhiều đạm khó tiêu. Mẹ tham khảo công thức trong video nhé.
Lưu lại và follow @andammeDau ngay!
#andammeDau #andam #monngonchobe #chamsoccon","Thực đơn cháo tối ấm bụng cho bé ngủ sâu giấc | Ăn dặm mẹ Dâu #Shorts
#Shorts #andammeDau #thucdonandam"
27,8,20:00 - Bổ sung Vi chất,Vi chất chuẩn RNI,Bổ Sung Vi Chất Đúng Liều #27,"Uống D3K2, Sắt, Canxi thế nào để hấp thu 100% mà không bị nóng trong hay táo bón?","Quy tắc: D3K2 uống buổi sáng cùng chất béo. Sắt uống lúc bụng đói cách xa cữ sữa. Canxi chỉ uống sáng hoặc trưa, không uống tối. Kẽm uống sau ăn 30 phút.",Đúng thời điểm và đúng liều lượng là chìa khóa phát triển chiều cao. Theo dõi Ăn dặm mẹ Dâu ngay!,"Thời điểm vàng bổ sung vi chất cho bé phát triển chiều cao vượt trội! 👉 Follow Ăn dặm mẹ Dâu!
#andammeDau #andam #d3k2 #bosungcanxi #vichatchobe","Thời Điểm Vàng Bổ Sung Vitamin D3K2, Sắt, Canxi Cho Bé 💊
Uống sai thời điểm không những không hấp thu mà còn gây lắng đọng thận. Mẹ xem kỹ hướng dẫn nhé.
Follow @andammeDau ngay hôm nay!
#andammeDau #andam #nuoiconkhoahoc #suckhoebe","Bảng thời điểm vàng bổ sung vi chất cho trẻ nhỏ | Ăn dặm mẹ Dâu #Shorts
#Shorts #andammeDau #vichatchobe"
27,9,21:00 - Bảo quản & Dụng cụ,Bảo quản & Dụng cụ,Mẹo Trữ Đông Thực Phẩm Ngày 27,Bảo quản đồ ăn dặm sai cách khiến vi khuẩn sinh sôi gấp 10 lần! Mẹ xem ngay quy tắc an toàn.,Lưu ý: Thức ăn nấu xong để nguội chia khay trữ đông ngay. Ngăn mát dùng trong 24 đến 48 giờ. Ngăn đông dùng trong 2 tuần. Tuyệt đối không tái cấp đông đồ đã rã đông.,Vệ sinh an toàn là nền tảng cho sức khỏe của con. Bấm theo dõi Ăn dặm mẹ Dâu ngay!,"Quy tắc cấp đông và rã đông đồ ăn dặm chuẩn vi sinh giữ trọn 95% vitamin! 👉 Follow Ăn dặm mẹ Dâu!
#andammeDau #andam #capdongdoandam #meovatmebim #chamsoccon","Quy Tắc Cấp Đông Đồ Ăn Dặm Chuẩn Y Khoa ❄️
Mẹ đi làm bận rộn hoàn toàn có thể nấu sẵn trữ đông nếu tuân thủ đúng 3 bước trong video này.
Lưu lại và follow @andammeDau ngay!
#andammeDau #andam #mebim #nuoiconkhoahoc","Quy tắc bảo quản và rã đông đồ ăn dặm chuẩn an toàn | Ăn dặm mẹ Dâu #Shorts
#Shorts #andammeDau #capdongdoandam"
27,10,22:00 - Tâm lý bàn ăn,Tâm lý & Chữa lành,Nuôi Con Không Phải Cuộc Chiến #27,Mỗi bữa ăn của con là niềm vui hay đang là một cuộc chiến căng thẳng trong gia đình mẹ?,"Thông điệp: Bố mẹ quyết định con ăn gì và ở đâu; Con quyết định con ăn bao nhiêu. Tôn trọng nhu cầu của con, không ép ăn, không so sánh cân nặng với con nhà người ta.",Một em bé vui vẻ ăn ngoan là đích đến hạnh phúc nhất. Ăn dặm mẹ Dâu luôn đồng hành cùng mẹ!,"Nuôi con là hạnh phúc, đừng biến bữa ăn thành cuộc chiến mẹ ơi! 👉 Follow Ăn dặm mẹ Dâu để tìm lại niềm vui chăm con nhé!
#andammeDau #andam #nuoiconkhongphailacuocchien #tamlymebim #mevabe","Thông Điệp Yêu Thương Gửi Mẹ Bỉm Sữa Cuối Ngày ❤️
Mỗi em bé là một cá thể độc lập với tốc độ lớn riêng. Mẹ đang làm rất tốt rồi, hãy ôm con thật chặt tối nay nhé.
Follow @andammeDau để cùng nhau nuôi con nhàn tênh!
#andammeDau #andam #chamsoccon #nuoiconkhoahoc","Nuôi con không phải là cuộc chiến | Ăn dặm mẹ Dâu #Shorts
#Shorts #andammeDau #nuoiconkhoahoc"
28,1,06:30 - Món chính sáng,Thực đơn chính,Cháo Dinh Dưỡng Ngày 28 Cho Bé,Sáng nay nấu gì cho con nhanh mà đủ 4 nhóm chất? Mẹ nấu ngay món cháo ngày 28 này nhé.,Bước 1: Nấu cháo trắng tỷ lệ phù hợp tháng tuổi. Bước 2: Thêm đạm tươi băm nhuyễn mịn. Bước 3: Cho rau củ thái nhỏ nấu chín mềm. Bước 4: Tắt bếp và thêm 5ml dầu ăn dặm.,Lưu lại thực đơn ngày hôm nay và theo dõi Ăn dặm mẹ Dâu để xem món tiếp theo!,"Gợi ý bữa sáng dinh dưỡng ngày 28 cho bé ăn dặm ngon miệng! 👉 Follow Ăn dặm mẹ Dâu ngay!
#andammeDau #andam #thucdonandam #monngonchobe #mevabe","Thực Đơn Bữa Sáng Ngày 28 Đủ 4 Nhóm Chất 🥣
Bữa sáng cung cấp năng lượng cho cả ngày hoạt động của bé. Mẹ tham khảo ngay công thức trong video nhé.
Follow @andammeDau để nhận thực đơn mỗi ngày!
#andammeDau #andam #nuoiconkhoahoc #chamsoccon","Món cháo dinh dưỡng bữa sáng ngày 28 cho bé | Ăn dặm mẹ Dâu #Shorts
#Shorts #andammeDau #andam"
28,2,08:30 - Check nhanh thực phẩm,Check thực phẩm 15s,Bé Mấy Tháng Ăn Được Món Này?,Bé mấy tháng thì bắt đầu ăn được nguyên liệu này? Xem ngay 15 giây để không cho con ăn sai thời điểm!,"Nguyên tắc: Rau củ ngọt từ 6 tháng, thịt đỏ từ 7 tháng, tôm cá từ 8 tháng, lòng trắng trứng sau 9 tháng, hải sản vỏ cứng sau 10 tháng và sữa tươi sau 1 tuổi.",Mẹ đang phân vân món nào hãy để lại bình luận phía dưới nhé. Follow Ăn dặm mẹ Dâu ngay!,"Check nhanh thời điểm ăn an toàn cho bé! Tránh cho con ăn quá sớm hại dạ dày nhé! 👉 Follow Ăn dặm mẹ Dâu!
#andammeDau #andam #checkthucpham #mebimthongthai #chamsoccon","Bé Mấy Tháng Ăn Được Món Này? Check Nhanh Cùng Mẹ Dâu ⏱️
Cho bé ăn đúng độ tuổi giúp phòng ngừa dị ứng và bảo vệ hệ tiêu hóa non nớt.
Follow @andammeDau để tra cứu thực phẩm mỗi ngày!
#andammeDau #andam #suckhoebe #nuoiconkhoahoc","Check nhanh độ tuổi ăn dặm an toàn cho bé | Ăn dặm mẹ Dâu #Shorts
#Shorts #andammeDau #checkthucpham"
28,3,10:30 - Kỹ năng tăng thô,Kỹ năng & Tăng thô,Mẹo Tăng Thô An Toàn Ngày 28,Bé lười nhai hay nôn trớ khi tăng thô? Mẹ áp dụng ngay kỹ thuật tập cơ hàm này.,Kỹ thuật 1: Giảm tỷ lệ nước trong cháo từ từ. Kỹ thuật 2: Hấp rau củ mềm dạng que cho bé tự cầm cắn bằng nướu. Kỹ thuật 3: Kiên nhẫn giới thiệu món mới ít nhất 5 đến 7 lần.,Tăng thô đúng cách giúp con phát triển ngôn ngữ và cơ hàm tốt hơn. Theo dõi Ăn dặm mẹ Dâu ngay!,"Mẹo tăng độ thô an toàn cho bé không lo nôn trớ! Tập nhai chuẩn khoa học! 👉 Follow Ăn dặm mẹ Dâu!
#andammeDau #andam #tangdotho #tapnhai #blwvietnam","Kỹ Thuật Tăng Thô Không Nôn Trớ Cho Bé Ăn Dặm 👶
Cửa sổ vàng tập nhai là 7-9 tháng, đừng xay nhuyễn quá lâu mẹ nhé.
Lưu lại và follow @andammeDau ngay!
#andammeDau #andam #chamsoccon #nuoiconkhoahoc","Mẹo tăng độ thô và tập nhai an toàn cho bé | Ăn dặm mẹ Dâu #Shorts
#Shorts #andammeDau #tangdotho"
28,4,12:00 - Giải mã lầm tưởng,Khoa học & Lầm tưởng,Giải Mã Lầm Tưởng Ăn Dặm #28,Những quan niệm truyền miệng sai lầm khi nấu ăn dặm đang làm hại sức khỏe của bé!,Sự thật y khoa: Không nêm mắm muối dưới 1 tuổi; Không ninh xương lấy nước thay thịt; Không rơ lưỡi bằng mật ong; Không ép ăn khi con đã quay đầu.,Nuôi con bằng tri thức và tình yêu thương mẹ nhé. Theo dõi Ăn dặm mẹ Dâu để cập nhật kiến thức chuẩn!,"Giải mã lầm tưởng kinh điển khi nuôi con ăn dặm! Mẹ bỉm thông thái nhất định phải biết! 👉 Follow Ăn dặm mẹ Dâu!
#andammeDau #andam #khoahocandam #lamtuongandam #mevabe","Sự Thật Y Khoa: Những Lầm Tưởng Khi Cho Bé Ăn Dặm 🚫
Hãy từ bỏ những thói quen truyền miệng thiếu khoa học để bảo vệ con yêu.
Follow @andammeDau ngay hôm nay!
#andammeDau #andam #nuoiconkhoahoc #mebimthongthai","Giải mã lầm tưởng tai hại khi cho bé ăn dặm | Ăn dặm mẹ Dâu #Shorts
#Shorts #andammeDau #khoahocandam"
28,5,14:30 - Bữa phụ & Bánh,Bữa phụ dinh dưỡng,Món Bánh Ăn Dặm Ngày 28,"Bữa phụ chiều thơm lừng cho bé mà không cần lò nướng, làm trong 10 phút!","Nguyên liệu: Chuối tiêu chín, yến mạch cán dẹt và lòng đỏ trứng gà. Cách làm: Xay mịn hỗn hợp, áp chảo lửa nhỏ 3 phút mỗi mặt cho bánh vàng ruộm mềm xốp.",Bánh ngọt tự nhiên bé cầm ăn cực thích. Bấm theo dõi Ăn dặm mẹ Dâu để xem thêm nhiều món bánh ngon!,"Công thức bánh ăn dặm thơm ngon cho bữa phụ chiều của bé! Siêu dễ làm tại nhà! 👉 Follow Ăn dặm mẹ Dâu!
#andammeDau #andam #banhandam #buaphuchobe #monngonchobe","Bánh Ăn Dặm Bữa Phụ Cho Bé Siêu Dễ Làm 🥞
Bữa phụ cách bữa chính 2 tiếng giúp bổ sung năng lượng mà không làm đầy bụng.
Lưu lại và follow @andammeDau ngay!
#andammeDau #andam #buaphu #chamsoccon","Cách làm bánh ăn dặm bữa phụ nhanh gọn cho bé | Ăn dặm mẹ Dâu #Shorts
#Shorts #andammeDau #banhandam"
28,6,16:30 - Tiêu hóa & Biếng ăn,Tiêu hóa SOS,Cứu Cánh Tiêu Hóa Cho Bé #28,"Bé bị táo bón, phân sống hoặc đột ngột biếng ăn? Mẹ xử lý ngay theo hướng dẫn này.","Bước 1: Bổ sung chất xơ hòa tan từ mồng tơi, khoai lang, thanh long đỏ. Bước 2: Massage bụng theo chiều kim đồng hồ 5 phút mỗi ngày. Bước 3: Cho uống đủ nước và duy trì cữ sữa chuẩn.",Hệ tiêu hóa khỏe thì con mới tăng cân đều đặn mẹ nhé. Theo dõi Ăn dặm mẹ Dâu ngay!,"Giải cứu bé bị táo bón, khó tiêu cực nhanh! Mẹo dân gian kết hợp khoa học! 👉 Follow Ăn dặm mẹ Dâu!
#andammeDau #andam #taobon #tieuhoakhoe #mevabe","Xử Lý Táo Bón Và Rối Loạn Tiêu Hóa Ở Trẻ Ăn Dặm 🚼
Đừng vội thụt tháo, hãy điều chỉnh từ chế độ ăn giàu chất xơ và massage bụng cho bé nhé.
Follow @andammeDau để xem chi tiết!
#andammeDau #andam #suckhoebe #chamsoccon","Mẹo trị táo bón và ổn định tiêu hóa cho bé ăn dặm | Ăn dặm mẹ Dâu #Shorts
#Shorts #andammeDau #taobon"
28,7,18:30 - Món chính tối,Thực đơn tối,Món Cháo Tối Ấm Bụng Ngày 28,"Bữa tối nhẹ nhàng, ấm bụng giúp bé no lâu và ngủ xuyên đêm không quấy khóc.","Gợi ý: Súp gà hạt sen bí đỏ sánh mịn hoặc cháo cá hồi cải bó xôi. Nấu chín nhừ, dễ tiêu hóa, không gây đầy bụng trước giờ đi ngủ.",Cho bé ăn tối trước giờ ngủ ít nhất 1.5 đến 2 tiếng mẹ nhé. Theo dõi Ăn dặm mẹ Dâu ngay!,"Thực đơn bữa tối ấm bụng giúp bé ngủ ngon sâu giấc cả đêm! 👉 Follow Ăn dặm mẹ Dâu!
#andammeDau #andam #thucdontoi #chaobochobe #mevabe","Món Cháo Tối Nhẹ Bụng Giúp Bé Ngủ Xuyên Đêm 🌙
Bữa tối không nên cho ăn quá no hoặc quá nhiều đạm khó tiêu. Mẹ tham khảo công thức trong video nhé.
Lưu lại và follow @andammeDau ngay!
#andammeDau #andam #monngonchobe #chamsoccon","Thực đơn cháo tối ấm bụng cho bé ngủ sâu giấc | Ăn dặm mẹ Dâu #Shorts
#Shorts #andammeDau #thucdonandam"
28,8,20:00 - Bổ sung Vi chất,Vi chất chuẩn RNI,Bổ Sung Vi Chất Đúng Liều #28,"Uống D3K2, Sắt, Canxi thế nào để hấp thu 100% mà không bị nóng trong hay táo bón?","Quy tắc: D3K2 uống buổi sáng cùng chất béo. Sắt uống lúc bụng đói cách xa cữ sữa. Canxi chỉ uống sáng hoặc trưa, không uống tối. Kẽm uống sau ăn 30 phút.",Đúng thời điểm và đúng liều lượng là chìa khóa phát triển chiều cao. Theo dõi Ăn dặm mẹ Dâu ngay!,"Thời điểm vàng bổ sung vi chất cho bé phát triển chiều cao vượt trội! 👉 Follow Ăn dặm mẹ Dâu!
#andammeDau #andam #d3k2 #bosungcanxi #vichatchobe","Thời Điểm Vàng Bổ Sung Vitamin D3K2, Sắt, Canxi Cho Bé 💊
Uống sai thời điểm không những không hấp thu mà còn gây lắng đọng thận. Mẹ xem kỹ hướng dẫn nhé.
Follow @andammeDau ngay hôm nay!
#andammeDau #andam #nuoiconkhoahoc #suckhoebe","Bảng thời điểm vàng bổ sung vi chất cho trẻ nhỏ | Ăn dặm mẹ Dâu #Shorts
#Shorts #andammeDau #vichatchobe"
28,9,21:00 - Bảo quản & Dụng cụ,Bảo quản & Dụng cụ,Mẹo Trữ Đông Thực Phẩm Ngày 28,Bảo quản đồ ăn dặm sai cách khiến vi khuẩn sinh sôi gấp 10 lần! Mẹ xem ngay quy tắc an toàn.,Lưu ý: Thức ăn nấu xong để nguội chia khay trữ đông ngay. Ngăn mát dùng trong 24 đến 48 giờ. Ngăn đông dùng trong 2 tuần. Tuyệt đối không tái cấp đông đồ đã rã đông.,Vệ sinh an toàn là nền tảng cho sức khỏe của con. Bấm theo dõi Ăn dặm mẹ Dâu ngay!,"Quy tắc cấp đông và rã đông đồ ăn dặm chuẩn vi sinh giữ trọn 95% vitamin! 👉 Follow Ăn dặm mẹ Dâu!
#andammeDau #andam #capdongdoandam #meovatmebim #chamsoccon","Quy Tắc Cấp Đông Đồ Ăn Dặm Chuẩn Y Khoa ❄️
Mẹ đi làm bận rộn hoàn toàn có thể nấu sẵn trữ đông nếu tuân thủ đúng 3 bước trong video này.
Lưu lại và follow @andammeDau ngay!
#andammeDau #andam #mebim #nuoiconkhoahoc","Quy tắc bảo quản và rã đông đồ ăn dặm chuẩn an toàn | Ăn dặm mẹ Dâu #Shorts
#Shorts #andammeDau #capdongdoandam"
28,10,22:00 - Tâm lý bàn ăn,Tâm lý & Chữa lành,Nuôi Con Không Phải Cuộc Chiến #28,Mỗi bữa ăn của con là niềm vui hay đang là một cuộc chiến căng thẳng trong gia đình mẹ?,"Thông điệp: Bố mẹ quyết định con ăn gì và ở đâu; Con quyết định con ăn bao nhiêu. Tôn trọng nhu cầu của con, không ép ăn, không so sánh cân nặng với con nhà người ta.",Một em bé vui vẻ ăn ngoan là đích đến hạnh phúc nhất. Ăn dặm mẹ Dâu luôn đồng hành cùng mẹ!,"Nuôi con là hạnh phúc, đừng biến bữa ăn thành cuộc chiến mẹ ơi! 👉 Follow Ăn dặm mẹ Dâu để tìm lại niềm vui chăm con nhé!
#andammeDau #andam #nuoiconkhongphailacuocchien #tamlymebim #mevabe","Thông Điệp Yêu Thương Gửi Mẹ Bỉm Sữa Cuối Ngày ❤️
Mỗi em bé là một cá thể độc lập với tốc độ lớn riêng. Mẹ đang làm rất tốt rồi, hãy ôm con thật chặt tối nay nhé.
Follow @andammeDau để cùng nhau nuôi con nhàn tênh!
#andammeDau #andam #chamsoccon #nuoiconkhoahoc","Nuôi con không phải là cuộc chiến | Ăn dặm mẹ Dâu #Shorts
#Shorts #andammeDau #nuoiconkhoahoc"
29,1,06:30 - Món chính sáng,Thực đơn chính,Cháo Dinh Dưỡng Ngày 29 Cho Bé,Sáng nay nấu gì cho con nhanh mà đủ 4 nhóm chất? Mẹ nấu ngay món cháo ngày 29 này nhé.,Bước 1: Nấu cháo trắng tỷ lệ phù hợp tháng tuổi. Bước 2: Thêm đạm tươi băm nhuyễn mịn. Bước 3: Cho rau củ thái nhỏ nấu chín mềm. Bước 4: Tắt bếp và thêm 5ml dầu ăn dặm.,Lưu lại thực đơn ngày hôm nay và theo dõi Ăn dặm mẹ Dâu để xem món tiếp theo!,"Gợi ý bữa sáng dinh dưỡng ngày 29 cho bé ăn dặm ngon miệng! 👉 Follow Ăn dặm mẹ Dâu ngay!
#andammeDau #andam #thucdonandam #monngonchobe #mevabe","Thực Đơn Bữa Sáng Ngày 29 Đủ 4 Nhóm Chất 🥣
Bữa sáng cung cấp năng lượng cho cả ngày hoạt động của bé. Mẹ tham khảo ngay công thức trong video nhé.
Follow @andammeDau để nhận thực đơn mỗi ngày!
#andammeDau #andam #nuoiconkhoahoc #chamsoccon","Món cháo dinh dưỡng bữa sáng ngày 29 cho bé | Ăn dặm mẹ Dâu #Shorts
#Shorts #andammeDau #andam"
29,2,08:30 - Check nhanh thực phẩm,Check thực phẩm 15s,Bé Mấy Tháng Ăn Được Món Này?,Bé mấy tháng thì bắt đầu ăn được nguyên liệu này? Xem ngay 15 giây để không cho con ăn sai thời điểm!,"Nguyên tắc: Rau củ ngọt từ 6 tháng, thịt đỏ từ 7 tháng, tôm cá từ 8 tháng, lòng trắng trứng sau 9 tháng, hải sản vỏ cứng sau 10 tháng và sữa tươi sau 1 tuổi.",Mẹ đang phân vân món nào hãy để lại bình luận phía dưới nhé. Follow Ăn dặm mẹ Dâu ngay!,"Check nhanh thời điểm ăn an toàn cho bé! Tránh cho con ăn quá sớm hại dạ dày nhé! 👉 Follow Ăn dặm mẹ Dâu!
#andammeDau #andam #checkthucpham #mebimthongthai #chamsoccon","Bé Mấy Tháng Ăn Được Món Này? Check Nhanh Cùng Mẹ Dâu ⏱️
Cho bé ăn đúng độ tuổi giúp phòng ngừa dị ứng và bảo vệ hệ tiêu hóa non nớt.
Follow @andammeDau để tra cứu thực phẩm mỗi ngày!
#andammeDau #andam #suckhoebe #nuoiconkhoahoc","Check nhanh độ tuổi ăn dặm an toàn cho bé | Ăn dặm mẹ Dâu #Shorts
#Shorts #andammeDau #checkthucpham"
29,3,10:30 - Kỹ năng tăng thô,Kỹ năng & Tăng thô,Mẹo Tăng Thô An Toàn Ngày 29,Bé lười nhai hay nôn trớ khi tăng thô? Mẹ áp dụng ngay kỹ thuật tập cơ hàm này.,Kỹ thuật 1: Giảm tỷ lệ nước trong cháo từ từ. Kỹ thuật 2: Hấp rau củ mềm dạng que cho bé tự cầm cắn bằng nướu. Kỹ thuật 3: Kiên nhẫn giới thiệu món mới ít nhất 5 đến 7 lần.,Tăng thô đúng cách giúp con phát triển ngôn ngữ và cơ hàm tốt hơn. Theo dõi Ăn dặm mẹ Dâu ngay!,"Mẹo tăng độ thô an toàn cho bé không lo nôn trớ! Tập nhai chuẩn khoa học! 👉 Follow Ăn dặm mẹ Dâu!
#andammeDau #andam #tangdotho #tapnhai #blwvietnam","Kỹ Thuật Tăng Thô Không Nôn Trớ Cho Bé Ăn Dặm 👶
Cửa sổ vàng tập nhai là 7-9 tháng, đừng xay nhuyễn quá lâu mẹ nhé.
Lưu lại và follow @andammeDau ngay!
#andammeDau #andam #chamsoccon #nuoiconkhoahoc","Mẹo tăng độ thô và tập nhai an toàn cho bé | Ăn dặm mẹ Dâu #Shorts
#Shorts #andammeDau #tangdotho"
29,4,12:00 - Giải mã lầm tưởng,Khoa học & Lầm tưởng,Giải Mã Lầm Tưởng Ăn Dặm #29,Những quan niệm truyền miệng sai lầm khi nấu ăn dặm đang làm hại sức khỏe của bé!,Sự thật y khoa: Không nêm mắm muối dưới 1 tuổi; Không ninh xương lấy nước thay thịt; Không rơ lưỡi bằng mật ong; Không ép ăn khi con đã quay đầu.,Nuôi con bằng tri thức và tình yêu thương mẹ nhé. Theo dõi Ăn dặm mẹ Dâu để cập nhật kiến thức chuẩn!,"Giải mã lầm tưởng kinh điển khi nuôi con ăn dặm! Mẹ bỉm thông thái nhất định phải biết! 👉 Follow Ăn dặm mẹ Dâu!
#andammeDau #andam #khoahocandam #lamtuongandam #mevabe","Sự Thật Y Khoa: Những Lầm Tưởng Khi Cho Bé Ăn Dặm 🚫
Hãy từ bỏ những thói quen truyền miệng thiếu khoa học để bảo vệ con yêu.
Follow @andammeDau ngay hôm nay!
#andammeDau #andam #nuoiconkhoahoc #mebimthongthai","Giải mã lầm tưởng tai hại khi cho bé ăn dặm | Ăn dặm mẹ Dâu #Shorts
#Shorts #andammeDau #khoahocandam"
29,5,14:30 - Bữa phụ & Bánh,Bữa phụ dinh dưỡng,Món Bánh Ăn Dặm Ngày 29,"Bữa phụ chiều thơm lừng cho bé mà không cần lò nướng, làm trong 10 phút!","Nguyên liệu: Chuối tiêu chín, yến mạch cán dẹt và lòng đỏ trứng gà. Cách làm: Xay mịn hỗn hợp, áp chảo lửa nhỏ 3 phút mỗi mặt cho bánh vàng ruộm mềm xốp.",Bánh ngọt tự nhiên bé cầm ăn cực thích. Bấm theo dõi Ăn dặm mẹ Dâu để xem thêm nhiều món bánh ngon!,"Công thức bánh ăn dặm thơm ngon cho bữa phụ chiều của bé! Siêu dễ làm tại nhà! 👉 Follow Ăn dặm mẹ Dâu!
#andammeDau #andam #banhandam #buaphuchobe #monngonchobe","Bánh Ăn Dặm Bữa Phụ Cho Bé Siêu Dễ Làm 🥞
Bữa phụ cách bữa chính 2 tiếng giúp bổ sung năng lượng mà không làm đầy bụng.
Lưu lại và follow @andammeDau ngay!
#andammeDau #andam #buaphu #chamsoccon","Cách làm bánh ăn dặm bữa phụ nhanh gọn cho bé | Ăn dặm mẹ Dâu #Shorts
#Shorts #andammeDau #banhandam"
29,6,16:30 - Tiêu hóa & Biếng ăn,Tiêu hóa SOS,Cứu Cánh Tiêu Hóa Cho Bé #29,"Bé bị táo bón, phân sống hoặc đột ngột biếng ăn? Mẹ xử lý ngay theo hướng dẫn này.","Bước 1: Bổ sung chất xơ hòa tan từ mồng tơi, khoai lang, thanh long đỏ. Bước 2: Massage bụng theo chiều kim đồng hồ 5 phút mỗi ngày. Bước 3: Cho uống đủ nước và duy trì cữ sữa chuẩn.",Hệ tiêu hóa khỏe thì con mới tăng cân đều đặn mẹ nhé. Theo dõi Ăn dặm mẹ Dâu ngay!,"Giải cứu bé bị táo bón, khó tiêu cực nhanh! Mẹo dân gian kết hợp khoa học! 👉 Follow Ăn dặm mẹ Dâu!
#andammeDau #andam #taobon #tieuhoakhoe #mevabe","Xử Lý Táo Bón Và Rối Loạn Tiêu Hóa Ở Trẻ Ăn Dặm 🚼
Đừng vội thụt tháo, hãy điều chỉnh từ chế độ ăn giàu chất xơ và massage bụng cho bé nhé.
Follow @andammeDau để xem chi tiết!
#andammeDau #andam #suckhoebe #chamsoccon","Mẹo trị táo bón và ổn định tiêu hóa cho bé ăn dặm | Ăn dặm mẹ Dâu #Shorts
#Shorts #andammeDau #taobon"
29,7,18:30 - Món chính tối,Thực đơn tối,Món Cháo Tối Ấm Bụng Ngày 29,"Bữa tối nhẹ nhàng, ấm bụng giúp bé no lâu và ngủ xuyên đêm không quấy khóc.","Gợi ý: Súp gà hạt sen bí đỏ sánh mịn hoặc cháo cá hồi cải bó xôi. Nấu chín nhừ, dễ tiêu hóa, không gây đầy bụng trước giờ đi ngủ.",Cho bé ăn tối trước giờ ngủ ít nhất 1.5 đến 2 tiếng mẹ nhé. Theo dõi Ăn dặm mẹ Dâu ngay!,"Thực đơn bữa tối ấm bụng giúp bé ngủ ngon sâu giấc cả đêm! 👉 Follow Ăn dặm mẹ Dâu!
#andammeDau #andam #thucdontoi #chaobochobe #mevabe","Món Cháo Tối Nhẹ Bụng Giúp Bé Ngủ Xuyên Đêm 🌙
Bữa tối không nên cho ăn quá no hoặc quá nhiều đạm khó tiêu. Mẹ tham khảo công thức trong video nhé.
Lưu lại và follow @andammeDau ngay!
#andammeDau #andam #monngonchobe #chamsoccon","Thực đơn cháo tối ấm bụng cho bé ngủ sâu giấc | Ăn dặm mẹ Dâu #Shorts
#Shorts #andammeDau #thucdonandam"
29,8,20:00 - Bổ sung Vi chất,Vi chất chuẩn RNI,Bổ Sung Vi Chất Đúng Liều #29,"Uống D3K2, Sắt, Canxi thế nào để hấp thu 100% mà không bị nóng trong hay táo bón?","Quy tắc: D3K2 uống buổi sáng cùng chất béo. Sắt uống lúc bụng đói cách xa cữ sữa. Canxi chỉ uống sáng hoặc trưa, không uống tối. Kẽm uống sau ăn 30 phút.",Đúng thời điểm và đúng liều lượng là chìa khóa phát triển chiều cao. Theo dõi Ăn dặm mẹ Dâu ngay!,"Thời điểm vàng bổ sung vi chất cho bé phát triển chiều cao vượt trội! 👉 Follow Ăn dặm mẹ Dâu!
#andammeDau #andam #d3k2 #bosungcanxi #vichatchobe","Thời Điểm Vàng Bổ Sung Vitamin D3K2, Sắt, Canxi Cho Bé 💊
Uống sai thời điểm không những không hấp thu mà còn gây lắng đọng thận. Mẹ xem kỹ hướng dẫn nhé.
Follow @andammeDau ngay hôm nay!
#andammeDau #andam #nuoiconkhoahoc #suckhoebe","Bảng thời điểm vàng bổ sung vi chất cho trẻ nhỏ | Ăn dặm mẹ Dâu #Shorts
#Shorts #andammeDau #vichatchobe"
29,9,21:00 - Bảo quản & Dụng cụ,Bảo quản & Dụng cụ,Mẹo Trữ Đông Thực Phẩm Ngày 29,Bảo quản đồ ăn dặm sai cách khiến vi khuẩn sinh sôi gấp 10 lần! Mẹ xem ngay quy tắc an toàn.,Lưu ý: Thức ăn nấu xong để nguội chia khay trữ đông ngay. Ngăn mát dùng trong 24 đến 48 giờ. Ngăn đông dùng trong 2 tuần. Tuyệt đối không tái cấp đông đồ đã rã đông.,Vệ sinh an toàn là nền tảng cho sức khỏe của con. Bấm theo dõi Ăn dặm mẹ Dâu ngay!,"Quy tắc cấp đông và rã đông đồ ăn dặm chuẩn vi sinh giữ trọn 95% vitamin! 👉 Follow Ăn dặm mẹ Dâu!
#andammeDau #andam #capdongdoandam #meovatmebim #chamsoccon","Quy Tắc Cấp Đông Đồ Ăn Dặm Chuẩn Y Khoa ❄️
Mẹ đi làm bận rộn hoàn toàn có thể nấu sẵn trữ đông nếu tuân thủ đúng 3 bước trong video này.
Lưu lại và follow @andammeDau ngay!
#andammeDau #andam #mebim #nuoiconkhoahoc","Quy tắc bảo quản và rã đông đồ ăn dặm chuẩn an toàn | Ăn dặm mẹ Dâu #Shorts
#Shorts #andammeDau #capdongdoandam"
29,10,22:00 - Tâm lý bàn ăn,Tâm lý & Chữa lành,Nuôi Con Không Phải Cuộc Chiến #29,Mỗi bữa ăn của con là niềm vui hay đang là một cuộc chiến căng thẳng trong gia đình mẹ?,"Thông điệp: Bố mẹ quyết định con ăn gì và ở đâu; Con quyết định con ăn bao nhiêu. Tôn trọng nhu cầu của con, không ép ăn, không so sánh cân nặng với con nhà người ta.",Một em bé vui vẻ ăn ngoan là đích đến hạnh phúc nhất. Ăn dặm mẹ Dâu luôn đồng hành cùng mẹ!,"Nuôi con là hạnh phúc, đừng biến bữa ăn thành cuộc chiến mẹ ơi! 👉 Follow Ăn dặm mẹ Dâu để tìm lại niềm vui chăm con nhé!
#andammeDau #andam #nuoiconkhongphailacuocchien #tamlymebim #mevabe","Thông Điệp Yêu Thương Gửi Mẹ Bỉm Sữa Cuối Ngày ❤️
Mỗi em bé là một cá thể độc lập với tốc độ lớn riêng. Mẹ đang làm rất tốt rồi, hãy ôm con thật chặt tối nay nhé.
Follow @andammeDau để cùng nhau nuôi con nhàn tênh!
#andammeDau #andam #chamsoccon #nuoiconkhoahoc","Nuôi con không phải là cuộc chiến | Ăn dặm mẹ Dâu #Shorts
#Shorts #andammeDau #nuoiconkhoahoc"
30,1,06:30 - Món chính sáng,Thực đơn chính,Cháo Dinh Dưỡng Ngày 30 Cho Bé,Sáng nay nấu gì cho con nhanh mà đủ 4 nhóm chất? Mẹ nấu ngay món cháo ngày 30 này nhé.,Bước 1: Nấu cháo trắng tỷ lệ phù hợp tháng tuổi. Bước 2: Thêm đạm tươi băm nhuyễn mịn. Bước 3: Cho rau củ thái nhỏ nấu chín mềm. Bước 4: Tắt bếp và thêm 5ml dầu ăn dặm.,Lưu lại thực đơn ngày hôm nay và theo dõi Ăn dặm mẹ Dâu để xem món tiếp theo!,"Gợi ý bữa sáng dinh dưỡng ngày 30 cho bé ăn dặm ngon miệng! 👉 Follow Ăn dặm mẹ Dâu ngay!
#andammeDau #andam #thucdonandam #monngonchobe #mevabe","Thực Đơn Bữa Sáng Ngày 30 Đủ 4 Nhóm Chất 🥣
Bữa sáng cung cấp năng lượng cho cả ngày hoạt động của bé. Mẹ tham khảo ngay công thức trong video nhé.
Follow @andammeDau để nhận thực đơn mỗi ngày!
#andammeDau #andam #nuoiconkhoahoc #chamsoccon","Món cháo dinh dưỡng bữa sáng ngày 30 cho bé | Ăn dặm mẹ Dâu #Shorts
#Shorts #andammeDau #andam"
30,2,08:30 - Check nhanh thực phẩm,Check thực phẩm 15s,Bé Mấy Tháng Ăn Được Món Này?,Bé mấy tháng thì bắt đầu ăn được nguyên liệu này? Xem ngay 15 giây để không cho con ăn sai thời điểm!,"Nguyên tắc: Rau củ ngọt từ 6 tháng, thịt đỏ từ 7 tháng, tôm cá từ 8 tháng, lòng trắng trứng sau 9 tháng, hải sản vỏ cứng sau 10 tháng và sữa tươi sau 1 tuổi.",Mẹ đang phân vân món nào hãy để lại bình luận phía dưới nhé. Follow Ăn dặm mẹ Dâu ngay!,"Check nhanh thời điểm ăn an toàn cho bé! Tránh cho con ăn quá sớm hại dạ dày nhé! 👉 Follow Ăn dặm mẹ Dâu!
#andammeDau #andam #checkthucpham #mebimthongthai #chamsoccon","Bé Mấy Tháng Ăn Được Món Này? Check Nhanh Cùng Mẹ Dâu ⏱️
Cho bé ăn đúng độ tuổi giúp phòng ngừa dị ứng và bảo vệ hệ tiêu hóa non nớt.
Follow @andammeDau để tra cứu thực phẩm mỗi ngày!
#andammeDau #andam #suckhoebe #nuoiconkhoahoc","Check nhanh độ tuổi ăn dặm an toàn cho bé | Ăn dặm mẹ Dâu #Shorts
#Shorts #andammeDau #checkthucpham"
30,3,10:30 - Kỹ năng tăng thô,Kỹ năng & Tăng thô,Mẹo Tăng Thô An Toàn Ngày 30,Bé lười nhai hay nôn trớ khi tăng thô? Mẹ áp dụng ngay kỹ thuật tập cơ hàm này.,Kỹ thuật 1: Giảm tỷ lệ nước trong cháo từ từ. Kỹ thuật 2: Hấp rau củ mềm dạng que cho bé tự cầm cắn bằng nướu. Kỹ thuật 3: Kiên nhẫn giới thiệu món mới ít nhất 5 đến 7 lần.,Tăng thô đúng cách giúp con phát triển ngôn ngữ và cơ hàm tốt hơn. Theo dõi Ăn dặm mẹ Dâu ngay!,"Mẹo tăng độ thô an toàn cho bé không lo nôn trớ! Tập nhai chuẩn khoa học! 👉 Follow Ăn dặm mẹ Dâu!
#andammeDau #andam #tangdotho #tapnhai #blwvietnam","Kỹ Thuật Tăng Thô Không Nôn Trớ Cho Bé Ăn Dặm 👶
Cửa sổ vàng tập nhai là 7-9 tháng, đừng xay nhuyễn quá lâu mẹ nhé.
Lưu lại và follow @andammeDau ngay!
#andammeDau #andam #chamsoccon #nuoiconkhoahoc","Mẹo tăng độ thô và tập nhai an toàn cho bé | Ăn dặm mẹ Dâu #Shorts
#Shorts #andammeDau #tangdotho"
30,4,12:00 - Giải mã lầm tưởng,Khoa học & Lầm tưởng,Giải Mã Lầm Tưởng Ăn Dặm #30,Những quan niệm truyền miệng sai lầm khi nấu ăn dặm đang làm hại sức khỏe của bé!,Sự thật y khoa: Không nêm mắm muối dưới 1 tuổi; Không ninh xương lấy nước thay thịt; Không rơ lưỡi bằng mật ong; Không ép ăn khi con đã quay đầu.,Nuôi con bằng tri thức và tình yêu thương mẹ nhé. Theo dõi Ăn dặm mẹ Dâu để cập nhật kiến thức chuẩn!,"Giải mã lầm tưởng kinh điển khi nuôi con ăn dặm! Mẹ bỉm thông thái nhất định phải biết! 👉 Follow Ăn dặm mẹ Dâu!
#andammeDau #andam #khoahocandam #lamtuongandam #mevabe","Sự Thật Y Khoa: Những Lầm Tưởng Khi Cho Bé Ăn Dặm 🚫
Hãy từ bỏ những thói quen truyền miệng thiếu khoa học để bảo vệ con yêu.
Follow @andammeDau ngay hôm nay!
#andammeDau #andam #nuoiconkhoahoc #mebimthongthai","Giải mã lầm tưởng tai hại khi cho bé ăn dặm | Ăn dặm mẹ Dâu #Shorts
#Shorts #andammeDau #khoahocandam"
30,5,14:30 - Bữa phụ & Bánh,Bữa phụ dinh dưỡng,Món Bánh Ăn Dặm Ngày 30,"Bữa phụ chiều thơm lừng cho bé mà không cần lò nướng, làm trong 10 phút!","Nguyên liệu: Chuối tiêu chín, yến mạch cán dẹt và lòng đỏ trứng gà. Cách làm: Xay mịn hỗn hợp, áp chảo lửa nhỏ 3 phút mỗi mặt cho bánh vàng ruộm mềm xốp.",Bánh ngọt tự nhiên bé cầm ăn cực thích. Bấm theo dõi Ăn dặm mẹ Dâu để xem thêm nhiều món bánh ngon!,"Công thức bánh ăn dặm thơm ngon cho bữa phụ chiều của bé! Siêu dễ làm tại nhà! 👉 Follow Ăn dặm mẹ Dâu!
#andammeDau #andam #banhandam #buaphuchobe #monngonchobe","Bánh Ăn Dặm Bữa Phụ Cho Bé Siêu Dễ Làm 🥞
Bữa phụ cách bữa chính 2 tiếng giúp bổ sung năng lượng mà không làm đầy bụng.
Lưu lại và follow @andammeDau ngay!
#andammeDau #andam #buaphu #chamsoccon","Cách làm bánh ăn dặm bữa phụ nhanh gọn cho bé | Ăn dặm mẹ Dâu #Shorts
#Shorts #andammeDau #banhandam"
30,6,16:30 - Tiêu hóa & Biếng ăn,Tiêu hóa SOS,Cứu Cánh Tiêu Hóa Cho Bé #30,"Bé bị táo bón, phân sống hoặc đột ngột biếng ăn? Mẹ xử lý ngay theo hướng dẫn này.","Bước 1: Bổ sung chất xơ hòa tan từ mồng tơi, khoai lang, thanh long đỏ. Bước 2: Massage bụng theo chiều kim đồng hồ 5 phút mỗi ngày. Bước 3: Cho uống đủ nước và duy trì cữ sữa chuẩn.",Hệ tiêu hóa khỏe thì con mới tăng cân đều đặn mẹ nhé. Theo dõi Ăn dặm mẹ Dâu ngay!,"Giải cứu bé bị táo bón, khó tiêu cực nhanh! Mẹo dân gian kết hợp khoa học! 👉 Follow Ăn dặm mẹ Dâu!
#andammeDau #andam #taobon #tieuhoakhoe #mevabe","Xử Lý Táo Bón Và Rối Loạn Tiêu Hóa Ở Trẻ Ăn Dặm 🚼
Đừng vội thụt tháo, hãy điều chỉnh từ chế độ ăn giàu chất xơ và massage bụng cho bé nhé.
Follow @andammeDau để xem chi tiết!
#andammeDau #andam #suckhoebe #chamsoccon","Mẹo trị táo bón và ổn định tiêu hóa cho bé ăn dặm | Ăn dặm mẹ Dâu #Shorts
#Shorts #andammeDau #taobon"
30,7,18:30 - Món chính tối,Thực đơn tối,Món Cháo Tối Ấm Bụng Ngày 30,"Bữa tối nhẹ nhàng, ấm bụng giúp bé no lâu và ngủ xuyên đêm không quấy khóc.","Gợi ý: Súp gà hạt sen bí đỏ sánh mịn hoặc cháo cá hồi cải bó xôi. Nấu chín nhừ, dễ tiêu hóa, không gây đầy bụng trước giờ đi ngủ.",Cho bé ăn tối trước giờ ngủ ít nhất 1.5 đến 2 tiếng mẹ nhé. Theo dõi Ăn dặm mẹ Dâu ngay!,"Thực đơn bữa tối ấm bụng giúp bé ngủ ngon sâu giấc cả đêm! 👉 Follow Ăn dặm mẹ Dâu!
#andammeDau #andam #thucdontoi #chaobochobe #mevabe","Món Cháo Tối Nhẹ Bụng Giúp Bé Ngủ Xuyên Đêm 🌙
Bữa tối không nên cho ăn quá no hoặc quá nhiều đạm khó tiêu. Mẹ tham khảo công thức trong video nhé.
Lưu lại và follow @andammeDau ngay!
#andammeDau #andam #monngonchobe #chamsoccon","Thực đơn cháo tối ấm bụng cho bé ngủ sâu giấc | Ăn dặm mẹ Dâu #Shorts
#Shorts #andammeDau #thucdonandam"
30,8,20:00 - Bổ sung Vi chất,Vi chất chuẩn RNI,Bổ Sung Vi Chất Đúng Liều #30,"Uống D3K2, Sắt, Canxi thế nào để hấp thu 100% mà không bị nóng trong hay táo bón?","Quy tắc: D3K2 uống buổi sáng cùng chất béo. Sắt uống lúc bụng đói cách xa cữ sữa. Canxi chỉ uống sáng hoặc trưa, không uống tối. Kẽm uống sau ăn 30 phút.",Đúng thời điểm và đúng liều lượng là chìa khóa phát triển chiều cao. Theo dõi Ăn dặm mẹ Dâu ngay!,"Thời điểm vàng bổ sung vi chất cho bé phát triển chiều cao vượt trội! 👉 Follow Ăn dặm mẹ Dâu!
#andammeDau #andam #d3k2 #bosungcanxi #vichatchobe","Thời Điểm Vàng Bổ Sung Vitamin D3K2, Sắt, Canxi Cho Bé 💊
Uống sai thời điểm không những không hấp thu mà còn gây lắng đọng thận. Mẹ xem kỹ hướng dẫn nhé.
Follow @andammeDau ngay hôm nay!
#andammeDau #andam #nuoiconkhoahoc #suckhoebe","Bảng thời điểm vàng bổ sung vi chất cho trẻ nhỏ | Ăn dặm mẹ Dâu #Shorts
#Shorts #andammeDau #vichatchobe"
30,9,21:00 - Bảo quản & Dụng cụ,Bảo quản & Dụng cụ,Mẹo Trữ Đông Thực Phẩm Ngày 30,Bảo quản đồ ăn dặm sai cách khiến vi khuẩn sinh sôi gấp 10 lần! Mẹ xem ngay quy tắc an toàn.,Lưu ý: Thức ăn nấu xong để nguội chia khay trữ đông ngay. Ngăn mát dùng trong 24 đến 48 giờ. Ngăn đông dùng trong 2 tuần. Tuyệt đối không tái cấp đông đồ đã rã đông.,Vệ sinh an toàn là nền tảng cho sức khỏe của con. Bấm theo dõi Ăn dặm mẹ Dâu ngay!,"Quy tắc cấp đông và rã đông đồ ăn dặm chuẩn vi sinh giữ trọn 95% vitamin! 👉 Follow Ăn dặm mẹ Dâu!
#andammeDau #andam #capdongdoandam #meovatmebim #chamsoccon","Quy Tắc Cấp Đông Đồ Ăn Dặm Chuẩn Y Khoa ❄️
Mẹ đi làm bận rộn hoàn toàn có thể nấu sẵn trữ đông nếu tuân thủ đúng 3 bước trong video này.
Lưu lại và follow @andammeDau ngay!
#andammeDau #andam #mebim #nuoiconkhoahoc","Quy tắc bảo quản và rã đông đồ ăn dặm chuẩn an toàn | Ăn dặm mẹ Dâu #Shorts
#Shorts #andammeDau #capdongdoandam"
30,10,22:00 - Tâm lý bàn ăn,Tâm lý & Chữa lành,Nuôi Con Không Phải Cuộc Chiến #30,Mỗi bữa ăn của con là niềm vui hay đang là một cuộc chiến căng thẳng trong gia đình mẹ?,"Thông điệp: Bố mẹ quyết định con ăn gì và ở đâu; Con quyết định con ăn bao nhiêu. Tôn trọng nhu cầu của con, không ép ăn, không so sánh cân nặng với con nhà người ta.",Một em bé vui vẻ ăn ngoan là đích đến hạnh phúc nhất. Ăn dặm mẹ Dâu luôn đồng hành cùng mẹ!,"Nuôi con là hạnh phúc, đừng biến bữa ăn thành cuộc chiến mẹ ơi! 👉 Follow Ăn dặm mẹ Dâu để tìm lại niềm vui chăm con nhé!
#andammeDau #andam #nuoiconkhongphailacuocchien #tamlymebim #mevabe","Thông Điệp Yêu Thương Gửi Mẹ Bỉm Sữa Cuối Ngày ❤️
Mỗi em bé là một cá thể độc lập với tốc độ lớn riêng. Mẹ đang làm rất tốt rồi, hãy ôm con thật chặt tối nay nhé.
Follow @andammeDau để cùng nhau nuôi con nhàn tênh!
#andammeDau #andam #chamsoccon #nuoiconkhoahoc","Nuôi con không phải là cuộc chiến | Ăn dặm mẹ Dâu #Shorts
#Shorts #andammeDau #nuoiconkhoahoc"
